ISO-10303-21;
HEADER;
FILE_DESCRIPTION(('FreeCAD Model'),'2;1');
FILE_NAME('Open CASCADE Shape Model','2025-01-10T20:10:24',(''),(''),
  'Open CASCADE STEP processor 7.8','FreeCAD','Unknown');
FILE_SCHEMA(('AUTOMOTIVE_DESIGN { 1 0 10303 214 1 1 1 1 }'));
ENDSEC;
DATA;
#1 = APPLICATION_PROTOCOL_DEFINITION('international standard',
  'automotive_design',2000,#2);
#2 = APPLICATION_CONTEXT(
  'core data for automotive mechanical design processes');
#3 = SHAPE_DEFINITION_REPRESENTATION(#4,#10);
#4 = PRODUCT_DEFINITION_SHAPE('','',#5);
#5 = PRODUCT_DEFINITION('design','',#6,#9);
#6 = PRODUCT_DEFINITION_FORMATION('','',#7);
#7 = PRODUCT('GX20-15 Jack','GX20-15 Jack','',(#8));
#8 = PRODUCT_CONTEXT('',#2,'mechanical');
#9 = PRODUCT_DEFINITION_CONTEXT('part definition',#2,'design');
#10 = SHAPE_REPRESENTATION('',(#11,#15,#19,#23,#27,#31,#35),#39);
#11 = AXIS2_PLACEMENT_3D('',#12,#13,#14);
#12 = CARTESIAN_POINT('',(0.,0.,0.));
#13 = DIRECTION('',(0.,0.,1.));
#14 = DIRECTION('',(1.,0.,-0.));
#15 = AXIS2_PLACEMENT_3D('',#16,#17,#18);
#16 = CARTESIAN_POINT('',(0.,0.,0.));
#17 = DIRECTION('',(0.,0.,1.));
#18 = DIRECTION('',(1.,0.,0.));
#19 = AXIS2_PLACEMENT_3D('',#20,#21,#22);
#20 = CARTESIAN_POINT('',(5.25,0.,0.));
#21 = DIRECTION('',(0.,0.,1.));
#22 = DIRECTION('',(1.,0.,0.));
#23 = AXIS2_PLACEMENT_3D('',#24,#25,#26);
#24 = CARTESIAN_POINT('',(2.750000000003,0.,0.));
#25 = DIRECTION('',(-0.,0.707106781187,0.707106781187));
#26 = DIRECTION('',(1.,0.,0.));
#27 = AXIS2_PLACEMENT_3D('',#28,#29,#30);
#28 = CARTESIAN_POINT('',(0.,0.,0.));
#29 = DIRECTION('',(0.,0.,1.));
#30 = DIRECTION('',(1.,0.,0.));
#31 = AXIS2_PLACEMENT_3D('',#32,#33,#34);
#32 = CARTESIAN_POINT('',(0.,0.,0.));
#33 = DIRECTION('',(0.,0.,1.));
#34 = DIRECTION('',(1.,0.,0.));
#35 = AXIS2_PLACEMENT_3D('',#36,#37,#38);
#36 = CARTESIAN_POINT('',(0.,0.,0.));
#37 = DIRECTION('',(0.,0.,1.));
#38 = DIRECTION('',(1.,0.,0.));
#39 = ( GEOMETRIC_REPRESENTATION_CONTEXT(3) 
GLOBAL_UNCERTAINTY_ASSIGNED_CONTEXT((#43)) GLOBAL_UNIT_ASSIGNED_CONTEXT(
(#40,#41,#42)) REPRESENTATION_CONTEXT('Context #1',
  '3D Context with UNIT and UNCERTAINTY') );
#40 = ( LENGTH_UNIT() NAMED_UNIT(*) SI_UNIT(.MILLI.,.METRE.) );
#41 = ( NAMED_UNIT(*) PLANE_ANGLE_UNIT() SI_UNIT($,.RADIAN.) );
#42 = ( NAMED_UNIT(*) SI_UNIT($,.STERADIAN.) SOLID_ANGLE_UNIT() );
#43 = UNCERTAINTY_MEASURE_WITH_UNIT(LENGTH_MEASURE(2.E-06),#40,
  'distance_accuracy_value','confusion accuracy');
#44 = PRODUCT_RELATED_PRODUCT_CATEGORY('part',$,(#7));
#45 = SHAPE_DEFINITION_REPRESENTATION(#46,#52);
#46 = PRODUCT_DEFINITION_SHAPE('','',#47);
#47 = PRODUCT_DEFINITION('design','',#48,#51);
#48 = PRODUCT_DEFINITION_FORMATION('','',#49);
#49 = PRODUCT('Body001','Body001','',(#50));
#50 = PRODUCT_CONTEXT('',#2,'mechanical');
#51 = PRODUCT_DEFINITION_CONTEXT('part definition',#2,'design');
#52 = ADVANCED_BREP_SHAPE_REPRESENTATION('',(#11,#53),#1776);
#53 = MANIFOLD_SOLID_BREP('',#54);
#54 = CLOSED_SHELL('',(#55,#143,#198,#233,#702,#805,#860,#910,#960,#1010
    ,#1060,#1110,#1160,#1210,#1260,#1310,#1360,#1410,#1460,#1510,#1560,
    #1626,#1722,#1769));
#55 = ADVANCED_FACE('',(#56),#70,.T.);
#56 = FACE_BOUND('',#57,.F.);
#57 = EDGE_LOOP('',(#58,#88,#115,#116));
#58 = ORIENTED_EDGE('',*,*,#59,.F.);
#59 = EDGE_CURVE('',#60,#62,#64,.T.);
#60 = VERTEX_POINT('',#61);
#61 = CARTESIAN_POINT('',(9.3,-8.2,0.));
#62 = VERTEX_POINT('',#63);
#63 = CARTESIAN_POINT('',(10.75,-8.2,0.));
#64 = SEAM_CURVE('',#65,(#69,#81),.PCURVE_S1.);
#65 = LINE('',#66,#67);
#66 = CARTESIAN_POINT('',(9.3,-8.2,0.));
#67 = VECTOR('',#68,1.);
#68 = DIRECTION('',(1.,0.,0.));
#69 = PCURVE('',#70,#75);
#70 = CYLINDRICAL_SURFACE('',#71,8.2);
#71 = AXIS2_PLACEMENT_3D('',#72,#73,#74);
#72 = CARTESIAN_POINT('',(9.3,0.,0.));
#73 = DIRECTION('',(1.,0.,0.));
#74 = DIRECTION('',(0.,-1.,0.));
#75 = DEFINITIONAL_REPRESENTATION('',(#76),#80);
#76 = LINE('',#77,#78);
#77 = CARTESIAN_POINT('',(-0.,0.));
#78 = VECTOR('',#79,1.);
#79 = DIRECTION('',(-0.,1.));
#80 = ( GEOMETRIC_REPRESENTATION_CONTEXT(2) 
PARAMETRIC_REPRESENTATION_CONTEXT() REPRESENTATION_CONTEXT('2D SPACE',''
  ) );
#81 = PCURVE('',#70,#82);
#82 = DEFINITIONAL_REPRESENTATION('',(#83),#87);
#83 = LINE('',#84,#85);
#84 = CARTESIAN_POINT('',(-6.28318530718,0.));
#85 = VECTOR('',#86,1.);
#86 = DIRECTION('',(-0.,1.));
#87 = ( GEOMETRIC_REPRESENTATION_CONTEXT(2) 
PARAMETRIC_REPRESENTATION_CONTEXT() REPRESENTATION_CONTEXT('2D SPACE',''
  ) );
#88 = ORIENTED_EDGE('',*,*,#89,.T.);
#89 = EDGE_CURVE('',#60,#60,#90,.T.);
#90 = SURFACE_CURVE('',#91,(#96,#103),.PCURVE_S1.);
#91 = CIRCLE('',#92,8.2);
#92 = AXIS2_PLACEMENT_3D('',#93,#94,#95);
#93 = CARTESIAN_POINT('',(9.3,0.,0.));
#94 = DIRECTION('',(-1.,0.,0.));
#95 = DIRECTION('',(0.,-1.,0.));
#96 = PCURVE('',#70,#97);
#97 = DEFINITIONAL_REPRESENTATION('',(#98),#102);
#98 = LINE('',#99,#100);
#99 = CARTESIAN_POINT('',(-0.,0.));
#100 = VECTOR('',#101,1.);
#101 = DIRECTION('',(-1.,0.));
#102 = ( GEOMETRIC_REPRESENTATION_CONTEXT(2) 
PARAMETRIC_REPRESENTATION_CONTEXT() REPRESENTATION_CONTEXT('2D SPACE',''
  ) );
#103 = PCURVE('',#104,#109);
#104 = PLANE('',#105);
#105 = AXIS2_PLACEMENT_3D('',#106,#107,#108);
#106 = CARTESIAN_POINT('',(9.3,0.,0.));
#107 = DIRECTION('',(-1.,-0.,-0.));
#108 = DIRECTION('',(0.,-1.,0.));
#109 = DEFINITIONAL_REPRESENTATION('',(#110),#114);
#110 = CIRCLE('',#111,8.2);
#111 = AXIS2_PLACEMENT_2D('',#112,#113);
#112 = CARTESIAN_POINT('',(0.,0.));
#113 = DIRECTION('',(1.,0.));
#114 = ( GEOMETRIC_REPRESENTATION_CONTEXT(2) 
PARAMETRIC_REPRESENTATION_CONTEXT() REPRESENTATION_CONTEXT('2D SPACE',''
  ) );
#115 = ORIENTED_EDGE('',*,*,#59,.T.);
#116 = ORIENTED_EDGE('',*,*,#117,.F.);
#117 = EDGE_CURVE('',#62,#62,#118,.T.);
#118 = SURFACE_CURVE('',#119,(#124,#131),.PCURVE_S1.);
#119 = CIRCLE('',#120,8.2);
#120 = AXIS2_PLACEMENT_3D('',#121,#122,#123);
#121 = CARTESIAN_POINT('',(10.75,0.,0.));
#122 = DIRECTION('',(-1.,0.,0.));
#123 = DIRECTION('',(0.,-1.,0.));
#124 = PCURVE('',#70,#125);
#125 = DEFINITIONAL_REPRESENTATION('',(#126),#130);
#126 = LINE('',#127,#128);
#127 = CARTESIAN_POINT('',(-0.,1.45));
#128 = VECTOR('',#129,1.);
#129 = DIRECTION('',(-1.,0.));
#130 = ( GEOMETRIC_REPRESENTATION_CONTEXT(2) 
PARAMETRIC_REPRESENTATION_CONTEXT() REPRESENTATION_CONTEXT('2D SPACE',''
  ) );
#131 = PCURVE('',#132,#137);
#132 = CONICAL_SURFACE('',#133,8.2,0.785398163397);
#133 = AXIS2_PLACEMENT_3D('',#134,#135,#136);
#134 = CARTESIAN_POINT('',(10.75,0.,0.));
#135 = DIRECTION('',(-1.,-0.,-0.));
#136 = DIRECTION('',(0.,-1.,0.));
#137 = DEFINITIONAL_REPRESENTATION('',(#138),#142);
#138 = LINE('',#139,#140);
#139 = CARTESIAN_POINT('',(0.,-0.));
#140 = VECTOR('',#141,1.);
#141 = DIRECTION('',(1.,-0.));
#142 = ( GEOMETRIC_REPRESENTATION_CONTEXT(2) 
PARAMETRIC_REPRESENTATION_CONTEXT() REPRESENTATION_CONTEXT('2D SPACE',''
  ) );
#143 = ADVANCED_FACE('',(#144),#132,.T.);
#144 = FACE_BOUND('',#145,.F.);
#145 = EDGE_LOOP('',(#146,#169,#170,#171));
#146 = ORIENTED_EDGE('',*,*,#147,.F.);
#147 = EDGE_CURVE('',#62,#148,#150,.T.);
#148 = VERTEX_POINT('',#149);
#149 = CARTESIAN_POINT('',(11.,-7.95,0.));
#150 = SEAM_CURVE('',#151,(#155,#162),.PCURVE_S1.);
#151 = LINE('',#152,#153);
#152 = CARTESIAN_POINT('',(10.75,-8.2,0.));
#153 = VECTOR('',#154,1.);
#154 = DIRECTION('',(0.707106781187,0.707106781187,0.));
#155 = PCURVE('',#132,#156);
#156 = DEFINITIONAL_REPRESENTATION('',(#157),#161);
#157 = LINE('',#158,#159);
#158 = CARTESIAN_POINT('',(0.,-0.));
#159 = VECTOR('',#160,1.);
#160 = DIRECTION('',(0.,-1.));
#161 = ( GEOMETRIC_REPRESENTATION_CONTEXT(2) 
PARAMETRIC_REPRESENTATION_CONTEXT() REPRESENTATION_CONTEXT('2D SPACE',''
  ) );
#162 = PCURVE('',#132,#163);
#163 = DEFINITIONAL_REPRESENTATION('',(#164),#168);
#164 = LINE('',#165,#166);
#165 = CARTESIAN_POINT('',(6.28318530718,-0.));
#166 = VECTOR('',#167,1.);
#167 = DIRECTION('',(0.,-1.));
#168 = ( GEOMETRIC_REPRESENTATION_CONTEXT(2) 
PARAMETRIC_REPRESENTATION_CONTEXT() REPRESENTATION_CONTEXT('2D SPACE',''
  ) );
#169 = ORIENTED_EDGE('',*,*,#117,.T.);
#170 = ORIENTED_EDGE('',*,*,#147,.T.);
#171 = ORIENTED_EDGE('',*,*,#172,.F.);
#172 = EDGE_CURVE('',#148,#148,#173,.T.);
#173 = SURFACE_CURVE('',#174,(#179,#186),.PCURVE_S1.);
#174 = CIRCLE('',#175,7.95);
#175 = AXIS2_PLACEMENT_3D('',#176,#177,#178);
#176 = CARTESIAN_POINT('',(11.,0.,0.));
#177 = DIRECTION('',(-1.,0.,0.));
#178 = DIRECTION('',(0.,-1.,0.));
#179 = PCURVE('',#132,#180);
#180 = DEFINITIONAL_REPRESENTATION('',(#181),#185);
#181 = LINE('',#182,#183);
#182 = CARTESIAN_POINT('',(0.,-0.25));
#183 = VECTOR('',#184,1.);
#184 = DIRECTION('',(1.,-0.));
#185 = ( GEOMETRIC_REPRESENTATION_CONTEXT(2) 
PARAMETRIC_REPRESENTATION_CONTEXT() REPRESENTATION_CONTEXT('2D SPACE',''
  ) );
#186 = PCURVE('',#187,#192);
#187 = PLANE('',#188);
#188 = AXIS2_PLACEMENT_3D('',#189,#190,#191);
#189 = CARTESIAN_POINT('',(11.,0.,0.));
#190 = DIRECTION('',(-1.,-0.,-0.));
#191 = DIRECTION('',(0.,-1.,0.));
#192 = DEFINITIONAL_REPRESENTATION('',(#193),#197);
#193 = CIRCLE('',#194,7.95);
#194 = AXIS2_PLACEMENT_2D('',#195,#196);
#195 = CARTESIAN_POINT('',(0.,0.));
#196 = DIRECTION('',(1.,0.));
#197 = ( GEOMETRIC_REPRESENTATION_CONTEXT(2) 
PARAMETRIC_REPRESENTATION_CONTEXT() REPRESENTATION_CONTEXT('2D SPACE',''
  ) );
#198 = ADVANCED_FACE('',(#199,#230),#104,.F.);
#199 = FACE_BOUND('',#200,.F.);
#200 = EDGE_LOOP('',(#201));
#201 = ORIENTED_EDGE('',*,*,#202,.T.);
#202 = EDGE_CURVE('',#203,#203,#205,.T.);
#203 = VERTEX_POINT('',#204);
#204 = CARTESIAN_POINT('',(9.3,-8.5,0.));
#205 = SURFACE_CURVE('',#206,(#211,#218),.PCURVE_S1.);
#206 = CIRCLE('',#207,8.5);
#207 = AXIS2_PLACEMENT_3D('',#208,#209,#210);
#208 = CARTESIAN_POINT('',(9.3,0.,0.));
#209 = DIRECTION('',(-1.,0.,0.));
#210 = DIRECTION('',(0.,-1.,0.));
#211 = PCURVE('',#104,#212);
#212 = DEFINITIONAL_REPRESENTATION('',(#213),#217);
#213 = CIRCLE('',#214,8.5);
#214 = AXIS2_PLACEMENT_2D('',#215,#216);
#215 = CARTESIAN_POINT('',(0.,0.));
#216 = DIRECTION('',(1.,0.));
#217 = ( GEOMETRIC_REPRESENTATION_CONTEXT(2) 
PARAMETRIC_REPRESENTATION_CONTEXT() REPRESENTATION_CONTEXT('2D SPACE',''
  ) );
#218 = PCURVE('',#219,#224);
#219 = CYLINDRICAL_SURFACE('',#220,8.5);
#220 = AXIS2_PLACEMENT_3D('',#221,#222,#223);
#221 = CARTESIAN_POINT('',(6.5,0.,0.));
#222 = DIRECTION('',(1.,0.,0.));
#223 = DIRECTION('',(0.,-1.,0.));
#224 = DEFINITIONAL_REPRESENTATION('',(#225),#229);
#225 = LINE('',#226,#227);
#226 = CARTESIAN_POINT('',(-0.,2.8));
#227 = VECTOR('',#228,1.);
#228 = DIRECTION('',(-1.,0.));
#229 = ( GEOMETRIC_REPRESENTATION_CONTEXT(2) 
PARAMETRIC_REPRESENTATION_CONTEXT() REPRESENTATION_CONTEXT('2D SPACE',''
  ) );
#230 = FACE_BOUND('',#231,.F.);
#231 = EDGE_LOOP('',(#232));
#232 = ORIENTED_EDGE('',*,*,#89,.F.);
#233 = ADVANCED_FACE('',(#234,#237,#268,#299,#330,#361,#392,#423,#454,
    #485,#516,#547,#578,#609,#640,#671),#187,.F.);
#234 = FACE_BOUND('',#235,.F.);
#235 = EDGE_LOOP('',(#236));
#236 = ORIENTED_EDGE('',*,*,#172,.T.);
#237 = FACE_BOUND('',#238,.F.);
#238 = EDGE_LOOP('',(#239));
#239 = ORIENTED_EDGE('',*,*,#240,.F.);
#240 = EDGE_CURVE('',#241,#241,#243,.T.);
#241 = VERTEX_POINT('',#242);
#242 = CARTESIAN_POINT('',(11.,2.765449220185,-4.345560052537));
#243 = SURFACE_CURVE('',#244,(#249,#256),.PCURVE_S1.);
#244 = CIRCLE('',#245,1.);
#245 = AXIS2_PLACEMENT_3D('',#246,#247,#248);
#246 = CARTESIAN_POINT('',(11.,3.765449220185,-4.345560052537));
#247 = DIRECTION('',(-1.,0.,0.));
#248 = DIRECTION('',(0.,-1.,0.));
#249 = PCURVE('',#187,#250);
#250 = DEFINITIONAL_REPRESENTATION('',(#251),#255);
#251 = CIRCLE('',#252,1.);
#252 = AXIS2_PLACEMENT_2D('',#253,#254);
#253 = CARTESIAN_POINT('',(-3.765449220185,-4.345560052537));
#254 = DIRECTION('',(1.,0.));
#255 = ( GEOMETRIC_REPRESENTATION_CONTEXT(2) 
PARAMETRIC_REPRESENTATION_CONTEXT() REPRESENTATION_CONTEXT('2D SPACE',''
  ) );
#256 = PCURVE('',#257,#262);
#257 = CYLINDRICAL_SURFACE('',#258,1.);
#258 = AXIS2_PLACEMENT_3D('',#259,#260,#261);
#259 = CARTESIAN_POINT('',(4.5,3.765449220185,-4.345560052537));
#260 = DIRECTION('',(-1.,0.,0.));
#261 = DIRECTION('',(0.,-1.,0.));
#262 = DEFINITIONAL_REPRESENTATION('',(#263),#267);
#263 = LINE('',#264,#265);
#264 = CARTESIAN_POINT('',(0.,-6.5));
#265 = VECTOR('',#266,1.);
#266 = DIRECTION('',(1.,0.));
#267 = ( GEOMETRIC_REPRESENTATION_CONTEXT(2) 
PARAMETRIC_REPRESENTATION_CONTEXT() REPRESENTATION_CONTEXT('2D SPACE',''
  ) );
#268 = FACE_BOUND('',#269,.F.);
#269 = EDGE_LOOP('',(#270));
#270 = ORIENTED_EDGE('',*,*,#271,.F.);
#271 = EDGE_CURVE('',#272,#272,#274,.T.);
#272 = VERTEX_POINT('',#273);
#273 = CARTESIAN_POINT('',(11.,-0.181689679929,-5.691473290815));
#274 = SURFACE_CURVE('',#275,(#280,#287),.PCURVE_S1.);
#275 = CIRCLE('',#276,1.);
#276 = AXIS2_PLACEMENT_3D('',#277,#278,#279);
#277 = CARTESIAN_POINT('',(11.,0.818310320071,-5.691473290815));
#278 = DIRECTION('',(-1.,0.,0.));
#279 = DIRECTION('',(0.,-1.,0.));
#280 = PCURVE('',#187,#281);
#281 = DEFINITIONAL_REPRESENTATION('',(#282),#286);
#282 = CIRCLE('',#283,1.);
#283 = AXIS2_PLACEMENT_2D('',#284,#285);
#284 = CARTESIAN_POINT('',(-0.818310320071,-5.691473290815));
#285 = DIRECTION('',(1.,0.));
#286 = ( GEOMETRIC_REPRESENTATION_CONTEXT(2) 
PARAMETRIC_REPRESENTATION_CONTEXT() REPRESENTATION_CONTEXT('2D SPACE',''
  ) );
#287 = PCURVE('',#288,#293);
#288 = CYLINDRICAL_SURFACE('',#289,1.);
#289 = AXIS2_PLACEMENT_3D('',#290,#291,#292);
#290 = CARTESIAN_POINT('',(4.5,0.818310320071,-5.691473290815));
#291 = DIRECTION('',(-1.,0.,0.));
#292 = DIRECTION('',(0.,-1.,0.));
#293 = DEFINITIONAL_REPRESENTATION('',(#294),#298);
#294 = LINE('',#295,#296);
#295 = CARTESIAN_POINT('',(0.,-6.5));
#296 = VECTOR('',#297,1.);
#297 = DIRECTION('',(1.,0.));
#298 = ( GEOMETRIC_REPRESENTATION_CONTEXT(2) 
PARAMETRIC_REPRESENTATION_CONTEXT() REPRESENTATION_CONTEXT('2D SPACE',''
  ) );
#299 = FACE_BOUND('',#300,.F.);
#300 = EDGE_LOOP('',(#301));
#301 = ORIENTED_EDGE('',*,*,#302,.F.);
#302 = EDGE_CURVE('',#303,#303,#305,.T.);
#303 = VERTEX_POINT('',#304);
#304 = CARTESIAN_POINT('',(11.,4.517084598283,-1.619962201838));
#305 = SURFACE_CURVE('',#306,(#311,#318),.PCURVE_S1.);
#306 = CIRCLE('',#307,1.);
#307 = AXIS2_PLACEMENT_3D('',#308,#309,#310);
#308 = CARTESIAN_POINT('',(11.,5.517084598283,-1.619962201838));
#309 = DIRECTION('',(-1.,0.,0.));
#310 = DIRECTION('',(0.,-1.,0.));
#311 = PCURVE('',#187,#312);
#312 = DEFINITIONAL_REPRESENTATION('',(#313),#317);
#313 = CIRCLE('',#314,1.);
#314 = AXIS2_PLACEMENT_2D('',#315,#316);
#315 = CARTESIAN_POINT('',(-5.517084598283,-1.619962201838));
#316 = DIRECTION('',(1.,0.));
#317 = ( GEOMETRIC_REPRESENTATION_CONTEXT(2) 
PARAMETRIC_REPRESENTATION_CONTEXT() REPRESENTATION_CONTEXT('2D SPACE',''
  ) );
#318 = PCURVE('',#319,#324);
#319 = CYLINDRICAL_SURFACE('',#320,1.);
#320 = AXIS2_PLACEMENT_3D('',#321,#322,#323);
#321 = CARTESIAN_POINT('',(4.5,5.517084598283,-1.619962201838));
#322 = DIRECTION('',(-1.,0.,0.));
#323 = DIRECTION('',(0.,-1.,0.));
#324 = DEFINITIONAL_REPRESENTATION('',(#325),#329);
#325 = LINE('',#326,#327);
#326 = CARTESIAN_POINT('',(0.,-6.5));
#327 = VECTOR('',#328,1.);
#328 = DIRECTION('',(1.,0.));
#329 = ( GEOMETRIC_REPRESENTATION_CONTEXT(2) 
PARAMETRIC_REPRESENTATION_CONTEXT() REPRESENTATION_CONTEXT('2D SPACE',''
  ) );
#330 = FACE_BOUND('',#331,.F.);
#331 = EDGE_LOOP('',(#332));
#332 = ORIENTED_EDGE('',*,*,#333,.F.);
#333 = EDGE_CURVE('',#334,#334,#336,.T.);
#334 = VERTEX_POINT('',#335);
#335 = CARTESIAN_POINT('',(11.,-0.150203265469,-2.615405419812));
#336 = SURFACE_CURVE('',#337,(#342,#349),.PCURVE_S1.);
#337 = CIRCLE('',#338,1.);
#338 = AXIS2_PLACEMENT_3D('',#339,#340,#341);
#339 = CARTESIAN_POINT('',(11.,0.849796734531,-2.615405419812));
#340 = DIRECTION('',(-1.,0.,0.));
#341 = DIRECTION('',(0.,-1.,0.));
#342 = PCURVE('',#187,#343);
#343 = DEFINITIONAL_REPRESENTATION('',(#344),#348);
#344 = CIRCLE('',#345,1.);
#345 = AXIS2_PLACEMENT_2D('',#346,#347);
#346 = CARTESIAN_POINT('',(-0.849796734531,-2.615405419812));
#347 = DIRECTION('',(1.,0.));
#348 = ( GEOMETRIC_REPRESENTATION_CONTEXT(2) 
PARAMETRIC_REPRESENTATION_CONTEXT() REPRESENTATION_CONTEXT('2D SPACE',''
  ) );
#349 = PCURVE('',#350,#355);
#350 = CYLINDRICAL_SURFACE('',#351,1.);
#351 = AXIS2_PLACEMENT_3D('',#352,#353,#354);
#352 = CARTESIAN_POINT('',(4.5,0.849796734531,-2.615405419812));
#353 = DIRECTION('',(-1.,0.,0.));
#354 = DIRECTION('',(0.,-1.,0.));
#355 = DEFINITIONAL_REPRESENTATION('',(#356),#360);
#356 = LINE('',#357,#358);
#357 = CARTESIAN_POINT('',(0.,-6.5));
#358 = VECTOR('',#359,1.);
#359 = DIRECTION('',(1.,0.));
#360 = ( GEOMETRIC_REPRESENTATION_CONTEXT(2) 
PARAMETRIC_REPRESENTATION_CONTEXT() REPRESENTATION_CONTEXT('2D SPACE',''
  ) );
#361 = FACE_BOUND('',#362,.F.);
#362 = EDGE_LOOP('',(#363));
#363 = ORIENTED_EDGE('',*,*,#364,.F.);
#364 = EDGE_CURVE('',#365,#365,#367,.T.);
#365 = VERTEX_POINT('',#366);
#366 = CARTESIAN_POINT('',(11.,-3.388636324761,-5.230383973288));
#367 = SURFACE_CURVE('',#368,(#373,#380),.PCURVE_S1.);
#368 = CIRCLE('',#369,1.);
#369 = AXIS2_PLACEMENT_3D('',#370,#371,#372);
#370 = CARTESIAN_POINT('',(11.,-2.388636324761,-5.230383973288));
#371 = DIRECTION('',(-1.,0.,0.));
#372 = DIRECTION('',(0.,-1.,0.));
#373 = PCURVE('',#187,#374);
#374 = DEFINITIONAL_REPRESENTATION('',(#375),#379);
#375 = CIRCLE('',#376,1.);
#376 = AXIS2_PLACEMENT_2D('',#377,#378);
#377 = CARTESIAN_POINT('',(2.388636324761,-5.230383973288));
#378 = DIRECTION('',(1.,0.));
#379 = ( GEOMETRIC_REPRESENTATION_CONTEXT(2) 
PARAMETRIC_REPRESENTATION_CONTEXT() REPRESENTATION_CONTEXT('2D SPACE',''
  ) );
#380 = PCURVE('',#381,#386);
#381 = CYLINDRICAL_SURFACE('',#382,1.);
#382 = AXIS2_PLACEMENT_3D('',#383,#384,#385);
#383 = CARTESIAN_POINT('',(4.5,-2.388636324761,-5.230383973288));
#384 = DIRECTION('',(-1.,0.,0.));
#385 = DIRECTION('',(0.,-1.,0.));
#386 = DEFINITIONAL_REPRESENTATION('',(#387),#391);
#387 = LINE('',#388,#389);
#388 = CARTESIAN_POINT('',(0.,-6.5));
#389 = VECTOR('',#390,1.);
#390 = DIRECTION('',(1.,0.));
#391 = ( GEOMETRIC_REPRESENTATION_CONTEXT(2) 
PARAMETRIC_REPRESENTATION_CONTEXT() REPRESENTATION_CONTEXT('2D SPACE',''
  ) );
#392 = FACE_BOUND('',#393,.F.);
#393 = EDGE_LOOP('',(#394));
#394 = ORIENTED_EDGE('',*,*,#395,.F.);
#395 = EDGE_CURVE('',#396,#396,#398,.T.);
#396 = VERTEX_POINT('',#397);
#397 = CARTESIAN_POINT('',(11.,-3.224796734531,-1.616409443805));
#398 = SURFACE_CURVE('',#399,(#404,#411),.PCURVE_S1.);
#399 = CIRCLE('',#400,1.);
#400 = AXIS2_PLACEMENT_3D('',#401,#402,#403);
#401 = CARTESIAN_POINT('',(11.,-2.224796734531,-1.616409443805));
#402 = DIRECTION('',(-1.,0.,0.));
#403 = DIRECTION('',(0.,-1.,0.));
#404 = PCURVE('',#187,#405);
#405 = DEFINITIONAL_REPRESENTATION('',(#406),#410);
#406 = CIRCLE('',#407,1.);
#407 = AXIS2_PLACEMENT_2D('',#408,#409);
#408 = CARTESIAN_POINT('',(2.224796734531,-1.616409443805));
#409 = DIRECTION('',(1.,0.));
#410 = ( GEOMETRIC_REPRESENTATION_CONTEXT(2) 
PARAMETRIC_REPRESENTATION_CONTEXT() REPRESENTATION_CONTEXT('2D SPACE',''
  ) );
#411 = PCURVE('',#412,#417);
#412 = CYLINDRICAL_SURFACE('',#413,1.);
#413 = AXIS2_PLACEMENT_3D('',#414,#415,#416);
#414 = CARTESIAN_POINT('',(4.5,-2.224796734531,-1.616409443805));
#415 = DIRECTION('',(-1.,0.,0.));
#416 = DIRECTION('',(0.,-1.,0.));
#417 = DEFINITIONAL_REPRESENTATION('',(#418),#422);
#418 = LINE('',#419,#420);
#419 = CARTESIAN_POINT('',(0.,-6.5));
#420 = VECTOR('',#421,1.);
#421 = DIRECTION('',(1.,0.));
#422 = ( GEOMETRIC_REPRESENTATION_CONTEXT(2) 
PARAMETRIC_REPRESENTATION_CONTEXT() REPRESENTATION_CONTEXT('2D SPACE',''
  ) );
#423 = FACE_BOUND('',#424,.F.);
#424 = EDGE_LOOP('',(#425));
#425 = ORIENTED_EDGE('',*,*,#426,.F.);
#426 = EDGE_CURVE('',#427,#427,#429,.T.);
#427 = VERTEX_POINT('',#428);
#428 = CARTESIAN_POINT('',(11.,-5.837207813779,-3.10868470037));
#429 = SURFACE_CURVE('',#430,(#435,#442),.PCURVE_S1.);
#430 = CIRCLE('',#431,1.);
#431 = AXIS2_PLACEMENT_3D('',#432,#433,#434);
#432 = CARTESIAN_POINT('',(11.,-4.837207813779,-3.10868470037));
#433 = DIRECTION('',(-1.,0.,0.));
#434 = DIRECTION('',(0.,-1.,0.));
#435 = PCURVE('',#187,#436);
#436 = DEFINITIONAL_REPRESENTATION('',(#437),#441);
#437 = CIRCLE('',#438,1.);
#438 = AXIS2_PLACEMENT_2D('',#439,#440);
#439 = CARTESIAN_POINT('',(4.837207813779,-3.10868470037));
#440 = DIRECTION('',(1.,0.));
#441 = ( GEOMETRIC_REPRESENTATION_CONTEXT(2) 
PARAMETRIC_REPRESENTATION_CONTEXT() REPRESENTATION_CONTEXT('2D SPACE',''
  ) );
#442 = PCURVE('',#443,#448);
#443 = CYLINDRICAL_SURFACE('',#444,1.);
#444 = AXIS2_PLACEMENT_3D('',#445,#446,#447);
#445 = CARTESIAN_POINT('',(4.5,-4.837207813779,-3.10868470037));
#446 = DIRECTION('',(-1.,0.,0.));
#447 = DIRECTION('',(0.,-1.,0.));
#448 = DEFINITIONAL_REPRESENTATION('',(#449),#453);
#449 = LINE('',#450,#451);
#450 = CARTESIAN_POINT('',(0.,-6.5));
#451 = VECTOR('',#452,1.);
#452 = DIRECTION('',(1.,0.));
#453 = ( GEOMETRIC_REPRESENTATION_CONTEXT(2) 
PARAMETRIC_REPRESENTATION_CONTEXT() REPRESENTATION_CONTEXT('2D SPACE',''
  ) );
#454 = FACE_BOUND('',#455,.F.);
#455 = EDGE_LOOP('',(#456));
#456 = ORIENTED_EDGE('',*,*,#457,.F.);
#457 = EDGE_CURVE('',#458,#458,#460,.T.);
#458 = VERTEX_POINT('',#459);
#459 = CARTESIAN_POINT('',(11.,4.517084598283,1.619962201838));
#460 = SURFACE_CURVE('',#461,(#466,#473),.PCURVE_S1.);
#461 = CIRCLE('',#462,1.);
#462 = AXIS2_PLACEMENT_3D('',#463,#464,#465);
#463 = CARTESIAN_POINT('',(11.,5.517084598283,1.619962201838));
#464 = DIRECTION('',(-1.,0.,0.));
#465 = DIRECTION('',(0.,-1.,0.));
#466 = PCURVE('',#187,#467);
#467 = DEFINITIONAL_REPRESENTATION('',(#468),#472);
#468 = CIRCLE('',#469,1.);
#469 = AXIS2_PLACEMENT_2D('',#470,#471);
#470 = CARTESIAN_POINT('',(-5.517084598283,1.619962201838));
#471 = DIRECTION('',(1.,0.));
#472 = ( GEOMETRIC_REPRESENTATION_CONTEXT(2) 
PARAMETRIC_REPRESENTATION_CONTEXT() REPRESENTATION_CONTEXT('2D SPACE',''
  ) );
#473 = PCURVE('',#474,#479);
#474 = CYLINDRICAL_SURFACE('',#475,1.);
#475 = AXIS2_PLACEMENT_3D('',#476,#477,#478);
#476 = CARTESIAN_POINT('',(4.5,5.517084598283,1.619962201838));
#477 = DIRECTION('',(-1.,0.,0.));
#478 = DIRECTION('',(0.,-1.,0.));
#479 = DEFINITIONAL_REPRESENTATION('',(#480),#484);
#480 = LINE('',#481,#482);
#481 = CARTESIAN_POINT('',(0.,-6.5));
#482 = VECTOR('',#483,1.);
#483 = DIRECTION('',(1.,0.));
#484 = ( GEOMETRIC_REPRESENTATION_CONTEXT(2) 
PARAMETRIC_REPRESENTATION_CONTEXT() REPRESENTATION_CONTEXT('2D SPACE',''
  ) );
#485 = FACE_BOUND('',#486,.F.);
#486 = EDGE_LOOP('',(#487));
#487 = ORIENTED_EDGE('',*,*,#488,.F.);
#488 = EDGE_CURVE('',#489,#489,#491,.T.);
#489 = VERTEX_POINT('',#490);
#490 = CARTESIAN_POINT('',(11.,1.75,0.));
#491 = SURFACE_CURVE('',#492,(#497,#504),.PCURVE_S1.);
#492 = CIRCLE('',#493,1.);
#493 = AXIS2_PLACEMENT_3D('',#494,#495,#496);
#494 = CARTESIAN_POINT('',(11.,2.75,0.));
#495 = DIRECTION('',(-1.,0.,0.));
#496 = DIRECTION('',(0.,-1.,0.));
#497 = PCURVE('',#187,#498);
#498 = DEFINITIONAL_REPRESENTATION('',(#499),#503);
#499 = CIRCLE('',#500,1.);
#500 = AXIS2_PLACEMENT_2D('',#501,#502);
#501 = CARTESIAN_POINT('',(-2.75,0.));
#502 = DIRECTION('',(1.,0.));
#503 = ( GEOMETRIC_REPRESENTATION_CONTEXT(2) 
PARAMETRIC_REPRESENTATION_CONTEXT() REPRESENTATION_CONTEXT('2D SPACE',''
  ) );
#504 = PCURVE('',#505,#510);
#505 = CYLINDRICAL_SURFACE('',#506,1.);
#506 = AXIS2_PLACEMENT_3D('',#507,#508,#509);
#507 = CARTESIAN_POINT('',(4.5,2.75,0.));
#508 = DIRECTION('',(-1.,0.,0.));
#509 = DIRECTION('',(0.,-1.,0.));
#510 = DEFINITIONAL_REPRESENTATION('',(#511),#515);
#511 = LINE('',#512,#513);
#512 = CARTESIAN_POINT('',(0.,-6.5));
#513 = VECTOR('',#514,1.);
#514 = DIRECTION('',(1.,0.));
#515 = ( GEOMETRIC_REPRESENTATION_CONTEXT(2) 
PARAMETRIC_REPRESENTATION_CONTEXT() REPRESENTATION_CONTEXT('2D SPACE',''
  ) );
#516 = FACE_BOUND('',#517,.F.);
#517 = EDGE_LOOP('',(#518));
#518 = ORIENTED_EDGE('',*,*,#519,.F.);
#519 = EDGE_CURVE('',#520,#520,#522,.T.);
#520 = VERTEX_POINT('',#521);
#521 = CARTESIAN_POINT('',(11.,-0.15020326547,2.615405419812));
#522 = SURFACE_CURVE('',#523,(#528,#535),.PCURVE_S1.);
#523 = CIRCLE('',#524,1.);
#524 = AXIS2_PLACEMENT_3D('',#525,#526,#527);
#525 = CARTESIAN_POINT('',(11.,0.84979673453,2.615405419812));
#526 = DIRECTION('',(-1.,0.,0.));
#527 = DIRECTION('',(0.,-1.,0.));
#528 = PCURVE('',#187,#529);
#529 = DEFINITIONAL_REPRESENTATION('',(#530),#534);
#530 = CIRCLE('',#531,1.);
#531 = AXIS2_PLACEMENT_2D('',#532,#533);
#532 = CARTESIAN_POINT('',(-0.84979673453,2.615405419812));
#533 = DIRECTION('',(1.,0.));
#534 = ( GEOMETRIC_REPRESENTATION_CONTEXT(2) 
PARAMETRIC_REPRESENTATION_CONTEXT() REPRESENTATION_CONTEXT('2D SPACE',''
  ) );
#535 = PCURVE('',#536,#541);
#536 = CYLINDRICAL_SURFACE('',#537,1.);
#537 = AXIS2_PLACEMENT_3D('',#538,#539,#540);
#538 = CARTESIAN_POINT('',(4.5,0.84979673453,2.615405419812));
#539 = DIRECTION('',(-1.,0.,0.));
#540 = DIRECTION('',(0.,-1.,0.));
#541 = DEFINITIONAL_REPRESENTATION('',(#542),#546);
#542 = LINE('',#543,#544);
#543 = CARTESIAN_POINT('',(0.,-6.5));
#544 = VECTOR('',#545,1.);
#545 = DIRECTION('',(1.,0.));
#546 = ( GEOMETRIC_REPRESENTATION_CONTEXT(2) 
PARAMETRIC_REPRESENTATION_CONTEXT() REPRESENTATION_CONTEXT('2D SPACE',''
  ) );
#547 = FACE_BOUND('',#548,.F.);
#548 = EDGE_LOOP('',(#549));
#549 = ORIENTED_EDGE('',*,*,#550,.F.);
#550 = EDGE_CURVE('',#551,#551,#553,.T.);
#551 = VERTEX_POINT('',#552);
#552 = CARTESIAN_POINT('',(11.,2.765449220185,4.345560052537));
#553 = SURFACE_CURVE('',#554,(#559,#566),.PCURVE_S1.);
#554 = CIRCLE('',#555,1.);
#555 = AXIS2_PLACEMENT_3D('',#556,#557,#558);
#556 = CARTESIAN_POINT('',(11.,3.765449220185,4.345560052537));
#557 = DIRECTION('',(-1.,0.,0.));
#558 = DIRECTION('',(0.,-1.,0.));
#559 = PCURVE('',#187,#560);
#560 = DEFINITIONAL_REPRESENTATION('',(#561),#565);
#561 = CIRCLE('',#562,1.);
#562 = AXIS2_PLACEMENT_2D('',#563,#564);
#563 = CARTESIAN_POINT('',(-3.765449220185,4.345560052537));
#564 = DIRECTION('',(1.,0.));
#565 = ( GEOMETRIC_REPRESENTATION_CONTEXT(2) 
PARAMETRIC_REPRESENTATION_CONTEXT() REPRESENTATION_CONTEXT('2D SPACE',''
  ) );
#566 = PCURVE('',#567,#572);
#567 = CYLINDRICAL_SURFACE('',#568,1.);
#568 = AXIS2_PLACEMENT_3D('',#569,#570,#571);
#569 = CARTESIAN_POINT('',(4.5,3.765449220185,4.345560052537));
#570 = DIRECTION('',(-1.,0.,0.));
#571 = DIRECTION('',(0.,-1.,0.));
#572 = DEFINITIONAL_REPRESENTATION('',(#573),#577);
#573 = LINE('',#574,#575);
#574 = CARTESIAN_POINT('',(0.,-6.5));
#575 = VECTOR('',#576,1.);
#576 = DIRECTION('',(1.,0.));
#577 = ( GEOMETRIC_REPRESENTATION_CONTEXT(2) 
PARAMETRIC_REPRESENTATION_CONTEXT() REPRESENTATION_CONTEXT('2D SPACE',''
  ) );
#578 = FACE_BOUND('',#579,.F.);
#579 = EDGE_LOOP('',(#580));
#580 = ORIENTED_EDGE('',*,*,#581,.F.);
#581 = EDGE_CURVE('',#582,#582,#584,.T.);
#582 = VERTEX_POINT('',#583);
#583 = CARTESIAN_POINT('',(11.,-0.181689679929,5.691473290815));
#584 = SURFACE_CURVE('',#585,(#590,#597),.PCURVE_S1.);
#585 = CIRCLE('',#586,1.);
#586 = AXIS2_PLACEMENT_3D('',#587,#588,#589);
#587 = CARTESIAN_POINT('',(11.,0.818310320071,5.691473290815));
#588 = DIRECTION('',(-1.,0.,0.));
#589 = DIRECTION('',(0.,-1.,0.));
#590 = PCURVE('',#187,#591);
#591 = DEFINITIONAL_REPRESENTATION('',(#592),#596);
#592 = CIRCLE('',#593,1.);
#593 = AXIS2_PLACEMENT_2D('',#594,#595);
#594 = CARTESIAN_POINT('',(-0.818310320071,5.691473290815));
#595 = DIRECTION('',(1.,0.));
#596 = ( GEOMETRIC_REPRESENTATION_CONTEXT(2) 
PARAMETRIC_REPRESENTATION_CONTEXT() REPRESENTATION_CONTEXT('2D SPACE',''
  ) );
#597 = PCURVE('',#598,#603);
#598 = CYLINDRICAL_SURFACE('',#599,1.);
#599 = AXIS2_PLACEMENT_3D('',#600,#601,#602);
#600 = CARTESIAN_POINT('',(4.5,0.818310320071,5.691473290815));
#601 = DIRECTION('',(-1.,0.,0.));
#602 = DIRECTION('',(0.,-1.,0.));
#603 = DEFINITIONAL_REPRESENTATION('',(#604),#608);
#604 = LINE('',#605,#606);
#605 = CARTESIAN_POINT('',(0.,-6.5));
#606 = VECTOR('',#607,1.);
#607 = DIRECTION('',(1.,0.));
#608 = ( GEOMETRIC_REPRESENTATION_CONTEXT(2) 
PARAMETRIC_REPRESENTATION_CONTEXT() REPRESENTATION_CONTEXT('2D SPACE',''
  ) );
#609 = FACE_BOUND('',#610,.F.);
#610 = EDGE_LOOP('',(#611));
#611 = ORIENTED_EDGE('',*,*,#612,.F.);
#612 = EDGE_CURVE('',#613,#613,#615,.T.);
#613 = VERTEX_POINT('',#614);
#614 = CARTESIAN_POINT('',(11.,-3.224796734531,1.616409443804));
#615 = SURFACE_CURVE('',#616,(#621,#628),.PCURVE_S1.);
#616 = CIRCLE('',#617,1.);
#617 = AXIS2_PLACEMENT_3D('',#618,#619,#620);
#618 = CARTESIAN_POINT('',(11.,-2.224796734531,1.616409443804));
#619 = DIRECTION('',(-1.,0.,0.));
#620 = DIRECTION('',(0.,-1.,0.));
#621 = PCURVE('',#187,#622);
#622 = DEFINITIONAL_REPRESENTATION('',(#623),#627);
#623 = CIRCLE('',#624,1.);
#624 = AXIS2_PLACEMENT_2D('',#625,#626);
#625 = CARTESIAN_POINT('',(2.224796734531,1.616409443804));
#626 = DIRECTION('',(1.,0.));
#627 = ( GEOMETRIC_REPRESENTATION_CONTEXT(2) 
PARAMETRIC_REPRESENTATION_CONTEXT() REPRESENTATION_CONTEXT('2D SPACE',''
  ) );
#628 = PCURVE('',#629,#634);
#629 = CYLINDRICAL_SURFACE('',#630,1.);
#630 = AXIS2_PLACEMENT_3D('',#631,#632,#633);
#631 = CARTESIAN_POINT('',(4.5,-2.224796734531,1.616409443804));
#632 = DIRECTION('',(-1.,0.,0.));
#633 = DIRECTION('',(0.,-1.,0.));
#634 = DEFINITIONAL_REPRESENTATION('',(#635),#639);
#635 = LINE('',#636,#637);
#636 = CARTESIAN_POINT('',(0.,-6.5));
#637 = VECTOR('',#638,1.);
#638 = DIRECTION('',(1.,0.));
#639 = ( GEOMETRIC_REPRESENTATION_CONTEXT(2) 
PARAMETRIC_REPRESENTATION_CONTEXT() REPRESENTATION_CONTEXT('2D SPACE',''
  ) );
#640 = FACE_BOUND('',#641,.F.);
#641 = EDGE_LOOP('',(#642));
#642 = ORIENTED_EDGE('',*,*,#643,.F.);
#643 = EDGE_CURVE('',#644,#644,#646,.T.);
#644 = VERTEX_POINT('',#645);
#645 = CARTESIAN_POINT('',(11.,-5.837207813779,3.10868470037));
#646 = SURFACE_CURVE('',#647,(#652,#659),.PCURVE_S1.);
#647 = CIRCLE('',#648,1.);
#648 = AXIS2_PLACEMENT_3D('',#649,#650,#651);
#649 = CARTESIAN_POINT('',(11.,-4.837207813779,3.10868470037));
#650 = DIRECTION('',(-1.,0.,0.));
#651 = DIRECTION('',(0.,-1.,0.));
#652 = PCURVE('',#187,#653);
#653 = DEFINITIONAL_REPRESENTATION('',(#654),#658);
#654 = CIRCLE('',#655,1.);
#655 = AXIS2_PLACEMENT_2D('',#656,#657);
#656 = CARTESIAN_POINT('',(4.837207813779,3.10868470037));
#657 = DIRECTION('',(1.,0.));
#658 = ( GEOMETRIC_REPRESENTATION_CONTEXT(2) 
PARAMETRIC_REPRESENTATION_CONTEXT() REPRESENTATION_CONTEXT('2D SPACE',''
  ) );
#659 = PCURVE('',#660,#665);
#660 = CYLINDRICAL_SURFACE('',#661,1.);
#661 = AXIS2_PLACEMENT_3D('',#662,#663,#664);
#662 = CARTESIAN_POINT('',(4.5,-4.837207813779,3.10868470037));
#663 = DIRECTION('',(-1.,0.,0.));
#664 = DIRECTION('',(0.,-1.,0.));
#665 = DEFINITIONAL_REPRESENTATION('',(#666),#670);
#666 = LINE('',#667,#668);
#667 = CARTESIAN_POINT('',(0.,-6.5));
#668 = VECTOR('',#669,1.);
#669 = DIRECTION('',(1.,0.));
#670 = ( GEOMETRIC_REPRESENTATION_CONTEXT(2) 
PARAMETRIC_REPRESENTATION_CONTEXT() REPRESENTATION_CONTEXT('2D SPACE',''
  ) );
#671 = FACE_BOUND('',#672,.F.);
#672 = EDGE_LOOP('',(#673));
#673 = ORIENTED_EDGE('',*,*,#674,.F.);
#674 = EDGE_CURVE('',#675,#675,#677,.T.);
#675 = VERTEX_POINT('',#676);
#676 = CARTESIAN_POINT('',(11.,-3.388636324761,5.230383973288));
#677 = SURFACE_CURVE('',#678,(#683,#690),.PCURVE_S1.);
#678 = CIRCLE('',#679,1.);
#679 = AXIS2_PLACEMENT_3D('',#680,#681,#682);
#680 = CARTESIAN_POINT('',(11.,-2.388636324761,5.230383973288));
#681 = DIRECTION('',(-1.,0.,0.));
#682 = DIRECTION('',(0.,-1.,0.));
#683 = PCURVE('',#187,#684);
#684 = DEFINITIONAL_REPRESENTATION('',(#685),#689);
#685 = CIRCLE('',#686,1.);
#686 = AXIS2_PLACEMENT_2D('',#687,#688);
#687 = CARTESIAN_POINT('',(2.388636324761,5.230383973288));
#688 = DIRECTION('',(1.,0.));
#689 = ( GEOMETRIC_REPRESENTATION_CONTEXT(2) 
PARAMETRIC_REPRESENTATION_CONTEXT() REPRESENTATION_CONTEXT('2D SPACE',''
  ) );
#690 = PCURVE('',#691,#696);
#691 = CYLINDRICAL_SURFACE('',#692,1.);
#692 = AXIS2_PLACEMENT_3D('',#693,#694,#695);
#693 = CARTESIAN_POINT('',(4.5,-2.388636324761,5.230383973288));
#694 = DIRECTION('',(-1.,0.,0.));
#695 = DIRECTION('',(0.,-1.,0.));
#696 = DEFINITIONAL_REPRESENTATION('',(#697),#701);
#697 = LINE('',#698,#699);
#698 = CARTESIAN_POINT('',(0.,-6.5));
#699 = VECTOR('',#700,1.);
#700 = DIRECTION('',(1.,0.));
#701 = ( GEOMETRIC_REPRESENTATION_CONTEXT(2) 
PARAMETRIC_REPRESENTATION_CONTEXT() REPRESENTATION_CONTEXT('2D SPACE',''
  ) );
#702 = ADVANCED_FACE('',(#703),#219,.T.);
#703 = FACE_BOUND('',#704,.F.);
#704 = EDGE_LOOP('',(#705,#728,#757,#781,#803,#804));
#705 = ORIENTED_EDGE('',*,*,#706,.F.);
#706 = EDGE_CURVE('',#707,#203,#709,.T.);
#707 = VERTEX_POINT('',#708);
#708 = CARTESIAN_POINT('',(6.5,-8.5,0.));
#709 = SEAM_CURVE('',#710,(#714,#721),.PCURVE_S1.);
#710 = LINE('',#711,#712);
#711 = CARTESIAN_POINT('',(6.5,-8.5,0.));
#712 = VECTOR('',#713,1.);
#713 = DIRECTION('',(1.,0.,0.));
#714 = PCURVE('',#219,#715);
#715 = DEFINITIONAL_REPRESENTATION('',(#716),#720);
#716 = LINE('',#717,#718);
#717 = CARTESIAN_POINT('',(-0.,0.));
#718 = VECTOR('',#719,1.);
#719 = DIRECTION('',(-0.,1.));
#720 = ( GEOMETRIC_REPRESENTATION_CONTEXT(2) 
PARAMETRIC_REPRESENTATION_CONTEXT() REPRESENTATION_CONTEXT('2D SPACE',''
  ) );
#721 = PCURVE('',#219,#722);
#722 = DEFINITIONAL_REPRESENTATION('',(#723),#727);
#723 = LINE('',#724,#725);
#724 = CARTESIAN_POINT('',(-6.28318530718,0.));
#725 = VECTOR('',#726,1.);
#726 = DIRECTION('',(-0.,1.));
#727 = ( GEOMETRIC_REPRESENTATION_CONTEXT(2) 
PARAMETRIC_REPRESENTATION_CONTEXT() REPRESENTATION_CONTEXT('2D SPACE',''
  ) );
#728 = ORIENTED_EDGE('',*,*,#729,.T.);
#729 = EDGE_CURVE('',#707,#730,#732,.T.);
#730 = VERTEX_POINT('',#731);
#731 = CARTESIAN_POINT('',(6.5,-8.41796875,1.178050136465));
#732 = SURFACE_CURVE('',#733,(#738,#745),.PCURVE_S1.);
#733 = CIRCLE('',#734,8.5);
#734 = AXIS2_PLACEMENT_3D('',#735,#736,#737);
#735 = CARTESIAN_POINT('',(6.5,0.,0.));
#736 = DIRECTION('',(-1.,0.,0.));
#737 = DIRECTION('',(0.,-1.,0.));
#738 = PCURVE('',#219,#739);
#739 = DEFINITIONAL_REPRESENTATION('',(#740),#744);
#740 = LINE('',#741,#742);
#741 = CARTESIAN_POINT('',(-0.,0.));
#742 = VECTOR('',#743,1.);
#743 = DIRECTION('',(-1.,0.));
#744 = ( GEOMETRIC_REPRESENTATION_CONTEXT(2) 
PARAMETRIC_REPRESENTATION_CONTEXT() REPRESENTATION_CONTEXT('2D SPACE',''
  ) );
#745 = PCURVE('',#746,#751);
#746 = PLANE('',#747);
#747 = AXIS2_PLACEMENT_3D('',#748,#749,#750);
#748 = CARTESIAN_POINT('',(6.5,0.,0.));
#749 = DIRECTION('',(-1.,-0.,-0.));
#750 = DIRECTION('',(-0.,-1.,-0.));
#751 = DEFINITIONAL_REPRESENTATION('',(#752),#756);
#752 = CIRCLE('',#753,8.5);
#753 = AXIS2_PLACEMENT_2D('',#754,#755);
#754 = CARTESIAN_POINT('',(0.,0.));
#755 = DIRECTION('',(1.,-0.));
#756 = ( GEOMETRIC_REPRESENTATION_CONTEXT(2) 
PARAMETRIC_REPRESENTATION_CONTEXT() REPRESENTATION_CONTEXT('2D SPACE',''
  ) );
#757 = ORIENTED_EDGE('',*,*,#758,.T.);
#758 = EDGE_CURVE('',#730,#759,#761,.T.);
#759 = VERTEX_POINT('',#760);
#760 = CARTESIAN_POINT('',(6.5,-8.41796875,-1.178050136465));
#761 = SURFACE_CURVE('',#762,(#767,#774),.PCURVE_S1.);
#762 = CIRCLE('',#763,8.5);
#763 = AXIS2_PLACEMENT_3D('',#764,#765,#766);
#764 = CARTESIAN_POINT('',(6.5,0.,0.));
#765 = DIRECTION('',(-1.,0.,0.));
#766 = DIRECTION('',(0.,-1.,0.));
#767 = PCURVE('',#219,#768);
#768 = DEFINITIONAL_REPRESENTATION('',(#769),#773);
#769 = LINE('',#770,#771);
#770 = CARTESIAN_POINT('',(-0.,0.));
#771 = VECTOR('',#772,1.);
#772 = DIRECTION('',(-1.,0.));
#773 = ( GEOMETRIC_REPRESENTATION_CONTEXT(2) 
PARAMETRIC_REPRESENTATION_CONTEXT() REPRESENTATION_CONTEXT('2D SPACE',''
  ) );
#774 = PCURVE('',#746,#775);
#775 = DEFINITIONAL_REPRESENTATION('',(#776),#780);
#776 = CIRCLE('',#777,8.5);
#777 = AXIS2_PLACEMENT_2D('',#778,#779);
#778 = CARTESIAN_POINT('',(0.,0.));
#779 = DIRECTION('',(1.,-0.));
#780 = ( GEOMETRIC_REPRESENTATION_CONTEXT(2) 
PARAMETRIC_REPRESENTATION_CONTEXT() REPRESENTATION_CONTEXT('2D SPACE',''
  ) );
#781 = ORIENTED_EDGE('',*,*,#782,.T.);
#782 = EDGE_CURVE('',#759,#707,#783,.T.);
#783 = SURFACE_CURVE('',#784,(#789,#796),.PCURVE_S1.);
#784 = CIRCLE('',#785,8.5);
#785 = AXIS2_PLACEMENT_3D('',#786,#787,#788);
#786 = CARTESIAN_POINT('',(6.5,0.,0.));
#787 = DIRECTION('',(-1.,0.,0.));
#788 = DIRECTION('',(0.,-1.,0.));
#789 = PCURVE('',#219,#790);
#790 = DEFINITIONAL_REPRESENTATION('',(#791),#795);
#791 = LINE('',#792,#793);
#792 = CARTESIAN_POINT('',(-0.,0.));
#793 = VECTOR('',#794,1.);
#794 = DIRECTION('',(-1.,0.));
#795 = ( GEOMETRIC_REPRESENTATION_CONTEXT(2) 
PARAMETRIC_REPRESENTATION_CONTEXT() REPRESENTATION_CONTEXT('2D SPACE',''
  ) );
#796 = PCURVE('',#746,#797);
#797 = DEFINITIONAL_REPRESENTATION('',(#798),#802);
#798 = CIRCLE('',#799,8.5);
#799 = AXIS2_PLACEMENT_2D('',#800,#801);
#800 = CARTESIAN_POINT('',(0.,0.));
#801 = DIRECTION('',(1.,-0.));
#802 = ( GEOMETRIC_REPRESENTATION_CONTEXT(2) 
PARAMETRIC_REPRESENTATION_CONTEXT() REPRESENTATION_CONTEXT('2D SPACE',''
  ) );
#803 = ORIENTED_EDGE('',*,*,#706,.T.);
#804 = ORIENTED_EDGE('',*,*,#202,.F.);
#805 = ADVANCED_FACE('',(#806),#257,.F.);
#806 = FACE_BOUND('',#807,.F.);
#807 = EDGE_LOOP('',(#808,#837,#858,#859));
#808 = ORIENTED_EDGE('',*,*,#809,.F.);
#809 = EDGE_CURVE('',#810,#810,#812,.T.);
#810 = VERTEX_POINT('',#811);
#811 = CARTESIAN_POINT('',(4.5,2.765449220185,-4.345560052537));
#812 = SURFACE_CURVE('',#813,(#818,#825),.PCURVE_S1.);
#813 = CIRCLE('',#814,1.);
#814 = AXIS2_PLACEMENT_3D('',#815,#816,#817);
#815 = CARTESIAN_POINT('',(4.5,3.765449220185,-4.345560052537));
#816 = DIRECTION('',(-1.,0.,0.));
#817 = DIRECTION('',(0.,-1.,0.));
#818 = PCURVE('',#257,#819);
#819 = DEFINITIONAL_REPRESENTATION('',(#820),#824);
#820 = LINE('',#821,#822);
#821 = CARTESIAN_POINT('',(0.,0.));
#822 = VECTOR('',#823,1.);
#823 = DIRECTION('',(1.,0.));
#824 = ( GEOMETRIC_REPRESENTATION_CONTEXT(2) 
PARAMETRIC_REPRESENTATION_CONTEXT() REPRESENTATION_CONTEXT('2D SPACE',''
  ) );
#825 = PCURVE('',#826,#831);
#826 = PLANE('',#827);
#827 = AXIS2_PLACEMENT_3D('',#828,#829,#830);
#828 = CARTESIAN_POINT('',(4.5,0.,0.));
#829 = DIRECTION('',(-1.,-0.,-0.));
#830 = DIRECTION('',(-0.,-1.,-0.));
#831 = DEFINITIONAL_REPRESENTATION('',(#832),#836);
#832 = CIRCLE('',#833,1.);
#833 = AXIS2_PLACEMENT_2D('',#834,#835);
#834 = CARTESIAN_POINT('',(-3.765449220185,-4.345560052537));
#835 = DIRECTION('',(1.,-0.));
#836 = ( GEOMETRIC_REPRESENTATION_CONTEXT(2) 
PARAMETRIC_REPRESENTATION_CONTEXT() REPRESENTATION_CONTEXT('2D SPACE',''
  ) );
#837 = ORIENTED_EDGE('',*,*,#838,.T.);
#838 = EDGE_CURVE('',#810,#241,#839,.T.);
#839 = SEAM_CURVE('',#840,(#844,#851),.PCURVE_S1.);
#840 = LINE('',#841,#842);
#841 = CARTESIAN_POINT('',(4.5,2.765449220185,-4.345560052537));
#842 = VECTOR('',#843,1.);
#843 = DIRECTION('',(1.,0.,0.));
#844 = PCURVE('',#257,#845);
#845 = DEFINITIONAL_REPRESENTATION('',(#846),#850);
#846 = LINE('',#847,#848);
#847 = CARTESIAN_POINT('',(6.28318530718,0.));
#848 = VECTOR('',#849,1.);
#849 = DIRECTION('',(0.,-1.));
#850 = ( GEOMETRIC_REPRESENTATION_CONTEXT(2) 
PARAMETRIC_REPRESENTATION_CONTEXT() REPRESENTATION_CONTEXT('2D SPACE',''
  ) );
#851 = PCURVE('',#257,#852);
#852 = DEFINITIONAL_REPRESENTATION('',(#853),#857);
#853 = LINE('',#854,#855);
#854 = CARTESIAN_POINT('',(0.,0.));
#855 = VECTOR('',#856,1.);
#856 = DIRECTION('',(0.,-1.));
#857 = ( GEOMETRIC_REPRESENTATION_CONTEXT(2) 
PARAMETRIC_REPRESENTATION_CONTEXT() REPRESENTATION_CONTEXT('2D SPACE',''
  ) );
#858 = ORIENTED_EDGE('',*,*,#240,.T.);
#859 = ORIENTED_EDGE('',*,*,#838,.F.);
#860 = ADVANCED_FACE('',(#861),#288,.F.);
#861 = FACE_BOUND('',#862,.F.);
#862 = EDGE_LOOP('',(#863,#887,#908,#909));
#863 = ORIENTED_EDGE('',*,*,#864,.F.);
#864 = EDGE_CURVE('',#865,#865,#867,.T.);
#865 = VERTEX_POINT('',#866);
#866 = CARTESIAN_POINT('',(4.5,-0.181689679929,-5.691473290815));
#867 = SURFACE_CURVE('',#868,(#873,#880),.PCURVE_S1.);
#868 = CIRCLE('',#869,1.);
#869 = AXIS2_PLACEMENT_3D('',#870,#871,#872);
#870 = CARTESIAN_POINT('',(4.5,0.818310320071,-5.691473290815));
#871 = DIRECTION('',(-1.,0.,0.));
#872 = DIRECTION('',(0.,-1.,0.));
#873 = PCURVE('',#288,#874);
#874 = DEFINITIONAL_REPRESENTATION('',(#875),#879);
#875 = LINE('',#876,#877);
#876 = CARTESIAN_POINT('',(0.,0.));
#877 = VECTOR('',#878,1.);
#878 = DIRECTION('',(1.,0.));
#879 = ( GEOMETRIC_REPRESENTATION_CONTEXT(2) 
PARAMETRIC_REPRESENTATION_CONTEXT() REPRESENTATION_CONTEXT('2D SPACE',''
  ) );
#880 = PCURVE('',#826,#881);
#881 = DEFINITIONAL_REPRESENTATION('',(#882),#886);
#882 = CIRCLE('',#883,1.);
#883 = AXIS2_PLACEMENT_2D('',#884,#885);
#884 = CARTESIAN_POINT('',(-0.818310320071,-5.691473290815));
#885 = DIRECTION('',(1.,-0.));
#886 = ( GEOMETRIC_REPRESENTATION_CONTEXT(2) 
PARAMETRIC_REPRESENTATION_CONTEXT() REPRESENTATION_CONTEXT('2D SPACE',''
  ) );
#887 = ORIENTED_EDGE('',*,*,#888,.T.);
#888 = EDGE_CURVE('',#865,#272,#889,.T.);
#889 = SEAM_CURVE('',#890,(#894,#901),.PCURVE_S1.);
#890 = LINE('',#891,#892);
#891 = CARTESIAN_POINT('',(4.5,-0.181689679929,-5.691473290815));
#892 = VECTOR('',#893,1.);
#893 = DIRECTION('',(1.,0.,0.));
#894 = PCURVE('',#288,#895);
#895 = DEFINITIONAL_REPRESENTATION('',(#896),#900);
#896 = LINE('',#897,#898);
#897 = CARTESIAN_POINT('',(6.28318530718,0.));
#898 = VECTOR('',#899,1.);
#899 = DIRECTION('',(0.,-1.));
#900 = ( GEOMETRIC_REPRESENTATION_CONTEXT(2) 
PARAMETRIC_REPRESENTATION_CONTEXT() REPRESENTATION_CONTEXT('2D SPACE',''
  ) );
#901 = PCURVE('',#288,#902);
#902 = DEFINITIONAL_REPRESENTATION('',(#903),#907);
#903 = LINE('',#904,#905);
#904 = CARTESIAN_POINT('',(0.,0.));
#905 = VECTOR('',#906,1.);
#906 = DIRECTION('',(0.,-1.));
#907 = ( GEOMETRIC_REPRESENTATION_CONTEXT(2) 
PARAMETRIC_REPRESENTATION_CONTEXT() REPRESENTATION_CONTEXT('2D SPACE',''
  ) );
#908 = ORIENTED_EDGE('',*,*,#271,.T.);
#909 = ORIENTED_EDGE('',*,*,#888,.F.);
#910 = ADVANCED_FACE('',(#911),#319,.F.);
#911 = FACE_BOUND('',#912,.F.);
#912 = EDGE_LOOP('',(#913,#937,#958,#959));
#913 = ORIENTED_EDGE('',*,*,#914,.F.);
#914 = EDGE_CURVE('',#915,#915,#917,.T.);
#915 = VERTEX_POINT('',#916);
#916 = CARTESIAN_POINT('',(4.5,4.517084598283,-1.619962201838));
#917 = SURFACE_CURVE('',#918,(#923,#930),.PCURVE_S1.);
#918 = CIRCLE('',#919,1.);
#919 = AXIS2_PLACEMENT_3D('',#920,#921,#922);
#920 = CARTESIAN_POINT('',(4.5,5.517084598283,-1.619962201838));
#921 = DIRECTION('',(-1.,0.,0.));
#922 = DIRECTION('',(0.,-1.,0.));
#923 = PCURVE('',#319,#924);
#924 = DEFINITIONAL_REPRESENTATION('',(#925),#929);
#925 = LINE('',#926,#927);
#926 = CARTESIAN_POINT('',(0.,0.));
#927 = VECTOR('',#928,1.);
#928 = DIRECTION('',(1.,0.));
#929 = ( GEOMETRIC_REPRESENTATION_CONTEXT(2) 
PARAMETRIC_REPRESENTATION_CONTEXT() REPRESENTATION_CONTEXT('2D SPACE',''
  ) );
#930 = PCURVE('',#826,#931);
#931 = DEFINITIONAL_REPRESENTATION('',(#932),#936);
#932 = CIRCLE('',#933,1.);
#933 = AXIS2_PLACEMENT_2D('',#934,#935);
#934 = CARTESIAN_POINT('',(-5.517084598283,-1.619962201838));
#935 = DIRECTION('',(1.,-0.));
#936 = ( GEOMETRIC_REPRESENTATION_CONTEXT(2) 
PARAMETRIC_REPRESENTATION_CONTEXT() REPRESENTATION_CONTEXT('2D SPACE',''
  ) );
#937 = ORIENTED_EDGE('',*,*,#938,.T.);
#938 = EDGE_CURVE('',#915,#303,#939,.T.);
#939 = SEAM_CURVE('',#940,(#944,#951),.PCURVE_S1.);
#940 = LINE('',#941,#942);
#941 = CARTESIAN_POINT('',(4.5,4.517084598283,-1.619962201838));
#942 = VECTOR('',#943,1.);
#943 = DIRECTION('',(1.,0.,0.));
#944 = PCURVE('',#319,#945);
#945 = DEFINITIONAL_REPRESENTATION('',(#946),#950);
#946 = LINE('',#947,#948);
#947 = CARTESIAN_POINT('',(6.28318530718,0.));
#948 = VECTOR('',#949,1.);
#949 = DIRECTION('',(0.,-1.));
#950 = ( GEOMETRIC_REPRESENTATION_CONTEXT(2) 
PARAMETRIC_REPRESENTATION_CONTEXT() REPRESENTATION_CONTEXT('2D SPACE',''
  ) );
#951 = PCURVE('',#319,#952);
#952 = DEFINITIONAL_REPRESENTATION('',(#953),#957);
#953 = LINE('',#954,#955);
#954 = CARTESIAN_POINT('',(0.,0.));
#955 = VECTOR('',#956,1.);
#956 = DIRECTION('',(0.,-1.));
#957 = ( GEOMETRIC_REPRESENTATION_CONTEXT(2) 
PARAMETRIC_REPRESENTATION_CONTEXT() REPRESENTATION_CONTEXT('2D SPACE',''
  ) );
#958 = ORIENTED_EDGE('',*,*,#302,.T.);
#959 = ORIENTED_EDGE('',*,*,#938,.F.);
#960 = ADVANCED_FACE('',(#961),#350,.F.);
#961 = FACE_BOUND('',#962,.F.);
#962 = EDGE_LOOP('',(#963,#987,#1008,#1009));
#963 = ORIENTED_EDGE('',*,*,#964,.F.);
#964 = EDGE_CURVE('',#965,#965,#967,.T.);
#965 = VERTEX_POINT('',#966);
#966 = CARTESIAN_POINT('',(4.5,-0.150203265469,-2.615405419812));
#967 = SURFACE_CURVE('',#968,(#973,#980),.PCURVE_S1.);
#968 = CIRCLE('',#969,1.);
#969 = AXIS2_PLACEMENT_3D('',#970,#971,#972);
#970 = CARTESIAN_POINT('',(4.5,0.849796734531,-2.615405419812));
#971 = DIRECTION('',(-1.,0.,0.));
#972 = DIRECTION('',(0.,-1.,0.));
#973 = PCURVE('',#350,#974);
#974 = DEFINITIONAL_REPRESENTATION('',(#975),#979);
#975 = LINE('',#976,#977);
#976 = CARTESIAN_POINT('',(0.,0.));
#977 = VECTOR('',#978,1.);
#978 = DIRECTION('',(1.,0.));
#979 = ( GEOMETRIC_REPRESENTATION_CONTEXT(2) 
PARAMETRIC_REPRESENTATION_CONTEXT() REPRESENTATION_CONTEXT('2D SPACE',''
  ) );
#980 = PCURVE('',#826,#981);
#981 = DEFINITIONAL_REPRESENTATION('',(#982),#986);
#982 = CIRCLE('',#983,1.);
#983 = AXIS2_PLACEMENT_2D('',#984,#985);
#984 = CARTESIAN_POINT('',(-0.849796734531,-2.615405419812));
#985 = DIRECTION('',(1.,-0.));
#986 = ( GEOMETRIC_REPRESENTATION_CONTEXT(2) 
PARAMETRIC_REPRESENTATION_CONTEXT() REPRESENTATION_CONTEXT('2D SPACE',''
  ) );
#987 = ORIENTED_EDGE('',*,*,#988,.T.);
#988 = EDGE_CURVE('',#965,#334,#989,.T.);
#989 = SEAM_CURVE('',#990,(#994,#1001),.PCURVE_S1.);
#990 = LINE('',#991,#992);
#991 = CARTESIAN_POINT('',(4.5,-0.150203265469,-2.615405419812));
#992 = VECTOR('',#993,1.);
#993 = DIRECTION('',(1.,0.,0.));
#994 = PCURVE('',#350,#995);
#995 = DEFINITIONAL_REPRESENTATION('',(#996),#1000);
#996 = LINE('',#997,#998);
#997 = CARTESIAN_POINT('',(6.28318530718,0.));
#998 = VECTOR('',#999,1.);
#999 = DIRECTION('',(0.,-1.));
#1000 = ( GEOMETRIC_REPRESENTATION_CONTEXT(2) 
PARAMETRIC_REPRESENTATION_CONTEXT() REPRESENTATION_CONTEXT('2D SPACE',''
  ) );
#1001 = PCURVE('',#350,#1002);
#1002 = DEFINITIONAL_REPRESENTATION('',(#1003),#1007);
#1003 = LINE('',#1004,#1005);
#1004 = CARTESIAN_POINT('',(0.,0.));
#1005 = VECTOR('',#1006,1.);
#1006 = DIRECTION('',(0.,-1.));
#1007 = ( GEOMETRIC_REPRESENTATION_CONTEXT(2) 
PARAMETRIC_REPRESENTATION_CONTEXT() REPRESENTATION_CONTEXT('2D SPACE',''
  ) );
#1008 = ORIENTED_EDGE('',*,*,#333,.T.);
#1009 = ORIENTED_EDGE('',*,*,#988,.F.);
#1010 = ADVANCED_FACE('',(#1011),#381,.F.);
#1011 = FACE_BOUND('',#1012,.F.);
#1012 = EDGE_LOOP('',(#1013,#1037,#1058,#1059));
#1013 = ORIENTED_EDGE('',*,*,#1014,.F.);
#1014 = EDGE_CURVE('',#1015,#1015,#1017,.T.);
#1015 = VERTEX_POINT('',#1016);
#1016 = CARTESIAN_POINT('',(4.5,-3.388636324761,-5.230383973288));
#1017 = SURFACE_CURVE('',#1018,(#1023,#1030),.PCURVE_S1.);
#1018 = CIRCLE('',#1019,1.);
#1019 = AXIS2_PLACEMENT_3D('',#1020,#1021,#1022);
#1020 = CARTESIAN_POINT('',(4.5,-2.388636324761,-5.230383973288));
#1021 = DIRECTION('',(-1.,0.,0.));
#1022 = DIRECTION('',(0.,-1.,0.));
#1023 = PCURVE('',#381,#1024);
#1024 = DEFINITIONAL_REPRESENTATION('',(#1025),#1029);
#1025 = LINE('',#1026,#1027);
#1026 = CARTESIAN_POINT('',(0.,0.));
#1027 = VECTOR('',#1028,1.);
#1028 = DIRECTION('',(1.,0.));
#1029 = ( GEOMETRIC_REPRESENTATION_CONTEXT(2) 
PARAMETRIC_REPRESENTATION_CONTEXT() REPRESENTATION_CONTEXT('2D SPACE',''
  ) );
#1030 = PCURVE('',#826,#1031);
#1031 = DEFINITIONAL_REPRESENTATION('',(#1032),#1036);
#1032 = CIRCLE('',#1033,1.);
#1033 = AXIS2_PLACEMENT_2D('',#1034,#1035);
#1034 = CARTESIAN_POINT('',(2.388636324761,-5.230383973288));
#1035 = DIRECTION('',(1.,-0.));
#1036 = ( GEOMETRIC_REPRESENTATION_CONTEXT(2) 
PARAMETRIC_REPRESENTATION_CONTEXT() REPRESENTATION_CONTEXT('2D SPACE',''
  ) );
#1037 = ORIENTED_EDGE('',*,*,#1038,.T.);
#1038 = EDGE_CURVE('',#1015,#365,#1039,.T.);
#1039 = SEAM_CURVE('',#1040,(#1044,#1051),.PCURVE_S1.);
#1040 = LINE('',#1041,#1042);
#1041 = CARTESIAN_POINT('',(4.5,-3.388636324761,-5.230383973288));
#1042 = VECTOR('',#1043,1.);
#1043 = DIRECTION('',(1.,0.,0.));
#1044 = PCURVE('',#381,#1045);
#1045 = DEFINITIONAL_REPRESENTATION('',(#1046),#1050);
#1046 = LINE('',#1047,#1048);
#1047 = CARTESIAN_POINT('',(6.28318530718,0.));
#1048 = VECTOR('',#1049,1.);
#1049 = DIRECTION('',(0.,-1.));
#1050 = ( GEOMETRIC_REPRESENTATION_CONTEXT(2) 
PARAMETRIC_REPRESENTATION_CONTEXT() REPRESENTATION_CONTEXT('2D SPACE',''
  ) );
#1051 = PCURVE('',#381,#1052);
#1052 = DEFINITIONAL_REPRESENTATION('',(#1053),#1057);
#1053 = LINE('',#1054,#1055);
#1054 = CARTESIAN_POINT('',(0.,0.));
#1055 = VECTOR('',#1056,1.);
#1056 = DIRECTION('',(0.,-1.));
#1057 = ( GEOMETRIC_REPRESENTATION_CONTEXT(2) 
PARAMETRIC_REPRESENTATION_CONTEXT() REPRESENTATION_CONTEXT('2D SPACE',''
  ) );
#1058 = ORIENTED_EDGE('',*,*,#364,.T.);
#1059 = ORIENTED_EDGE('',*,*,#1038,.F.);
#1060 = ADVANCED_FACE('',(#1061),#412,.F.);
#1061 = FACE_BOUND('',#1062,.F.);
#1062 = EDGE_LOOP('',(#1063,#1087,#1108,#1109));
#1063 = ORIENTED_EDGE('',*,*,#1064,.F.);
#1064 = EDGE_CURVE('',#1065,#1065,#1067,.T.);
#1065 = VERTEX_POINT('',#1066);
#1066 = CARTESIAN_POINT('',(4.5,-3.224796734531,-1.616409443805));
#1067 = SURFACE_CURVE('',#1068,(#1073,#1080),.PCURVE_S1.);
#1068 = CIRCLE('',#1069,1.);
#1069 = AXIS2_PLACEMENT_3D('',#1070,#1071,#1072);
#1070 = CARTESIAN_POINT('',(4.5,-2.224796734531,-1.616409443805));
#1071 = DIRECTION('',(-1.,0.,0.));
#1072 = DIRECTION('',(0.,-1.,0.));
#1073 = PCURVE('',#412,#1074);
#1074 = DEFINITIONAL_REPRESENTATION('',(#1075),#1079);
#1075 = LINE('',#1076,#1077);
#1076 = CARTESIAN_POINT('',(0.,0.));
#1077 = VECTOR('',#1078,1.);
#1078 = DIRECTION('',(1.,0.));
#1079 = ( GEOMETRIC_REPRESENTATION_CONTEXT(2) 
PARAMETRIC_REPRESENTATION_CONTEXT() REPRESENTATION_CONTEXT('2D SPACE',''
  ) );
#1080 = PCURVE('',#826,#1081);
#1081 = DEFINITIONAL_REPRESENTATION('',(#1082),#1086);
#1082 = CIRCLE('',#1083,1.);
#1083 = AXIS2_PLACEMENT_2D('',#1084,#1085);
#1084 = CARTESIAN_POINT('',(2.224796734531,-1.616409443805));
#1085 = DIRECTION('',(1.,-0.));
#1086 = ( GEOMETRIC_REPRESENTATION_CONTEXT(2) 
PARAMETRIC_REPRESENTATION_CONTEXT() REPRESENTATION_CONTEXT('2D SPACE',''
  ) );
#1087 = ORIENTED_EDGE('',*,*,#1088,.T.);
#1088 = EDGE_CURVE('',#1065,#396,#1089,.T.);
#1089 = SEAM_CURVE('',#1090,(#1094,#1101),.PCURVE_S1.);
#1090 = LINE('',#1091,#1092);
#1091 = CARTESIAN_POINT('',(4.5,-3.224796734531,-1.616409443805));
#1092 = VECTOR('',#1093,1.);
#1093 = DIRECTION('',(1.,0.,0.));
#1094 = PCURVE('',#412,#1095);
#1095 = DEFINITIONAL_REPRESENTATION('',(#1096),#1100);
#1096 = LINE('',#1097,#1098);
#1097 = CARTESIAN_POINT('',(6.28318530718,0.));
#1098 = VECTOR('',#1099,1.);
#1099 = DIRECTION('',(0.,-1.));
#1100 = ( GEOMETRIC_REPRESENTATION_CONTEXT(2) 
PARAMETRIC_REPRESENTATION_CONTEXT() REPRESENTATION_CONTEXT('2D SPACE',''
  ) );
#1101 = PCURVE('',#412,#1102);
#1102 = DEFINITIONAL_REPRESENTATION('',(#1103),#1107);
#1103 = LINE('',#1104,#1105);
#1104 = CARTESIAN_POINT('',(0.,0.));
#1105 = VECTOR('',#1106,1.);
#1106 = DIRECTION('',(0.,-1.));
#1107 = ( GEOMETRIC_REPRESENTATION_CONTEXT(2) 
PARAMETRIC_REPRESENTATION_CONTEXT() REPRESENTATION_CONTEXT('2D SPACE',''
  ) );
#1108 = ORIENTED_EDGE('',*,*,#395,.T.);
#1109 = ORIENTED_EDGE('',*,*,#1088,.F.);
#1110 = ADVANCED_FACE('',(#1111),#443,.F.);
#1111 = FACE_BOUND('',#1112,.F.);
#1112 = EDGE_LOOP('',(#1113,#1137,#1158,#1159));
#1113 = ORIENTED_EDGE('',*,*,#1114,.F.);
#1114 = EDGE_CURVE('',#1115,#1115,#1117,.T.);
#1115 = VERTEX_POINT('',#1116);
#1116 = CARTESIAN_POINT('',(4.5,-5.837207813779,-3.10868470037));
#1117 = SURFACE_CURVE('',#1118,(#1123,#1130),.PCURVE_S1.);
#1118 = CIRCLE('',#1119,1.);
#1119 = AXIS2_PLACEMENT_3D('',#1120,#1121,#1122);
#1120 = CARTESIAN_POINT('',(4.5,-4.837207813779,-3.10868470037));
#1121 = DIRECTION('',(-1.,0.,0.));
#1122 = DIRECTION('',(0.,-1.,0.));
#1123 = PCURVE('',#443,#1124);
#1124 = DEFINITIONAL_REPRESENTATION('',(#1125),#1129);
#1125 = LINE('',#1126,#1127);
#1126 = CARTESIAN_POINT('',(0.,0.));
#1127 = VECTOR('',#1128,1.);
#1128 = DIRECTION('',(1.,0.));
#1129 = ( GEOMETRIC_REPRESENTATION_CONTEXT(2) 
PARAMETRIC_REPRESENTATION_CONTEXT() REPRESENTATION_CONTEXT('2D SPACE',''
  ) );
#1130 = PCURVE('',#826,#1131);
#1131 = DEFINITIONAL_REPRESENTATION('',(#1132),#1136);
#1132 = CIRCLE('',#1133,1.);
#1133 = AXIS2_PLACEMENT_2D('',#1134,#1135);
#1134 = CARTESIAN_POINT('',(4.837207813779,-3.10868470037));
#1135 = DIRECTION('',(1.,-0.));
#1136 = ( GEOMETRIC_REPRESENTATION_CONTEXT(2) 
PARAMETRIC_REPRESENTATION_CONTEXT() REPRESENTATION_CONTEXT('2D SPACE',''
  ) );
#1137 = ORIENTED_EDGE('',*,*,#1138,.T.);
#1138 = EDGE_CURVE('',#1115,#427,#1139,.T.);
#1139 = SEAM_CURVE('',#1140,(#1144,#1151),.PCURVE_S1.);
#1140 = LINE('',#1141,#1142);
#1141 = CARTESIAN_POINT('',(4.5,-5.837207813779,-3.10868470037));
#1142 = VECTOR('',#1143,1.);
#1143 = DIRECTION('',(1.,0.,0.));
#1144 = PCURVE('',#443,#1145);
#1145 = DEFINITIONAL_REPRESENTATION('',(#1146),#1150);
#1146 = LINE('',#1147,#1148);
#1147 = CARTESIAN_POINT('',(6.28318530718,0.));
#1148 = VECTOR('',#1149,1.);
#1149 = DIRECTION('',(0.,-1.));
#1150 = ( GEOMETRIC_REPRESENTATION_CONTEXT(2) 
PARAMETRIC_REPRESENTATION_CONTEXT() REPRESENTATION_CONTEXT('2D SPACE',''
  ) );
#1151 = PCURVE('',#443,#1152);
#1152 = DEFINITIONAL_REPRESENTATION('',(#1153),#1157);
#1153 = LINE('',#1154,#1155);
#1154 = CARTESIAN_POINT('',(0.,0.));
#1155 = VECTOR('',#1156,1.);
#1156 = DIRECTION('',(0.,-1.));
#1157 = ( GEOMETRIC_REPRESENTATION_CONTEXT(2) 
PARAMETRIC_REPRESENTATION_CONTEXT() REPRESENTATION_CONTEXT('2D SPACE',''
  ) );
#1158 = ORIENTED_EDGE('',*,*,#426,.T.);
#1159 = ORIENTED_EDGE('',*,*,#1138,.F.);
#1160 = ADVANCED_FACE('',(#1161),#474,.F.);
#1161 = FACE_BOUND('',#1162,.F.);
#1162 = EDGE_LOOP('',(#1163,#1187,#1208,#1209));
#1163 = ORIENTED_EDGE('',*,*,#1164,.F.);
#1164 = EDGE_CURVE('',#1165,#1165,#1167,.T.);
#1165 = VERTEX_POINT('',#1166);
#1166 = CARTESIAN_POINT('',(4.5,4.517084598283,1.619962201838));
#1167 = SURFACE_CURVE('',#1168,(#1173,#1180),.PCURVE_S1.);
#1168 = CIRCLE('',#1169,1.);
#1169 = AXIS2_PLACEMENT_3D('',#1170,#1171,#1172);
#1170 = CARTESIAN_POINT('',(4.5,5.517084598283,1.619962201838));
#1171 = DIRECTION('',(-1.,0.,0.));
#1172 = DIRECTION('',(0.,-1.,0.));
#1173 = PCURVE('',#474,#1174);
#1174 = DEFINITIONAL_REPRESENTATION('',(#1175),#1179);
#1175 = LINE('',#1176,#1177);
#1176 = CARTESIAN_POINT('',(0.,0.));
#1177 = VECTOR('',#1178,1.);
#1178 = DIRECTION('',(1.,0.));
#1179 = ( GEOMETRIC_REPRESENTATION_CONTEXT(2) 
PARAMETRIC_REPRESENTATION_CONTEXT() REPRESENTATION_CONTEXT('2D SPACE',''
  ) );
#1180 = PCURVE('',#826,#1181);
#1181 = DEFINITIONAL_REPRESENTATION('',(#1182),#1186);
#1182 = CIRCLE('',#1183,1.);
#1183 = AXIS2_PLACEMENT_2D('',#1184,#1185);
#1184 = CARTESIAN_POINT('',(-5.517084598283,1.619962201838));
#1185 = DIRECTION('',(1.,-0.));
#1186 = ( GEOMETRIC_REPRESENTATION_CONTEXT(2) 
PARAMETRIC_REPRESENTATION_CONTEXT() REPRESENTATION_CONTEXT('2D SPACE',''
  ) );
#1187 = ORIENTED_EDGE('',*,*,#1188,.T.);
#1188 = EDGE_CURVE('',#1165,#458,#1189,.T.);
#1189 = SEAM_CURVE('',#1190,(#1194,#1201),.PCURVE_S1.);
#1190 = LINE('',#1191,#1192);
#1191 = CARTESIAN_POINT('',(4.5,4.517084598283,1.619962201838));
#1192 = VECTOR('',#1193,1.);
#1193 = DIRECTION('',(1.,0.,0.));
#1194 = PCURVE('',#474,#1195);
#1195 = DEFINITIONAL_REPRESENTATION('',(#1196),#1200);
#1196 = LINE('',#1197,#1198);
#1197 = CARTESIAN_POINT('',(6.28318530718,0.));
#1198 = VECTOR('',#1199,1.);
#1199 = DIRECTION('',(0.,-1.));
#1200 = ( GEOMETRIC_REPRESENTATION_CONTEXT(2) 
PARAMETRIC_REPRESENTATION_CONTEXT() REPRESENTATION_CONTEXT('2D SPACE',''
  ) );
#1201 = PCURVE('',#474,#1202);
#1202 = DEFINITIONAL_REPRESENTATION('',(#1203),#1207);
#1203 = LINE('',#1204,#1205);
#1204 = CARTESIAN_POINT('',(0.,0.));
#1205 = VECTOR('',#1206,1.);
#1206 = DIRECTION('',(0.,-1.));
#1207 = ( GEOMETRIC_REPRESENTATION_CONTEXT(2) 
PARAMETRIC_REPRESENTATION_CONTEXT() REPRESENTATION_CONTEXT('2D SPACE',''
  ) );
#1208 = ORIENTED_EDGE('',*,*,#457,.T.);
#1209 = ORIENTED_EDGE('',*,*,#1188,.F.);
#1210 = ADVANCED_FACE('',(#1211),#505,.F.);
#1211 = FACE_BOUND('',#1212,.F.);
#1212 = EDGE_LOOP('',(#1213,#1237,#1258,#1259));
#1213 = ORIENTED_EDGE('',*,*,#1214,.F.);
#1214 = EDGE_CURVE('',#1215,#1215,#1217,.T.);
#1215 = VERTEX_POINT('',#1216);
#1216 = CARTESIAN_POINT('',(4.5,1.75,0.));
#1217 = SURFACE_CURVE('',#1218,(#1223,#1230),.PCURVE_S1.);
#1218 = CIRCLE('',#1219,1.);
#1219 = AXIS2_PLACEMENT_3D('',#1220,#1221,#1222);
#1220 = CARTESIAN_POINT('',(4.5,2.75,0.));
#1221 = DIRECTION('',(-1.,0.,0.));
#1222 = DIRECTION('',(0.,-1.,0.));
#1223 = PCURVE('',#505,#1224);
#1224 = DEFINITIONAL_REPRESENTATION('',(#1225),#1229);
#1225 = LINE('',#1226,#1227);
#1226 = CARTESIAN_POINT('',(0.,0.));
#1227 = VECTOR('',#1228,1.);
#1228 = DIRECTION('',(1.,0.));
#1229 = ( GEOMETRIC_REPRESENTATION_CONTEXT(2) 
PARAMETRIC_REPRESENTATION_CONTEXT() REPRESENTATION_CONTEXT('2D SPACE',''
  ) );
#1230 = PCURVE('',#826,#1231);
#1231 = DEFINITIONAL_REPRESENTATION('',(#1232),#1236);
#1232 = CIRCLE('',#1233,1.);
#1233 = AXIS2_PLACEMENT_2D('',#1234,#1235);
#1234 = CARTESIAN_POINT('',(-2.75,0.));
#1235 = DIRECTION('',(1.,-0.));
#1236 = ( GEOMETRIC_REPRESENTATION_CONTEXT(2) 
PARAMETRIC_REPRESENTATION_CONTEXT() REPRESENTATION_CONTEXT('2D SPACE',''
  ) );
#1237 = ORIENTED_EDGE('',*,*,#1238,.T.);
#1238 = EDGE_CURVE('',#1215,#489,#1239,.T.);
#1239 = SEAM_CURVE('',#1240,(#1244,#1251),.PCURVE_S1.);
#1240 = LINE('',#1241,#1242);
#1241 = CARTESIAN_POINT('',(4.5,1.75,0.));
#1242 = VECTOR('',#1243,1.);
#1243 = DIRECTION('',(1.,0.,0.));
#1244 = PCURVE('',#505,#1245);
#1245 = DEFINITIONAL_REPRESENTATION('',(#1246),#1250);
#1246 = LINE('',#1247,#1248);
#1247 = CARTESIAN_POINT('',(6.28318530718,0.));
#1248 = VECTOR('',#1249,1.);
#1249 = DIRECTION('',(0.,-1.));
#1250 = ( GEOMETRIC_REPRESENTATION_CONTEXT(2) 
PARAMETRIC_REPRESENTATION_CONTEXT() REPRESENTATION_CONTEXT('2D SPACE',''
  ) );
#1251 = PCURVE('',#505,#1252);
#1252 = DEFINITIONAL_REPRESENTATION('',(#1253),#1257);
#1253 = LINE('',#1254,#1255);
#1254 = CARTESIAN_POINT('',(0.,0.));
#1255 = VECTOR('',#1256,1.);
#1256 = DIRECTION('',(0.,-1.));
#1257 = ( GEOMETRIC_REPRESENTATION_CONTEXT(2) 
PARAMETRIC_REPRESENTATION_CONTEXT() REPRESENTATION_CONTEXT('2D SPACE',''
  ) );
#1258 = ORIENTED_EDGE('',*,*,#488,.T.);
#1259 = ORIENTED_EDGE('',*,*,#1238,.F.);
#1260 = ADVANCED_FACE('',(#1261),#536,.F.);
#1261 = FACE_BOUND('',#1262,.F.);
#1262 = EDGE_LOOP('',(#1263,#1287,#1308,#1309));
#1263 = ORIENTED_EDGE('',*,*,#1264,.F.);
#1264 = EDGE_CURVE('',#1265,#1265,#1267,.T.);
#1265 = VERTEX_POINT('',#1266);
#1266 = CARTESIAN_POINT('',(4.5,-0.15020326547,2.615405419812));
#1267 = SURFACE_CURVE('',#1268,(#1273,#1280),.PCURVE_S1.);
#1268 = CIRCLE('',#1269,1.);
#1269 = AXIS2_PLACEMENT_3D('',#1270,#1271,#1272);
#1270 = CARTESIAN_POINT('',(4.5,0.84979673453,2.615405419812));
#1271 = DIRECTION('',(-1.,0.,0.));
#1272 = DIRECTION('',(0.,-1.,0.));
#1273 = PCURVE('',#536,#1274);
#1274 = DEFINITIONAL_REPRESENTATION('',(#1275),#1279);
#1275 = LINE('',#1276,#1277);
#1276 = CARTESIAN_POINT('',(0.,0.));
#1277 = VECTOR('',#1278,1.);
#1278 = DIRECTION('',(1.,0.));
#1279 = ( GEOMETRIC_REPRESENTATION_CONTEXT(2) 
PARAMETRIC_REPRESENTATION_CONTEXT() REPRESENTATION_CONTEXT('2D SPACE',''
  ) );
#1280 = PCURVE('',#826,#1281);
#1281 = DEFINITIONAL_REPRESENTATION('',(#1282),#1286);
#1282 = CIRCLE('',#1283,1.);
#1283 = AXIS2_PLACEMENT_2D('',#1284,#1285);
#1284 = CARTESIAN_POINT('',(-0.84979673453,2.615405419812));
#1285 = DIRECTION('',(1.,-0.));
#1286 = ( GEOMETRIC_REPRESENTATION_CONTEXT(2) 
PARAMETRIC_REPRESENTATION_CONTEXT() REPRESENTATION_CONTEXT('2D SPACE',''
  ) );
#1287 = ORIENTED_EDGE('',*,*,#1288,.T.);
#1288 = EDGE_CURVE('',#1265,#520,#1289,.T.);
#1289 = SEAM_CURVE('',#1290,(#1294,#1301),.PCURVE_S1.);
#1290 = LINE('',#1291,#1292);
#1291 = CARTESIAN_POINT('',(4.5,-0.15020326547,2.615405419812));
#1292 = VECTOR('',#1293,1.);
#1293 = DIRECTION('',(1.,0.,0.));
#1294 = PCURVE('',#536,#1295);
#1295 = DEFINITIONAL_REPRESENTATION('',(#1296),#1300);
#1296 = LINE('',#1297,#1298);
#1297 = CARTESIAN_POINT('',(6.28318530718,0.));
#1298 = VECTOR('',#1299,1.);
#1299 = DIRECTION('',(0.,-1.));
#1300 = ( GEOMETRIC_REPRESENTATION_CONTEXT(2) 
PARAMETRIC_REPRESENTATION_CONTEXT() REPRESENTATION_CONTEXT('2D SPACE',''
  ) );
#1301 = PCURVE('',#536,#1302);
#1302 = DEFINITIONAL_REPRESENTATION('',(#1303),#1307);
#1303 = LINE('',#1304,#1305);
#1304 = CARTESIAN_POINT('',(0.,0.));
#1305 = VECTOR('',#1306,1.);
#1306 = DIRECTION('',(0.,-1.));
#1307 = ( GEOMETRIC_REPRESENTATION_CONTEXT(2) 
PARAMETRIC_REPRESENTATION_CONTEXT() REPRESENTATION_CONTEXT('2D SPACE',''
  ) );
#1308 = ORIENTED_EDGE('',*,*,#519,.T.);
#1309 = ORIENTED_EDGE('',*,*,#1288,.F.);
#1310 = ADVANCED_FACE('',(#1311),#567,.F.);
#1311 = FACE_BOUND('',#1312,.F.);
#1312 = EDGE_LOOP('',(#1313,#1337,#1358,#1359));
#1313 = ORIENTED_EDGE('',*,*,#1314,.F.);
#1314 = EDGE_CURVE('',#1315,#1315,#1317,.T.);
#1315 = VERTEX_POINT('',#1316);
#1316 = CARTESIAN_POINT('',(4.5,2.765449220185,4.345560052537));
#1317 = SURFACE_CURVE('',#1318,(#1323,#1330),.PCURVE_S1.);
#1318 = CIRCLE('',#1319,1.);
#1319 = AXIS2_PLACEMENT_3D('',#1320,#1321,#1322);
#1320 = CARTESIAN_POINT('',(4.5,3.765449220185,4.345560052537));
#1321 = DIRECTION('',(-1.,0.,0.));
#1322 = DIRECTION('',(0.,-1.,0.));
#1323 = PCURVE('',#567,#1324);
#1324 = DEFINITIONAL_REPRESENTATION('',(#1325),#1329);
#1325 = LINE('',#1326,#1327);
#1326 = CARTESIAN_POINT('',(0.,0.));
#1327 = VECTOR('',#1328,1.);
#1328 = DIRECTION('',(1.,0.));
#1329 = ( GEOMETRIC_REPRESENTATION_CONTEXT(2) 
PARAMETRIC_REPRESENTATION_CONTEXT() REPRESENTATION_CONTEXT('2D SPACE',''
  ) );
#1330 = PCURVE('',#826,#1331);
#1331 = DEFINITIONAL_REPRESENTATION('',(#1332),#1336);
#1332 = CIRCLE('',#1333,1.);
#1333 = AXIS2_PLACEMENT_2D('',#1334,#1335);
#1334 = CARTESIAN_POINT('',(-3.765449220185,4.345560052537));
#1335 = DIRECTION('',(1.,-0.));
#1336 = ( GEOMETRIC_REPRESENTATION_CONTEXT(2) 
PARAMETRIC_REPRESENTATION_CONTEXT() REPRESENTATION_CONTEXT('2D SPACE',''
  ) );
#1337 = ORIENTED_EDGE('',*,*,#1338,.T.);
#1338 = EDGE_CURVE('',#1315,#551,#1339,.T.);
#1339 = SEAM_CURVE('',#1340,(#1344,#1351),.PCURVE_S1.);
#1340 = LINE('',#1341,#1342);
#1341 = CARTESIAN_POINT('',(4.5,2.765449220185,4.345560052537));
#1342 = VECTOR('',#1343,1.);
#1343 = DIRECTION('',(1.,0.,0.));
#1344 = PCURVE('',#567,#1345);
#1345 = DEFINITIONAL_REPRESENTATION('',(#1346),#1350);
#1346 = LINE('',#1347,#1348);
#1347 = CARTESIAN_POINT('',(6.28318530718,0.));
#1348 = VECTOR('',#1349,1.);
#1349 = DIRECTION('',(0.,-1.));
#1350 = ( GEOMETRIC_REPRESENTATION_CONTEXT(2) 
PARAMETRIC_REPRESENTATION_CONTEXT() REPRESENTATION_CONTEXT('2D SPACE',''
  ) );
#1351 = PCURVE('',#567,#1352);
#1352 = DEFINITIONAL_REPRESENTATION('',(#1353),#1357);
#1353 = LINE('',#1354,#1355);
#1354 = CARTESIAN_POINT('',(0.,0.));
#1355 = VECTOR('',#1356,1.);
#1356 = DIRECTION('',(0.,-1.));
#1357 = ( GEOMETRIC_REPRESENTATION_CONTEXT(2) 
PARAMETRIC_REPRESENTATION_CONTEXT() REPRESENTATION_CONTEXT('2D SPACE',''
  ) );
#1358 = ORIENTED_EDGE('',*,*,#550,.T.);
#1359 = ORIENTED_EDGE('',*,*,#1338,.F.);
#1360 = ADVANCED_FACE('',(#1361),#598,.F.);
#1361 = FACE_BOUND('',#1362,.F.);
#1362 = EDGE_LOOP('',(#1363,#1387,#1408,#1409));
#1363 = ORIENTED_EDGE('',*,*,#1364,.F.);
#1364 = EDGE_CURVE('',#1365,#1365,#1367,.T.);
#1365 = VERTEX_POINT('',#1366);
#1366 = CARTESIAN_POINT('',(4.5,-0.181689679929,5.691473290815));
#1367 = SURFACE_CURVE('',#1368,(#1373,#1380),.PCURVE_S1.);
#1368 = CIRCLE('',#1369,1.);
#1369 = AXIS2_PLACEMENT_3D('',#1370,#1371,#1372);
#1370 = CARTESIAN_POINT('',(4.5,0.818310320071,5.691473290815));
#1371 = DIRECTION('',(-1.,0.,0.));
#1372 = DIRECTION('',(0.,-1.,0.));
#1373 = PCURVE('',#598,#1374);
#1374 = DEFINITIONAL_REPRESENTATION('',(#1375),#1379);
#1375 = LINE('',#1376,#1377);
#1376 = CARTESIAN_POINT('',(0.,0.));
#1377 = VECTOR('',#1378,1.);
#1378 = DIRECTION('',(1.,0.));
#1379 = ( GEOMETRIC_REPRESENTATION_CONTEXT(2) 
PARAMETRIC_REPRESENTATION_CONTEXT() REPRESENTATION_CONTEXT('2D SPACE',''
  ) );
#1380 = PCURVE('',#826,#1381);
#1381 = DEFINITIONAL_REPRESENTATION('',(#1382),#1386);
#1382 = CIRCLE('',#1383,1.);
#1383 = AXIS2_PLACEMENT_2D('',#1384,#1385);
#1384 = CARTESIAN_POINT('',(-0.818310320071,5.691473290815));
#1385 = DIRECTION('',(1.,-0.));
#1386 = ( GEOMETRIC_REPRESENTATION_CONTEXT(2) 
PARAMETRIC_REPRESENTATION_CONTEXT() REPRESENTATION_CONTEXT('2D SPACE',''
  ) );
#1387 = ORIENTED_EDGE('',*,*,#1388,.T.);
#1388 = EDGE_CURVE('',#1365,#582,#1389,.T.);
#1389 = SEAM_CURVE('',#1390,(#1394,#1401),.PCURVE_S1.);
#1390 = LINE('',#1391,#1392);
#1391 = CARTESIAN_POINT('',(4.5,-0.181689679929,5.691473290815));
#1392 = VECTOR('',#1393,1.);
#1393 = DIRECTION('',(1.,0.,0.));
#1394 = PCURVE('',#598,#1395);
#1395 = DEFINITIONAL_REPRESENTATION('',(#1396),#1400);
#1396 = LINE('',#1397,#1398);
#1397 = CARTESIAN_POINT('',(6.28318530718,0.));
#1398 = VECTOR('',#1399,1.);
#1399 = DIRECTION('',(0.,-1.));
#1400 = ( GEOMETRIC_REPRESENTATION_CONTEXT(2) 
PARAMETRIC_REPRESENTATION_CONTEXT() REPRESENTATION_CONTEXT('2D SPACE',''
  ) );
#1401 = PCURVE('',#598,#1402);
#1402 = DEFINITIONAL_REPRESENTATION('',(#1403),#1407);
#1403 = LINE('',#1404,#1405);
#1404 = CARTESIAN_POINT('',(0.,0.));
#1405 = VECTOR('',#1406,1.);
#1406 = DIRECTION('',(0.,-1.));
#1407 = ( GEOMETRIC_REPRESENTATION_CONTEXT(2) 
PARAMETRIC_REPRESENTATION_CONTEXT() REPRESENTATION_CONTEXT('2D SPACE',''
  ) );
#1408 = ORIENTED_EDGE('',*,*,#581,.T.);
#1409 = ORIENTED_EDGE('',*,*,#1388,.F.);
#1410 = ADVANCED_FACE('',(#1411),#629,.F.);
#1411 = FACE_BOUND('',#1412,.F.);
#1412 = EDGE_LOOP('',(#1413,#1437,#1458,#1459));
#1413 = ORIENTED_EDGE('',*,*,#1414,.F.);
#1414 = EDGE_CURVE('',#1415,#1415,#1417,.T.);
#1415 = VERTEX_POINT('',#1416);
#1416 = CARTESIAN_POINT('',(4.5,-3.224796734531,1.616409443804));
#1417 = SURFACE_CURVE('',#1418,(#1423,#1430),.PCURVE_S1.);
#1418 = CIRCLE('',#1419,1.);
#1419 = AXIS2_PLACEMENT_3D('',#1420,#1421,#1422);
#1420 = CARTESIAN_POINT('',(4.5,-2.224796734531,1.616409443804));
#1421 = DIRECTION('',(-1.,0.,0.));
#1422 = DIRECTION('',(0.,-1.,0.));
#1423 = PCURVE('',#629,#1424);
#1424 = DEFINITIONAL_REPRESENTATION('',(#1425),#1429);
#1425 = LINE('',#1426,#1427);
#1426 = CARTESIAN_POINT('',(0.,0.));
#1427 = VECTOR('',#1428,1.);
#1428 = DIRECTION('',(1.,0.));
#1429 = ( GEOMETRIC_REPRESENTATION_CONTEXT(2) 
PARAMETRIC_REPRESENTATION_CONTEXT() REPRESENTATION_CONTEXT('2D SPACE',''
  ) );
#1430 = PCURVE('',#826,#1431);
#1431 = DEFINITIONAL_REPRESENTATION('',(#1432),#1436);
#1432 = CIRCLE('',#1433,1.);
#1433 = AXIS2_PLACEMENT_2D('',#1434,#1435);
#1434 = CARTESIAN_POINT('',(2.224796734531,1.616409443804));
#1435 = DIRECTION('',(1.,-0.));
#1436 = ( GEOMETRIC_REPRESENTATION_CONTEXT(2) 
PARAMETRIC_REPRESENTATION_CONTEXT() REPRESENTATION_CONTEXT('2D SPACE',''
  ) );
#1437 = ORIENTED_EDGE('',*,*,#1438,.T.);
#1438 = EDGE_CURVE('',#1415,#613,#1439,.T.);
#1439 = SEAM_CURVE('',#1440,(#1444,#1451),.PCURVE_S1.);
#1440 = LINE('',#1441,#1442);
#1441 = CARTESIAN_POINT('',(4.5,-3.224796734531,1.616409443804));
#1442 = VECTOR('',#1443,1.);
#1443 = DIRECTION('',(1.,0.,0.));
#1444 = PCURVE('',#629,#1445);
#1445 = DEFINITIONAL_REPRESENTATION('',(#1446),#1450);
#1446 = LINE('',#1447,#1448);
#1447 = CARTESIAN_POINT('',(6.28318530718,0.));
#1448 = VECTOR('',#1449,1.);
#1449 = DIRECTION('',(0.,-1.));
#1450 = ( GEOMETRIC_REPRESENTATION_CONTEXT(2) 
PARAMETRIC_REPRESENTATION_CONTEXT() REPRESENTATION_CONTEXT('2D SPACE',''
  ) );
#1451 = PCURVE('',#629,#1452);
#1452 = DEFINITIONAL_REPRESENTATION('',(#1453),#1457);
#1453 = LINE('',#1454,#1455);
#1454 = CARTESIAN_POINT('',(0.,0.));
#1455 = VECTOR('',#1456,1.);
#1456 = DIRECTION('',(0.,-1.));
#1457 = ( GEOMETRIC_REPRESENTATION_CONTEXT(2) 
PARAMETRIC_REPRESENTATION_CONTEXT() REPRESENTATION_CONTEXT('2D SPACE',''
  ) );
#1458 = ORIENTED_EDGE('',*,*,#612,.T.);
#1459 = ORIENTED_EDGE('',*,*,#1438,.F.);
#1460 = ADVANCED_FACE('',(#1461),#660,.F.);
#1461 = FACE_BOUND('',#1462,.F.);
#1462 = EDGE_LOOP('',(#1463,#1487,#1508,#1509));
#1463 = ORIENTED_EDGE('',*,*,#1464,.F.);
#1464 = EDGE_CURVE('',#1465,#1465,#1467,.T.);
#1465 = VERTEX_POINT('',#1466);
#1466 = CARTESIAN_POINT('',(4.5,-5.837207813779,3.10868470037));
#1467 = SURFACE_CURVE('',#1468,(#1473,#1480),.PCURVE_S1.);
#1468 = CIRCLE('',#1469,1.);
#1469 = AXIS2_PLACEMENT_3D('',#1470,#1471,#1472);
#1470 = CARTESIAN_POINT('',(4.5,-4.837207813779,3.10868470037));
#1471 = DIRECTION('',(-1.,0.,0.));
#1472 = DIRECTION('',(0.,-1.,0.));
#1473 = PCURVE('',#660,#1474);
#1474 = DEFINITIONAL_REPRESENTATION('',(#1475),#1479);
#1475 = LINE('',#1476,#1477);
#1476 = CARTESIAN_POINT('',(0.,0.));
#1477 = VECTOR('',#1478,1.);
#1478 = DIRECTION('',(1.,0.));
#1479 = ( GEOMETRIC_REPRESENTATION_CONTEXT(2) 
PARAMETRIC_REPRESENTATION_CONTEXT() REPRESENTATION_CONTEXT('2D SPACE',''
  ) );
#1480 = PCURVE('',#826,#1481);
#1481 = DEFINITIONAL_REPRESENTATION('',(#1482),#1486);
#1482 = CIRCLE('',#1483,1.);
#1483 = AXIS2_PLACEMENT_2D('',#1484,#1485);
#1484 = CARTESIAN_POINT('',(4.837207813779,3.10868470037));
#1485 = DIRECTION('',(1.,-0.));
#1486 = ( GEOMETRIC_REPRESENTATION_CONTEXT(2) 
PARAMETRIC_REPRESENTATION_CONTEXT() REPRESENTATION_CONTEXT('2D SPACE',''
  ) );
#1487 = ORIENTED_EDGE('',*,*,#1488,.T.);
#1488 = EDGE_CURVE('',#1465,#644,#1489,.T.);
#1489 = SEAM_CURVE('',#1490,(#1494,#1501),.PCURVE_S1.);
#1490 = LINE('',#1491,#1492);
#1491 = CARTESIAN_POINT('',(4.5,-5.837207813779,3.10868470037));
#1492 = VECTOR('',#1493,1.);
#1493 = DIRECTION('',(1.,0.,0.));
#1494 = PCURVE('',#660,#1495);
#1495 = DEFINITIONAL_REPRESENTATION('',(#1496),#1500);
#1496 = LINE('',#1497,#1498);
#1497 = CARTESIAN_POINT('',(6.28318530718,0.));
#1498 = VECTOR('',#1499,1.);
#1499 = DIRECTION('',(0.,-1.));
#1500 = ( GEOMETRIC_REPRESENTATION_CONTEXT(2) 
PARAMETRIC_REPRESENTATION_CONTEXT() REPRESENTATION_CONTEXT('2D SPACE',''
  ) );
#1501 = PCURVE('',#660,#1502);
#1502 = DEFINITIONAL_REPRESENTATION('',(#1503),#1507);
#1503 = LINE('',#1504,#1505);
#1504 = CARTESIAN_POINT('',(0.,0.));
#1505 = VECTOR('',#1506,1.);
#1506 = DIRECTION('',(0.,-1.));
#1507 = ( GEOMETRIC_REPRESENTATION_CONTEXT(2) 
PARAMETRIC_REPRESENTATION_CONTEXT() REPRESENTATION_CONTEXT('2D SPACE',''
  ) );
#1508 = ORIENTED_EDGE('',*,*,#643,.T.);
#1509 = ORIENTED_EDGE('',*,*,#1488,.F.);
#1510 = ADVANCED_FACE('',(#1511),#691,.F.);
#1511 = FACE_BOUND('',#1512,.F.);
#1512 = EDGE_LOOP('',(#1513,#1537,#1558,#1559));
#1513 = ORIENTED_EDGE('',*,*,#1514,.F.);
#1514 = EDGE_CURVE('',#1515,#1515,#1517,.T.);
#1515 = VERTEX_POINT('',#1516);
#1516 = CARTESIAN_POINT('',(4.5,-3.388636324761,5.230383973288));
#1517 = SURFACE_CURVE('',#1518,(#1523,#1530),.PCURVE_S1.);
#1518 = CIRCLE('',#1519,1.);
#1519 = AXIS2_PLACEMENT_3D('',#1520,#1521,#1522);
#1520 = CARTESIAN_POINT('',(4.5,-2.388636324761,5.230383973288));
#1521 = DIRECTION('',(-1.,0.,0.));
#1522 = DIRECTION('',(0.,-1.,0.));
#1523 = PCURVE('',#691,#1524);
#1524 = DEFINITIONAL_REPRESENTATION('',(#1525),#1529);
#1525 = LINE('',#1526,#1527);
#1526 = CARTESIAN_POINT('',(0.,0.));
#1527 = VECTOR('',#1528,1.);
#1528 = DIRECTION('',(1.,0.));
#1529 = ( GEOMETRIC_REPRESENTATION_CONTEXT(2) 
PARAMETRIC_REPRESENTATION_CONTEXT() REPRESENTATION_CONTEXT('2D SPACE',''
  ) );
#1530 = PCURVE('',#826,#1531);
#1531 = DEFINITIONAL_REPRESENTATION('',(#1532),#1536);
#1532 = CIRCLE('',#1533,1.);
#1533 = AXIS2_PLACEMENT_2D('',#1534,#1535);
#1534 = CARTESIAN_POINT('',(2.388636324761,5.230383973288));
#1535 = DIRECTION('',(1.,-0.));
#1536 = ( GEOMETRIC_REPRESENTATION_CONTEXT(2) 
PARAMETRIC_REPRESENTATION_CONTEXT() REPRESENTATION_CONTEXT('2D SPACE',''
  ) );
#1537 = ORIENTED_EDGE('',*,*,#1538,.T.);
#1538 = EDGE_CURVE('',#1515,#675,#1539,.T.);
#1539 = SEAM_CURVE('',#1540,(#1544,#1551),.PCURVE_S1.);
#1540 = LINE('',#1541,#1542);
#1541 = CARTESIAN_POINT('',(4.5,-3.388636324761,5.230383973288));
#1542 = VECTOR('',#1543,1.);
#1543 = DIRECTION('',(1.,0.,0.));
#1544 = PCURVE('',#691,#1545);
#1545 = DEFINITIONAL_REPRESENTATION('',(#1546),#1550);
#1546 = LINE('',#1547,#1548);
#1547 = CARTESIAN_POINT('',(6.28318530718,0.));
#1548 = VECTOR('',#1549,1.);
#1549 = DIRECTION('',(0.,-1.));
#1550 = ( GEOMETRIC_REPRESENTATION_CONTEXT(2) 
PARAMETRIC_REPRESENTATION_CONTEXT() REPRESENTATION_CONTEXT('2D SPACE',''
  ) );
#1551 = PCURVE('',#691,#1552);
#1552 = DEFINITIONAL_REPRESENTATION('',(#1553),#1557);
#1553 = LINE('',#1554,#1555);
#1554 = CARTESIAN_POINT('',(0.,0.));
#1555 = VECTOR('',#1556,1.);
#1556 = DIRECTION('',(0.,-1.));
#1557 = ( GEOMETRIC_REPRESENTATION_CONTEXT(2) 
PARAMETRIC_REPRESENTATION_CONTEXT() REPRESENTATION_CONTEXT('2D SPACE',''
  ) );
#1558 = ORIENTED_EDGE('',*,*,#674,.T.);
#1559 = ORIENTED_EDGE('',*,*,#1538,.F.);
#1560 = ADVANCED_FACE('',(#1561,#1566),#746,.T.);
#1561 = FACE_BOUND('',#1562,.T.);
#1562 = EDGE_LOOP('',(#1563,#1564,#1565));
#1563 = ORIENTED_EDGE('',*,*,#758,.T.);
#1564 = ORIENTED_EDGE('',*,*,#782,.T.);
#1565 = ORIENTED_EDGE('',*,*,#729,.T.);
#1566 = FACE_BOUND('',#1567,.F.);
#1567 = EDGE_LOOP('',(#1568,#1599));
#1568 = ORIENTED_EDGE('',*,*,#1569,.F.);
#1569 = EDGE_CURVE('',#1570,#1572,#1574,.T.);
#1570 = VERTEX_POINT('',#1571);
#1571 = CARTESIAN_POINT('',(6.5,-7.90234375,1.246179464137));
#1572 = VERTEX_POINT('',#1573);
#1573 = CARTESIAN_POINT('',(6.5,-7.90234375,-1.246179464137));
#1574 = SURFACE_CURVE('',#1575,(#1580,#1587),.PCURVE_S1.);
#1575 = CIRCLE('',#1576,1.25);
#1576 = AXIS2_PLACEMENT_3D('',#1577,#1578,#1579);
#1577 = CARTESIAN_POINT('',(6.5,-8.,0.));
#1578 = DIRECTION('',(-1.,0.,0.));
#1579 = DIRECTION('',(0.,-1.,0.));
#1580 = PCURVE('',#746,#1581);
#1581 = DEFINITIONAL_REPRESENTATION('',(#1582),#1586);
#1582 = CIRCLE('',#1583,1.25);
#1583 = AXIS2_PLACEMENT_2D('',#1584,#1585);
#1584 = CARTESIAN_POINT('',(8.,0.));
#1585 = DIRECTION('',(1.,-0.));
#1586 = ( GEOMETRIC_REPRESENTATION_CONTEXT(2) 
PARAMETRIC_REPRESENTATION_CONTEXT() REPRESENTATION_CONTEXT('2D SPACE',''
  ) );
#1587 = PCURVE('',#1588,#1593);
#1588 = CYLINDRICAL_SURFACE('',#1589,1.25);
#1589 = AXIS2_PLACEMENT_3D('',#1590,#1591,#1592);
#1590 = CARTESIAN_POINT('',(4.5,-8.,0.));
#1591 = DIRECTION('',(-1.,0.,0.));
#1592 = DIRECTION('',(0.,-1.,0.));
#1593 = DEFINITIONAL_REPRESENTATION('',(#1594),#1598);
#1594 = LINE('',#1595,#1596);
#1595 = CARTESIAN_POINT('',(0.,-2.));
#1596 = VECTOR('',#1597,1.);
#1597 = DIRECTION('',(1.,0.));
#1598 = ( GEOMETRIC_REPRESENTATION_CONTEXT(2) 
PARAMETRIC_REPRESENTATION_CONTEXT() REPRESENTATION_CONTEXT('2D SPACE',''
  ) );
#1599 = ORIENTED_EDGE('',*,*,#1600,.T.);
#1600 = EDGE_CURVE('',#1570,#1572,#1601,.T.);
#1601 = SURFACE_CURVE('',#1602,(#1607,#1614),.PCURVE_S1.);
#1602 = CIRCLE('',#1603,8.);
#1603 = AXIS2_PLACEMENT_3D('',#1604,#1605,#1606);
#1604 = CARTESIAN_POINT('',(6.5,0.,0.));
#1605 = DIRECTION('',(-1.,0.,0.));
#1606 = DIRECTION('',(0.,-1.,0.));
#1607 = PCURVE('',#746,#1608);
#1608 = DEFINITIONAL_REPRESENTATION('',(#1609),#1613);
#1609 = CIRCLE('',#1610,8.);
#1610 = AXIS2_PLACEMENT_2D('',#1611,#1612);
#1611 = CARTESIAN_POINT('',(0.,0.));
#1612 = DIRECTION('',(1.,-0.));
#1613 = ( GEOMETRIC_REPRESENTATION_CONTEXT(2) 
PARAMETRIC_REPRESENTATION_CONTEXT() REPRESENTATION_CONTEXT('2D SPACE',''
  ) );
#1614 = PCURVE('',#1615,#1620);
#1615 = CYLINDRICAL_SURFACE('',#1616,8.);
#1616 = AXIS2_PLACEMENT_3D('',#1617,#1618,#1619);
#1617 = CARTESIAN_POINT('',(4.5,0.,0.));
#1618 = DIRECTION('',(1.,0.,0.));
#1619 = DIRECTION('',(0.,-1.,0.));
#1620 = DEFINITIONAL_REPRESENTATION('',(#1621),#1625);
#1621 = LINE('',#1622,#1623);
#1622 = CARTESIAN_POINT('',(-0.,2.));
#1623 = VECTOR('',#1624,1.);
#1624 = DIRECTION('',(-1.,0.));
#1625 = ( GEOMETRIC_REPRESENTATION_CONTEXT(2) 
PARAMETRIC_REPRESENTATION_CONTEXT() REPRESENTATION_CONTEXT('2D SPACE',''
  ) );
#1626 = ADVANCED_FACE('',(#1627,#1677,#1680,#1683,#1686,#1689,#1692,
    #1695,#1698,#1701,#1704,#1707,#1710,#1713,#1716,#1719),#826,.T.);
#1627 = FACE_BOUND('',#1628,.F.);
#1628 = EDGE_LOOP('',(#1629,#1655));
#1629 = ORIENTED_EDGE('',*,*,#1630,.F.);
#1630 = EDGE_CURVE('',#1631,#1633,#1635,.T.);
#1631 = VERTEX_POINT('',#1632);
#1632 = CARTESIAN_POINT('',(4.5,-7.90234375,1.246179464137));
#1633 = VERTEX_POINT('',#1634);
#1634 = CARTESIAN_POINT('',(4.5,-7.90234375,-1.246179464137));
#1635 = SURFACE_CURVE('',#1636,(#1641,#1648),.PCURVE_S1.);
#1636 = CIRCLE('',#1637,8.);
#1637 = AXIS2_PLACEMENT_3D('',#1638,#1639,#1640);
#1638 = CARTESIAN_POINT('',(4.5,0.,0.));
#1639 = DIRECTION('',(-1.,0.,0.));
#1640 = DIRECTION('',(0.,-1.,0.));
#1641 = PCURVE('',#826,#1642);
#1642 = DEFINITIONAL_REPRESENTATION('',(#1643),#1647);
#1643 = CIRCLE('',#1644,8.);
#1644 = AXIS2_PLACEMENT_2D('',#1645,#1646);
#1645 = CARTESIAN_POINT('',(0.,0.));
#1646 = DIRECTION('',(1.,-0.));
#1647 = ( GEOMETRIC_REPRESENTATION_CONTEXT(2) 
PARAMETRIC_REPRESENTATION_CONTEXT() REPRESENTATION_CONTEXT('2D SPACE',''
  ) );
#1648 = PCURVE('',#1615,#1649);
#1649 = DEFINITIONAL_REPRESENTATION('',(#1650),#1654);
#1650 = LINE('',#1651,#1652);
#1651 = CARTESIAN_POINT('',(-0.,0.));
#1652 = VECTOR('',#1653,1.);
#1653 = DIRECTION('',(-1.,0.));
#1654 = ( GEOMETRIC_REPRESENTATION_CONTEXT(2) 
PARAMETRIC_REPRESENTATION_CONTEXT() REPRESENTATION_CONTEXT('2D SPACE',''
  ) );
#1655 = ORIENTED_EDGE('',*,*,#1656,.T.);
#1656 = EDGE_CURVE('',#1631,#1633,#1657,.T.);
#1657 = SURFACE_CURVE('',#1658,(#1663,#1670),.PCURVE_S1.);
#1658 = CIRCLE('',#1659,1.25);
#1659 = AXIS2_PLACEMENT_3D('',#1660,#1661,#1662);
#1660 = CARTESIAN_POINT('',(4.5,-8.,0.));
#1661 = DIRECTION('',(-1.,0.,0.));
#1662 = DIRECTION('',(0.,-1.,0.));
#1663 = PCURVE('',#826,#1664);
#1664 = DEFINITIONAL_REPRESENTATION('',(#1665),#1669);
#1665 = CIRCLE('',#1666,1.25);
#1666 = AXIS2_PLACEMENT_2D('',#1667,#1668);
#1667 = CARTESIAN_POINT('',(8.,0.));
#1668 = DIRECTION('',(1.,-0.));
#1669 = ( GEOMETRIC_REPRESENTATION_CONTEXT(2) 
PARAMETRIC_REPRESENTATION_CONTEXT() REPRESENTATION_CONTEXT('2D SPACE',''
  ) );
#1670 = PCURVE('',#1588,#1671);
#1671 = DEFINITIONAL_REPRESENTATION('',(#1672),#1676);
#1672 = LINE('',#1673,#1674);
#1673 = CARTESIAN_POINT('',(0.,0.));
#1674 = VECTOR('',#1675,1.);
#1675 = DIRECTION('',(1.,0.));
#1676 = ( GEOMETRIC_REPRESENTATION_CONTEXT(2) 
PARAMETRIC_REPRESENTATION_CONTEXT() REPRESENTATION_CONTEXT('2D SPACE',''
  ) );
#1677 = FACE_BOUND('',#1678,.F.);
#1678 = EDGE_LOOP('',(#1679));
#1679 = ORIENTED_EDGE('',*,*,#1014,.T.);
#1680 = FACE_BOUND('',#1681,.F.);
#1681 = EDGE_LOOP('',(#1682));
#1682 = ORIENTED_EDGE('',*,*,#1114,.T.);
#1683 = FACE_BOUND('',#1684,.F.);
#1684 = EDGE_LOOP('',(#1685));
#1685 = ORIENTED_EDGE('',*,*,#1064,.T.);
#1686 = FACE_BOUND('',#1687,.F.);
#1687 = EDGE_LOOP('',(#1688));
#1688 = ORIENTED_EDGE('',*,*,#864,.T.);
#1689 = FACE_BOUND('',#1690,.F.);
#1690 = EDGE_LOOP('',(#1691));
#1691 = ORIENTED_EDGE('',*,*,#809,.T.);
#1692 = FACE_BOUND('',#1693,.F.);
#1693 = EDGE_LOOP('',(#1694));
#1694 = ORIENTED_EDGE('',*,*,#964,.T.);
#1695 = FACE_BOUND('',#1696,.F.);
#1696 = EDGE_LOOP('',(#1697));
#1697 = ORIENTED_EDGE('',*,*,#914,.T.);
#1698 = FACE_BOUND('',#1699,.F.);
#1699 = EDGE_LOOP('',(#1700));
#1700 = ORIENTED_EDGE('',*,*,#1464,.T.);
#1701 = FACE_BOUND('',#1702,.F.);
#1702 = EDGE_LOOP('',(#1703));
#1703 = ORIENTED_EDGE('',*,*,#1414,.T.);
#1704 = FACE_BOUND('',#1705,.F.);
#1705 = EDGE_LOOP('',(#1706));
#1706 = ORIENTED_EDGE('',*,*,#1514,.T.);
#1707 = FACE_BOUND('',#1708,.F.);
#1708 = EDGE_LOOP('',(#1709));
#1709 = ORIENTED_EDGE('',*,*,#1214,.T.);
#1710 = FACE_BOUND('',#1711,.F.);
#1711 = EDGE_LOOP('',(#1712));
#1712 = ORIENTED_EDGE('',*,*,#1264,.T.);
#1713 = FACE_BOUND('',#1714,.F.);
#1714 = EDGE_LOOP('',(#1715));
#1715 = ORIENTED_EDGE('',*,*,#1164,.T.);
#1716 = FACE_BOUND('',#1717,.F.);
#1717 = EDGE_LOOP('',(#1718));
#1718 = ORIENTED_EDGE('',*,*,#1364,.T.);
#1719 = FACE_BOUND('',#1720,.F.);
#1720 = EDGE_LOOP('',(#1721));
#1721 = ORIENTED_EDGE('',*,*,#1314,.T.);
#1722 = ADVANCED_FACE('',(#1723),#1588,.F.);
#1723 = FACE_BOUND('',#1724,.F.);
#1724 = EDGE_LOOP('',(#1725,#1726,#1747,#1748));
#1725 = ORIENTED_EDGE('',*,*,#1656,.F.);
#1726 = ORIENTED_EDGE('',*,*,#1727,.T.);
#1727 = EDGE_CURVE('',#1631,#1570,#1728,.T.);
#1728 = SURFACE_CURVE('',#1729,(#1733,#1740),.PCURVE_S1.);
#1729 = LINE('',#1730,#1731);
#1730 = CARTESIAN_POINT('',(4.5,-7.90234375,1.246179464137));
#1731 = VECTOR('',#1732,1.);
#1732 = DIRECTION('',(1.,0.,0.));
#1733 = PCURVE('',#1588,#1734);
#1734 = DEFINITIONAL_REPRESENTATION('',(#1735),#1739);
#1735 = LINE('',#1736,#1737);
#1736 = CARTESIAN_POINT('',(1.64900101873,0.));
#1737 = VECTOR('',#1738,1.);
#1738 = DIRECTION('',(0.,-1.));
#1739 = ( GEOMETRIC_REPRESENTATION_CONTEXT(2) 
PARAMETRIC_REPRESENTATION_CONTEXT() REPRESENTATION_CONTEXT('2D SPACE',''
  ) );
#1740 = PCURVE('',#1615,#1741);
#1741 = DEFINITIONAL_REPRESENTATION('',(#1742),#1746);
#1742 = LINE('',#1743,#1744);
#1743 = CARTESIAN_POINT('',(-0.15640938387,0.));
#1744 = VECTOR('',#1745,1.);
#1745 = DIRECTION('',(-0.,1.));
#1746 = ( GEOMETRIC_REPRESENTATION_CONTEXT(2) 
PARAMETRIC_REPRESENTATION_CONTEXT() REPRESENTATION_CONTEXT('2D SPACE',''
  ) );
#1747 = ORIENTED_EDGE('',*,*,#1569,.T.);
#1748 = ORIENTED_EDGE('',*,*,#1749,.F.);
#1749 = EDGE_CURVE('',#1633,#1572,#1750,.T.);
#1750 = SURFACE_CURVE('',#1751,(#1755,#1762),.PCURVE_S1.);
#1751 = LINE('',#1752,#1753);
#1752 = CARTESIAN_POINT('',(4.5,-7.90234375,-1.246179464137));
#1753 = VECTOR('',#1754,1.);
#1754 = DIRECTION('',(1.,0.,0.));
#1755 = PCURVE('',#1588,#1756);
#1756 = DEFINITIONAL_REPRESENTATION('',(#1757),#1761);
#1757 = LINE('',#1758,#1759);
#1758 = CARTESIAN_POINT('',(4.63418428845,0.));
#1759 = VECTOR('',#1760,1.);
#1760 = DIRECTION('',(0.,-1.));
#1761 = ( GEOMETRIC_REPRESENTATION_CONTEXT(2) 
PARAMETRIC_REPRESENTATION_CONTEXT() REPRESENTATION_CONTEXT('2D SPACE',''
  ) );
#1762 = PCURVE('',#1615,#1763);
#1763 = DEFINITIONAL_REPRESENTATION('',(#1764),#1768);
#1764 = LINE('',#1765,#1766);
#1765 = CARTESIAN_POINT('',(-6.12677592331,0.));
#1766 = VECTOR('',#1767,1.);
#1767 = DIRECTION('',(-0.,1.));
#1768 = ( GEOMETRIC_REPRESENTATION_CONTEXT(2) 
PARAMETRIC_REPRESENTATION_CONTEXT() REPRESENTATION_CONTEXT('2D SPACE',''
  ) );
#1769 = ADVANCED_FACE('',(#1770),#1615,.T.);
#1770 = FACE_BOUND('',#1771,.F.);
#1771 = EDGE_LOOP('',(#1772,#1773,#1774,#1775));
#1772 = ORIENTED_EDGE('',*,*,#1727,.F.);
#1773 = ORIENTED_EDGE('',*,*,#1630,.T.);
#1774 = ORIENTED_EDGE('',*,*,#1749,.T.);
#1775 = ORIENTED_EDGE('',*,*,#1600,.F.);
#1776 = ( GEOMETRIC_REPRESENTATION_CONTEXT(3) 
GLOBAL_UNCERTAINTY_ASSIGNED_CONTEXT((#1780)) 
GLOBAL_UNIT_ASSIGNED_CONTEXT((#1777,#1778,#1779)) REPRESENTATION_CONTEXT
('Context #1','3D Context with UNIT and UNCERTAINTY') );
#1777 = ( LENGTH_UNIT() NAMED_UNIT(*) SI_UNIT(.MILLI.,.METRE.) );
#1778 = ( NAMED_UNIT(*) PLANE_ANGLE_UNIT() SI_UNIT($,.RADIAN.) );
#1779 = ( NAMED_UNIT(*) SI_UNIT($,.STERADIAN.) SOLID_ANGLE_UNIT() );
#1780 = UNCERTAINTY_MEASURE_WITH_UNIT(LENGTH_MEASURE(1.E-07),#1777,
  'distance_accuracy_value','confusion accuracy');
#1781 = CONTEXT_DEPENDENT_SHAPE_REPRESENTATION(#1782,#1784);
#1782 = ( REPRESENTATION_RELATIONSHIP('','',#52,#10) 
REPRESENTATION_RELATIONSHIP_WITH_TRANSFORMATION(#1783) 
SHAPE_REPRESENTATION_RELATIONSHIP() );
#1783 = ITEM_DEFINED_TRANSFORMATION('','',#11,#15);
#1784 = PRODUCT_DEFINITION_SHAPE('Placement','Placement of an item',
  #1785);
#1785 = NEXT_ASSEMBLY_USAGE_OCCURRENCE('289','Body001','',#5,#47,$);
#1786 = PRODUCT_RELATED_PRODUCT_CATEGORY('part',$,(#49));
#1787 = SHAPE_DEFINITION_REPRESENTATION(#1788,#1794);
#1788 = PRODUCT_DEFINITION_SHAPE('','',#1789);
#1789 = PRODUCT_DEFINITION('design','',#1790,#1793);
#1790 = PRODUCT_DEFINITION_FORMATION('','',#1791);
#1791 = PRODUCT('Body002','Body002','',(#1792));
#1792 = PRODUCT_CONTEXT('',#2,'mechanical');
#1793 = PRODUCT_DEFINITION_CONTEXT('part definition',#2,'design');
#1794 = ADVANCED_BREP_SHAPE_REPRESENTATION('',(#11,#1795),#3255);
#1795 = MANIFOLD_SOLID_BREP('',#1796);
#1796 = CLOSED_SHELL('',(#1797,#1885,#1940,#1995,#2175,#2355,#2423,#2486
    ,#2549,#2612,#2675,#2733,#2791,#2849,#2907,#2965,#3023,#3081,#3130,
    #3159,#3188,#3217,#3246));
#1797 = ADVANCED_FACE('',(#1798),#1811,.F.);
#1798 = FACE_BOUND('',#1799,.F.);
#1799 = EDGE_LOOP('',(#1800,#1834,#1857,#1884));
#1800 = ORIENTED_EDGE('',*,*,#1801,.T.);
#1801 = EDGE_CURVE('',#1802,#1802,#1804,.T.);
#1802 = VERTEX_POINT('',#1803);
#1803 = CARTESIAN_POINT('',(-1.250000000001,9.2,0.));
#1804 = SURFACE_CURVE('',#1805,(#1810,#1822),.PCURVE_S1.);
#1805 = CIRCLE('',#1806,9.2);
#1806 = AXIS2_PLACEMENT_3D('',#1807,#1808,#1809);
#1807 = CARTESIAN_POINT('',(-1.250000000001,0.,0.));
#1808 = DIRECTION('',(1.,0.,0.));
#1809 = DIRECTION('',(0.,1.,0.));
#1810 = PCURVE('',#1811,#1816);
#1811 = CYLINDRICAL_SURFACE('',#1812,9.2);
#1812 = AXIS2_PLACEMENT_3D('',#1813,#1814,#1815);
#1813 = CARTESIAN_POINT('',(-1.250000000001,0.,0.));
#1814 = DIRECTION('',(1.,0.,0.));
#1815 = DIRECTION('',(0.,1.,0.));
#1816 = DEFINITIONAL_REPRESENTATION('',(#1817),#1821);
#1817 = LINE('',#1818,#1819);
#1818 = CARTESIAN_POINT('',(0.,0.));
#1819 = VECTOR('',#1820,1.);
#1820 = DIRECTION('',(1.,0.));
#1821 = ( GEOMETRIC_REPRESENTATION_CONTEXT(2) 
PARAMETRIC_REPRESENTATION_CONTEXT() REPRESENTATION_CONTEXT('2D SPACE',''
  ) );
#1822 = PCURVE('',#1823,#1828);
#1823 = CONICAL_SURFACE('',#1824,9.2,0.785398163397);
#1824 = AXIS2_PLACEMENT_3D('',#1825,#1826,#1827);
#1825 = CARTESIAN_POINT('',(-1.250000000001,0.,0.));
#1826 = DIRECTION('',(-1.,-0.,-0.));
#1827 = DIRECTION('',(0.,1.,0.));
#1828 = DEFINITIONAL_REPRESENTATION('',(#1829),#1833);
#1829 = LINE('',#1830,#1831);
#1830 = CARTESIAN_POINT('',(-0.,0.));
#1831 = VECTOR('',#1832,1.);
#1832 = DIRECTION('',(-1.,0.));
#1833 = ( GEOMETRIC_REPRESENTATION_CONTEXT(2) 
PARAMETRIC_REPRESENTATION_CONTEXT() REPRESENTATION_CONTEXT('2D SPACE',''
  ) );
#1834 = ORIENTED_EDGE('',*,*,#1835,.T.);
#1835 = EDGE_CURVE('',#1802,#1836,#1838,.T.);
#1836 = VERTEX_POINT('',#1837);
#1837 = CARTESIAN_POINT('',(1.250000000001,9.2,0.));
#1838 = SEAM_CURVE('',#1839,(#1843,#1850),.PCURVE_S1.);
#1839 = LINE('',#1840,#1841);
#1840 = CARTESIAN_POINT('',(-1.250000000001,9.2,0.));
#1841 = VECTOR('',#1842,1.);
#1842 = DIRECTION('',(1.,0.,0.));
#1843 = PCURVE('',#1811,#1844);
#1844 = DEFINITIONAL_REPRESENTATION('',(#1845),#1849);
#1845 = LINE('',#1846,#1847);
#1846 = CARTESIAN_POINT('',(0.,0.));
#1847 = VECTOR('',#1848,1.);
#1848 = DIRECTION('',(0.,1.));
#1849 = ( GEOMETRIC_REPRESENTATION_CONTEXT(2) 
PARAMETRIC_REPRESENTATION_CONTEXT() REPRESENTATION_CONTEXT('2D SPACE',''
  ) );
#1850 = PCURVE('',#1811,#1851);
#1851 = DEFINITIONAL_REPRESENTATION('',(#1852),#1856);
#1852 = LINE('',#1853,#1854);
#1853 = CARTESIAN_POINT('',(6.28318530718,0.));
#1854 = VECTOR('',#1855,1.);
#1855 = DIRECTION('',(0.,1.));
#1856 = ( GEOMETRIC_REPRESENTATION_CONTEXT(2) 
PARAMETRIC_REPRESENTATION_CONTEXT() REPRESENTATION_CONTEXT('2D SPACE',''
  ) );
#1857 = ORIENTED_EDGE('',*,*,#1858,.F.);
#1858 = EDGE_CURVE('',#1836,#1836,#1859,.T.);
#1859 = SURFACE_CURVE('',#1860,(#1865,#1872),.PCURVE_S1.);
#1860 = CIRCLE('',#1861,9.2);
#1861 = AXIS2_PLACEMENT_3D('',#1862,#1863,#1864);
#1862 = CARTESIAN_POINT('',(1.250000000001,0.,0.));
#1863 = DIRECTION('',(1.,0.,0.));
#1864 = DIRECTION('',(0.,1.,0.));
#1865 = PCURVE('',#1811,#1866);
#1866 = DEFINITIONAL_REPRESENTATION('',(#1867),#1871);
#1867 = LINE('',#1868,#1869);
#1868 = CARTESIAN_POINT('',(0.,2.500000000003));
#1869 = VECTOR('',#1870,1.);
#1870 = DIRECTION('',(1.,0.));
#1871 = ( GEOMETRIC_REPRESENTATION_CONTEXT(2) 
PARAMETRIC_REPRESENTATION_CONTEXT() REPRESENTATION_CONTEXT('2D SPACE',''
  ) );
#1872 = PCURVE('',#1873,#1878);
#1873 = CONICAL_SURFACE('',#1874,9.2,0.785398163399);
#1874 = AXIS2_PLACEMENT_3D('',#1875,#1876,#1877);
#1875 = CARTESIAN_POINT('',(1.250000000001,0.,0.));
#1876 = DIRECTION('',(1.,0.,0.));
#1877 = DIRECTION('',(0.,1.,0.));
#1878 = DEFINITIONAL_REPRESENTATION('',(#1879),#1883);
#1879 = LINE('',#1880,#1881);
#1880 = CARTESIAN_POINT('',(0.,0.));
#1881 = VECTOR('',#1882,1.);
#1882 = DIRECTION('',(1.,0.));
#1883 = ( GEOMETRIC_REPRESENTATION_CONTEXT(2) 
PARAMETRIC_REPRESENTATION_CONTEXT() REPRESENTATION_CONTEXT('2D SPACE',''
  ) );
#1884 = ORIENTED_EDGE('',*,*,#1835,.F.);
#1885 = ADVANCED_FACE('',(#1886),#1823,.F.);
#1886 = FACE_BOUND('',#1887,.T.);
#1887 = EDGE_LOOP('',(#1888,#1889,#1912,#1939));
#1888 = ORIENTED_EDGE('',*,*,#1801,.T.);
#1889 = ORIENTED_EDGE('',*,*,#1890,.T.);
#1890 = EDGE_CURVE('',#1802,#1891,#1893,.T.);
#1891 = VERTEX_POINT('',#1892);
#1892 = CARTESIAN_POINT('',(-1.75,9.699999999999,0.));
#1893 = SEAM_CURVE('',#1894,(#1898,#1905),.PCURVE_S1.);
#1894 = LINE('',#1895,#1896);
#1895 = CARTESIAN_POINT('',(-1.250000000001,9.2,0.));
#1896 = VECTOR('',#1897,1.);
#1897 = DIRECTION('',(-0.707106781187,0.707106781187,0.));
#1898 = PCURVE('',#1823,#1899);
#1899 = DEFINITIONAL_REPRESENTATION('',(#1900),#1904);
#1900 = LINE('',#1901,#1902);
#1901 = CARTESIAN_POINT('',(-0.,0.));
#1902 = VECTOR('',#1903,1.);
#1903 = DIRECTION('',(-0.,1.));
#1904 = ( GEOMETRIC_REPRESENTATION_CONTEXT(2) 
PARAMETRIC_REPRESENTATION_CONTEXT() REPRESENTATION_CONTEXT('2D SPACE',''
  ) );
#1905 = PCURVE('',#1823,#1906);
#1906 = DEFINITIONAL_REPRESENTATION('',(#1907),#1911);
#1907 = LINE('',#1908,#1909);
#1908 = CARTESIAN_POINT('',(-6.28318530718,0.));
#1909 = VECTOR('',#1910,1.);
#1910 = DIRECTION('',(-0.,1.));
#1911 = ( GEOMETRIC_REPRESENTATION_CONTEXT(2) 
PARAMETRIC_REPRESENTATION_CONTEXT() REPRESENTATION_CONTEXT('2D SPACE',''
  ) );
#1912 = ORIENTED_EDGE('',*,*,#1913,.F.);
#1913 = EDGE_CURVE('',#1891,#1891,#1914,.T.);
#1914 = SURFACE_CURVE('',#1915,(#1920,#1927),.PCURVE_S1.);
#1915 = CIRCLE('',#1916,9.699999999999);
#1916 = AXIS2_PLACEMENT_3D('',#1917,#1918,#1919);
#1917 = CARTESIAN_POINT('',(-1.75,0.,0.));
#1918 = DIRECTION('',(1.,0.,0.));
#1919 = DIRECTION('',(0.,1.,0.));
#1920 = PCURVE('',#1823,#1921);
#1921 = DEFINITIONAL_REPRESENTATION('',(#1922),#1926);
#1922 = LINE('',#1923,#1924);
#1923 = CARTESIAN_POINT('',(-0.,0.499999999999));
#1924 = VECTOR('',#1925,1.);
#1925 = DIRECTION('',(-1.,0.));
#1926 = ( GEOMETRIC_REPRESENTATION_CONTEXT(2) 
PARAMETRIC_REPRESENTATION_CONTEXT() REPRESENTATION_CONTEXT('2D SPACE',''
  ) );
#1927 = PCURVE('',#1928,#1933);
#1928 = PLANE('',#1929);
#1929 = AXIS2_PLACEMENT_3D('',#1930,#1931,#1932);
#1930 = CARTESIAN_POINT('',(-1.75,0.,0.));
#1931 = DIRECTION('',(1.,0.,0.));
#1932 = DIRECTION('',(0.,1.,0.));
#1933 = DEFINITIONAL_REPRESENTATION('',(#1934),#1938);
#1934 = CIRCLE('',#1935,9.699999999999);
#1935 = AXIS2_PLACEMENT_2D('',#1936,#1937);
#1936 = CARTESIAN_POINT('',(0.,0.));
#1937 = DIRECTION('',(1.,-0.));
#1938 = ( GEOMETRIC_REPRESENTATION_CONTEXT(2) 
PARAMETRIC_REPRESENTATION_CONTEXT() REPRESENTATION_CONTEXT('2D SPACE',''
  ) );
#1939 = ORIENTED_EDGE('',*,*,#1890,.F.);
#1940 = ADVANCED_FACE('',(#1941),#1873,.F.);
#1941 = FACE_BOUND('',#1942,.F.);
#1942 = EDGE_LOOP('',(#1943,#1944,#1967,#1994));
#1943 = ORIENTED_EDGE('',*,*,#1858,.T.);
#1944 = ORIENTED_EDGE('',*,*,#1945,.T.);
#1945 = EDGE_CURVE('',#1836,#1946,#1948,.T.);
#1946 = VERTEX_POINT('',#1947);
#1947 = CARTESIAN_POINT('',(1.75,9.7,0.));
#1948 = SEAM_CURVE('',#1949,(#1953,#1960),.PCURVE_S1.);
#1949 = LINE('',#1950,#1951);
#1950 = CARTESIAN_POINT('',(1.250000000001,9.2,0.));
#1951 = VECTOR('',#1952,1.);
#1952 = DIRECTION('',(0.707106781185,0.707106781188,0.));
#1953 = PCURVE('',#1873,#1954);
#1954 = DEFINITIONAL_REPRESENTATION('',(#1955),#1959);
#1955 = LINE('',#1956,#1957);
#1956 = CARTESIAN_POINT('',(0.,0.));
#1957 = VECTOR('',#1958,1.);
#1958 = DIRECTION('',(0.,1.));
#1959 = ( GEOMETRIC_REPRESENTATION_CONTEXT(2) 
PARAMETRIC_REPRESENTATION_CONTEXT() REPRESENTATION_CONTEXT('2D SPACE',''
  ) );
#1960 = PCURVE('',#1873,#1961);
#1961 = DEFINITIONAL_REPRESENTATION('',(#1962),#1966);
#1962 = LINE('',#1963,#1964);
#1963 = CARTESIAN_POINT('',(6.28318530718,0.));
#1964 = VECTOR('',#1965,1.);
#1965 = DIRECTION('',(0.,1.));
#1966 = ( GEOMETRIC_REPRESENTATION_CONTEXT(2) 
PARAMETRIC_REPRESENTATION_CONTEXT() REPRESENTATION_CONTEXT('2D SPACE',''
  ) );
#1967 = ORIENTED_EDGE('',*,*,#1968,.F.);
#1968 = EDGE_CURVE('',#1946,#1946,#1969,.T.);
#1969 = SURFACE_CURVE('',#1970,(#1975,#1982),.PCURVE_S1.);
#1970 = CIRCLE('',#1971,9.7);
#1971 = AXIS2_PLACEMENT_3D('',#1972,#1973,#1974);
#1972 = CARTESIAN_POINT('',(1.75,0.,0.));
#1973 = DIRECTION('',(1.,0.,0.));
#1974 = DIRECTION('',(0.,1.,0.));
#1975 = PCURVE('',#1873,#1976);
#1976 = DEFINITIONAL_REPRESENTATION('',(#1977),#1981);
#1977 = LINE('',#1978,#1979);
#1978 = CARTESIAN_POINT('',(0.,0.499999999998));
#1979 = VECTOR('',#1980,1.);
#1980 = DIRECTION('',(1.,0.));
#1981 = ( GEOMETRIC_REPRESENTATION_CONTEXT(2) 
PARAMETRIC_REPRESENTATION_CONTEXT() REPRESENTATION_CONTEXT('2D SPACE',''
  ) );
#1982 = PCURVE('',#1983,#1988);
#1983 = PLANE('',#1984);
#1984 = AXIS2_PLACEMENT_3D('',#1985,#1986,#1987);
#1985 = CARTESIAN_POINT('',(1.75,0.,0.));
#1986 = DIRECTION('',(1.,0.,0.));
#1987 = DIRECTION('',(0.,1.,0.));
#1988 = DEFINITIONAL_REPRESENTATION('',(#1989),#1993);
#1989 = CIRCLE('',#1990,9.7);
#1990 = AXIS2_PLACEMENT_2D('',#1991,#1992);
#1991 = CARTESIAN_POINT('',(0.,0.));
#1992 = DIRECTION('',(1.,-0.));
#1993 = ( GEOMETRIC_REPRESENTATION_CONTEXT(2) 
PARAMETRIC_REPRESENTATION_CONTEXT() REPRESENTATION_CONTEXT('2D SPACE',''
  ) );
#1994 = ORIENTED_EDGE('',*,*,#1945,.F.);
#1995 = ADVANCED_FACE('',(#1996,#1999),#1928,.F.);
#1996 = FACE_BOUND('',#1997,.T.);
#1997 = EDGE_LOOP('',(#1998));
#1998 = ORIENTED_EDGE('',*,*,#1913,.T.);
#1999 = FACE_BOUND('',#2000,.T.);
#2000 = EDGE_LOOP('',(#2001,#2032,#2061,#2090,#2119,#2148));
#2001 = ORIENTED_EDGE('',*,*,#2002,.F.);
#2002 = EDGE_CURVE('',#2003,#2005,#2007,.T.);
#2003 = VERTEX_POINT('',#2004);
#2004 = CARTESIAN_POINT('',(-1.749999999997,10.999999999998,0.));
#2005 = VERTEX_POINT('',#2006);
#2006 = CARTESIAN_POINT('',(-1.749999999997,5.499999999999,
    9.526279441627));
#2007 = SURFACE_CURVE('',#2008,(#2013,#2020),.PCURVE_S1.);
#2008 = CIRCLE('',#2009,10.999999999998);
#2009 = AXIS2_PLACEMENT_3D('',#2010,#2011,#2012);
#2010 = CARTESIAN_POINT('',(-1.749999999997,0.,0.));
#2011 = DIRECTION('',(1.,0.,0.));
#2012 = DIRECTION('',(0.,1.,0.));
#2013 = PCURVE('',#1928,#2014);
#2014 = DEFINITIONAL_REPRESENTATION('',(#2015),#2019);
#2015 = CIRCLE('',#2016,10.999999999998);
#2016 = AXIS2_PLACEMENT_2D('',#2017,#2018);
#2017 = CARTESIAN_POINT('',(0.,0.));
#2018 = DIRECTION('',(1.,-0.));
#2019 = ( GEOMETRIC_REPRESENTATION_CONTEXT(2) 
PARAMETRIC_REPRESENTATION_CONTEXT() REPRESENTATION_CONTEXT('2D SPACE',''
  ) );
#2020 = PCURVE('',#2021,#2026);
#2021 = CONICAL_SURFACE('',#2022,14.5,1.134464013797);
#2022 = AXIS2_PLACEMENT_3D('',#2023,#2024,#2025);
#2023 = CARTESIAN_POINT('',(-0.117923196454,0.,0.));
#2024 = DIRECTION('',(1.,0.,0.));
#2025 = DIRECTION('',(0.,1.,0.));
#2026 = DEFINITIONAL_REPRESENTATION('',(#2027),#2031);
#2027 = LINE('',#2028,#2029);
#2028 = CARTESIAN_POINT('',(0.,-1.632076803541));
#2029 = VECTOR('',#2030,1.);
#2030 = DIRECTION('',(1.,-0.));
#2031 = ( GEOMETRIC_REPRESENTATION_CONTEXT(2) 
PARAMETRIC_REPRESENTATION_CONTEXT() REPRESENTATION_CONTEXT('2D SPACE',''
  ) );
#2032 = ORIENTED_EDGE('',*,*,#2033,.F.);
#2033 = EDGE_CURVE('',#2034,#2003,#2036,.T.);
#2034 = VERTEX_POINT('',#2035);
#2035 = CARTESIAN_POINT('',(-1.749999999997,5.499999999999,
    -9.526279441627));
#2036 = SURFACE_CURVE('',#2037,(#2042,#2049),.PCURVE_S1.);
#2037 = CIRCLE('',#2038,10.999999999998);
#2038 = AXIS2_PLACEMENT_3D('',#2039,#2040,#2041);
#2039 = CARTESIAN_POINT('',(-1.749999999997,0.,0.));
#2040 = DIRECTION('',(1.,0.,0.));
#2041 = DIRECTION('',(0.,1.,0.));
#2042 = PCURVE('',#1928,#2043);
#2043 = DEFINITIONAL_REPRESENTATION('',(#2044),#2048);
#2044 = CIRCLE('',#2045,10.999999999998);
#2045 = AXIS2_PLACEMENT_2D('',#2046,#2047);
#2046 = CARTESIAN_POINT('',(0.,0.));
#2047 = DIRECTION('',(1.,-0.));
#2048 = ( GEOMETRIC_REPRESENTATION_CONTEXT(2) 
PARAMETRIC_REPRESENTATION_CONTEXT() REPRESENTATION_CONTEXT('2D SPACE',''
  ) );
#2049 = PCURVE('',#2050,#2055);
#2050 = CONICAL_SURFACE('',#2051,14.5,1.134464013797);
#2051 = AXIS2_PLACEMENT_3D('',#2052,#2053,#2054);
#2052 = CARTESIAN_POINT('',(-0.117923196454,0.,0.));
#2053 = DIRECTION('',(1.,0.,0.));
#2054 = DIRECTION('',(0.,1.,0.));
#2055 = DEFINITIONAL_REPRESENTATION('',(#2056),#2060);
#2056 = LINE('',#2057,#2058);
#2057 = CARTESIAN_POINT('',(0.,-1.632076803541));
#2058 = VECTOR('',#2059,1.);
#2059 = DIRECTION('',(1.,-0.));
#2060 = ( GEOMETRIC_REPRESENTATION_CONTEXT(2) 
PARAMETRIC_REPRESENTATION_CONTEXT() REPRESENTATION_CONTEXT('2D SPACE',''
  ) );
#2061 = ORIENTED_EDGE('',*,*,#2062,.F.);
#2062 = EDGE_CURVE('',#2063,#2034,#2065,.T.);
#2063 = VERTEX_POINT('',#2064);
#2064 = CARTESIAN_POINT('',(-1.749999999997,-5.499999999999,
    -9.526279441627));
#2065 = SURFACE_CURVE('',#2066,(#2071,#2078),.PCURVE_S1.);
#2066 = CIRCLE('',#2067,10.999999999998);
#2067 = AXIS2_PLACEMENT_3D('',#2068,#2069,#2070);
#2068 = CARTESIAN_POINT('',(-1.749999999997,0.,0.));
#2069 = DIRECTION('',(1.,0.,0.));
#2070 = DIRECTION('',(0.,1.,0.));
#2071 = PCURVE('',#1928,#2072);
#2072 = DEFINITIONAL_REPRESENTATION('',(#2073),#2077);
#2073 = CIRCLE('',#2074,10.999999999998);
#2074 = AXIS2_PLACEMENT_2D('',#2075,#2076);
#2075 = CARTESIAN_POINT('',(0.,0.));
#2076 = DIRECTION('',(1.,-0.));
#2077 = ( GEOMETRIC_REPRESENTATION_CONTEXT(2) 
PARAMETRIC_REPRESENTATION_CONTEXT() REPRESENTATION_CONTEXT('2D SPACE',''
  ) );
#2078 = PCURVE('',#2079,#2084);
#2079 = CONICAL_SURFACE('',#2080,14.5,1.134464013797);
#2080 = AXIS2_PLACEMENT_3D('',#2081,#2082,#2083);
#2081 = CARTESIAN_POINT('',(-0.117923196454,0.,0.));
#2082 = DIRECTION('',(1.,0.,0.));
#2083 = DIRECTION('',(0.,1.,0.));
#2084 = DEFINITIONAL_REPRESENTATION('',(#2085),#2089);
#2085 = LINE('',#2086,#2087);
#2086 = CARTESIAN_POINT('',(0.,-1.632076803541));
#2087 = VECTOR('',#2088,1.);
#2088 = DIRECTION('',(1.,-0.));
#2089 = ( GEOMETRIC_REPRESENTATION_CONTEXT(2) 
PARAMETRIC_REPRESENTATION_CONTEXT() REPRESENTATION_CONTEXT('2D SPACE',''
  ) );
#2090 = ORIENTED_EDGE('',*,*,#2091,.F.);
#2091 = EDGE_CURVE('',#2092,#2063,#2094,.T.);
#2092 = VERTEX_POINT('',#2093);
#2093 = CARTESIAN_POINT('',(-1.749999999997,-10.99999999999,1.E-15));
#2094 = SURFACE_CURVE('',#2095,(#2100,#2107),.PCURVE_S1.);
#2095 = CIRCLE('',#2096,10.999999999998);
#2096 = AXIS2_PLACEMENT_3D('',#2097,#2098,#2099);
#2097 = CARTESIAN_POINT('',(-1.749999999997,0.,0.));
#2098 = DIRECTION('',(1.,0.,0.));
#2099 = DIRECTION('',(0.,1.,0.));
#2100 = PCURVE('',#1928,#2101);
#2101 = DEFINITIONAL_REPRESENTATION('',(#2102),#2106);
#2102 = CIRCLE('',#2103,10.999999999998);
#2103 = AXIS2_PLACEMENT_2D('',#2104,#2105);
#2104 = CARTESIAN_POINT('',(0.,0.));
#2105 = DIRECTION('',(1.,-0.));
#2106 = ( GEOMETRIC_REPRESENTATION_CONTEXT(2) 
PARAMETRIC_REPRESENTATION_CONTEXT() REPRESENTATION_CONTEXT('2D SPACE',''
  ) );
#2107 = PCURVE('',#2108,#2113);
#2108 = CONICAL_SURFACE('',#2109,14.5,1.134464013797);
#2109 = AXIS2_PLACEMENT_3D('',#2110,#2111,#2112);
#2110 = CARTESIAN_POINT('',(-0.117923196454,0.,0.));
#2111 = DIRECTION('',(1.,0.,0.));
#2112 = DIRECTION('',(0.,1.,0.));
#2113 = DEFINITIONAL_REPRESENTATION('',(#2114),#2118);
#2114 = LINE('',#2115,#2116);
#2115 = CARTESIAN_POINT('',(0.,-1.632076803541));
#2116 = VECTOR('',#2117,1.);
#2117 = DIRECTION('',(1.,-0.));
#2118 = ( GEOMETRIC_REPRESENTATION_CONTEXT(2) 
PARAMETRIC_REPRESENTATION_CONTEXT() REPRESENTATION_CONTEXT('2D SPACE',''
  ) );
#2119 = ORIENTED_EDGE('',*,*,#2120,.F.);
#2120 = EDGE_CURVE('',#2121,#2092,#2123,.T.);
#2121 = VERTEX_POINT('',#2122);
#2122 = CARTESIAN_POINT('',(-1.749999999997,-5.499999999999,
    9.526279441627));
#2123 = SURFACE_CURVE('',#2124,(#2129,#2136),.PCURVE_S1.);
#2124 = CIRCLE('',#2125,10.999999999998);
#2125 = AXIS2_PLACEMENT_3D('',#2126,#2127,#2128);
#2126 = CARTESIAN_POINT('',(-1.749999999997,0.,0.));
#2127 = DIRECTION('',(1.,0.,0.));
#2128 = DIRECTION('',(0.,1.,0.));
#2129 = PCURVE('',#1928,#2130);
#2130 = DEFINITIONAL_REPRESENTATION('',(#2131),#2135);
#2131 = CIRCLE('',#2132,10.999999999998);
#2132 = AXIS2_PLACEMENT_2D('',#2133,#2134);
#2133 = CARTESIAN_POINT('',(0.,0.));
#2134 = DIRECTION('',(1.,-0.));
#2135 = ( GEOMETRIC_REPRESENTATION_CONTEXT(2) 
PARAMETRIC_REPRESENTATION_CONTEXT() REPRESENTATION_CONTEXT('2D SPACE',''
  ) );
#2136 = PCURVE('',#2137,#2142);
#2137 = CONICAL_SURFACE('',#2138,14.5,1.134464013797);
#2138 = AXIS2_PLACEMENT_3D('',#2139,#2140,#2141);
#2139 = CARTESIAN_POINT('',(-0.117923196454,0.,0.));
#2140 = DIRECTION('',(1.,0.,0.));
#2141 = DIRECTION('',(0.,1.,0.));
#2142 = DEFINITIONAL_REPRESENTATION('',(#2143),#2147);
#2143 = LINE('',#2144,#2145);
#2144 = CARTESIAN_POINT('',(0.,-1.632076803541));
#2145 = VECTOR('',#2146,1.);
#2146 = DIRECTION('',(1.,-0.));
#2147 = ( GEOMETRIC_REPRESENTATION_CONTEXT(2) 
PARAMETRIC_REPRESENTATION_CONTEXT() REPRESENTATION_CONTEXT('2D SPACE',''
  ) );
#2148 = ORIENTED_EDGE('',*,*,#2149,.F.);
#2149 = EDGE_CURVE('',#2005,#2121,#2150,.T.);
#2150 = SURFACE_CURVE('',#2151,(#2156,#2163),.PCURVE_S1.);
#2151 = CIRCLE('',#2152,10.999999999998);
#2152 = AXIS2_PLACEMENT_3D('',#2153,#2154,#2155);
#2153 = CARTESIAN_POINT('',(-1.749999999997,0.,0.));
#2154 = DIRECTION('',(1.,0.,0.));
#2155 = DIRECTION('',(0.,1.,0.));
#2156 = PCURVE('',#1928,#2157);
#2157 = DEFINITIONAL_REPRESENTATION('',(#2158),#2162);
#2158 = CIRCLE('',#2159,10.999999999998);
#2159 = AXIS2_PLACEMENT_2D('',#2160,#2161);
#2160 = CARTESIAN_POINT('',(0.,0.));
#2161 = DIRECTION('',(1.,-0.));
#2162 = ( GEOMETRIC_REPRESENTATION_CONTEXT(2) 
PARAMETRIC_REPRESENTATION_CONTEXT() REPRESENTATION_CONTEXT('2D SPACE',''
  ) );
#2163 = PCURVE('',#2164,#2169);
#2164 = CONICAL_SURFACE('',#2165,14.5,1.134464013797);
#2165 = AXIS2_PLACEMENT_3D('',#2166,#2167,#2168);
#2166 = CARTESIAN_POINT('',(-0.117923196454,0.,0.));
#2167 = DIRECTION('',(1.,0.,0.));
#2168 = DIRECTION('',(0.,1.,0.));
#2169 = DEFINITIONAL_REPRESENTATION('',(#2170),#2174);
#2170 = LINE('',#2171,#2172);
#2171 = CARTESIAN_POINT('',(0.,-1.632076803541));
#2172 = VECTOR('',#2173,1.);
#2173 = DIRECTION('',(1.,-0.));
#2174 = ( GEOMETRIC_REPRESENTATION_CONTEXT(2) 
PARAMETRIC_REPRESENTATION_CONTEXT() REPRESENTATION_CONTEXT('2D SPACE',''
  ) );
#2175 = ADVANCED_FACE('',(#2176,#2179),#1983,.T.);
#2176 = FACE_BOUND('',#2177,.F.);
#2177 = EDGE_LOOP('',(#2178));
#2178 = ORIENTED_EDGE('',*,*,#1968,.T.);
#2179 = FACE_BOUND('',#2180,.F.);
#2180 = EDGE_LOOP('',(#2181,#2212,#2241,#2270,#2299,#2328));
#2181 = ORIENTED_EDGE('',*,*,#2182,.F.);
#2182 = EDGE_CURVE('',#2183,#2185,#2187,.T.);
#2183 = VERTEX_POINT('',#2184);
#2184 = CARTESIAN_POINT('',(1.75,11.,0.));
#2185 = VERTEX_POINT('',#2186);
#2186 = CARTESIAN_POINT('',(1.75,5.499999827349,9.526279541309));
#2187 = SURFACE_CURVE('',#2188,(#2193,#2200),.PCURVE_S1.);
#2188 = CIRCLE('',#2189,11.);
#2189 = AXIS2_PLACEMENT_3D('',#2190,#2191,#2192);
#2190 = CARTESIAN_POINT('',(1.75,0.,0.));
#2191 = DIRECTION('',(1.,0.,0.));
#2192 = DIRECTION('',(0.,1.,0.));
#2193 = PCURVE('',#1983,#2194);
#2194 = DEFINITIONAL_REPRESENTATION('',(#2195),#2199);
#2195 = CIRCLE('',#2196,11.);
#2196 = AXIS2_PLACEMENT_2D('',#2197,#2198);
#2197 = CARTESIAN_POINT('',(0.,0.));
#2198 = DIRECTION('',(1.,-0.));
#2199 = ( GEOMETRIC_REPRESENTATION_CONTEXT(2) 
PARAMETRIC_REPRESENTATION_CONTEXT() REPRESENTATION_CONTEXT('2D SPACE',''
  ) );
#2200 = PCURVE('',#2201,#2206);
#2201 = CONICAL_SURFACE('',#2202,11.,1.134464013796);
#2202 = AXIS2_PLACEMENT_3D('',#2203,#2204,#2205);
#2203 = CARTESIAN_POINT('',(1.75,0.,0.));
#2204 = DIRECTION('',(-1.,-0.,-0.));
#2205 = DIRECTION('',(0.,1.,0.));
#2206 = DEFINITIONAL_REPRESENTATION('',(#2207),#2211);
#2207 = LINE('',#2208,#2209);
#2208 = CARTESIAN_POINT('',(-0.,0.));
#2209 = VECTOR('',#2210,1.);
#2210 = DIRECTION('',(-1.,0.));
#2211 = ( GEOMETRIC_REPRESENTATION_CONTEXT(2) 
PARAMETRIC_REPRESENTATION_CONTEXT() REPRESENTATION_CONTEXT('2D SPACE',''
  ) );
#2212 = ORIENTED_EDGE('',*,*,#2213,.F.);
#2213 = EDGE_CURVE('',#2214,#2183,#2216,.T.);
#2214 = VERTEX_POINT('',#2215);
#2215 = CARTESIAN_POINT('',(1.75,5.499999827348,-9.52627954131));
#2216 = SURFACE_CURVE('',#2217,(#2222,#2229),.PCURVE_S1.);
#2217 = CIRCLE('',#2218,11.);
#2218 = AXIS2_PLACEMENT_3D('',#2219,#2220,#2221);
#2219 = CARTESIAN_POINT('',(1.75,0.,0.));
#2220 = DIRECTION('',(1.,0.,0.));
#2221 = DIRECTION('',(0.,1.,0.));
#2222 = PCURVE('',#1983,#2223);
#2223 = DEFINITIONAL_REPRESENTATION('',(#2224),#2228);
#2224 = CIRCLE('',#2225,11.);
#2225 = AXIS2_PLACEMENT_2D('',#2226,#2227);
#2226 = CARTESIAN_POINT('',(0.,0.));
#2227 = DIRECTION('',(1.,-0.));
#2228 = ( GEOMETRIC_REPRESENTATION_CONTEXT(2) 
PARAMETRIC_REPRESENTATION_CONTEXT() REPRESENTATION_CONTEXT('2D SPACE',''
  ) );
#2229 = PCURVE('',#2230,#2235);
#2230 = CONICAL_SURFACE('',#2231,11.,1.134464013796);
#2231 = AXIS2_PLACEMENT_3D('',#2232,#2233,#2234);
#2232 = CARTESIAN_POINT('',(1.75,0.,0.));
#2233 = DIRECTION('',(-1.,-0.,-0.));
#2234 = DIRECTION('',(0.,1.,0.));
#2235 = DEFINITIONAL_REPRESENTATION('',(#2236),#2240);
#2236 = LINE('',#2237,#2238);
#2237 = CARTESIAN_POINT('',(-0.,0.));
#2238 = VECTOR('',#2239,1.);
#2239 = DIRECTION('',(-1.,0.));
#2240 = ( GEOMETRIC_REPRESENTATION_CONTEXT(2) 
PARAMETRIC_REPRESENTATION_CONTEXT() REPRESENTATION_CONTEXT('2D SPACE',''
  ) );
#2241 = ORIENTED_EDGE('',*,*,#2242,.F.);
#2242 = EDGE_CURVE('',#2243,#2214,#2245,.T.);
#2243 = VERTEX_POINT('',#2244);
#2244 = CARTESIAN_POINT('',(1.75,-5.50000004453,-9.52627941592));
#2245 = SURFACE_CURVE('',#2246,(#2251,#2258),.PCURVE_S1.);
#2246 = CIRCLE('',#2247,11.);
#2247 = AXIS2_PLACEMENT_3D('',#2248,#2249,#2250);
#2248 = CARTESIAN_POINT('',(1.75,0.,0.));
#2249 = DIRECTION('',(1.,0.,0.));
#2250 = DIRECTION('',(0.,1.,0.));
#2251 = PCURVE('',#1983,#2252);
#2252 = DEFINITIONAL_REPRESENTATION('',(#2253),#2257);
#2253 = CIRCLE('',#2254,11.);
#2254 = AXIS2_PLACEMENT_2D('',#2255,#2256);
#2255 = CARTESIAN_POINT('',(0.,0.));
#2256 = DIRECTION('',(1.,-0.));
#2257 = ( GEOMETRIC_REPRESENTATION_CONTEXT(2) 
PARAMETRIC_REPRESENTATION_CONTEXT() REPRESENTATION_CONTEXT('2D SPACE',''
  ) );
#2258 = PCURVE('',#2259,#2264);
#2259 = CONICAL_SURFACE('',#2260,11.,1.134464013796);
#2260 = AXIS2_PLACEMENT_3D('',#2261,#2262,#2263);
#2261 = CARTESIAN_POINT('',(1.75,0.,0.));
#2262 = DIRECTION('',(-1.,-0.,-0.));
#2263 = DIRECTION('',(0.,1.,0.));
#2264 = DEFINITIONAL_REPRESENTATION('',(#2265),#2269);
#2265 = LINE('',#2266,#2267);
#2266 = CARTESIAN_POINT('',(-0.,0.));
#2267 = VECTOR('',#2268,1.);
#2268 = DIRECTION('',(-1.,0.));
#2269 = ( GEOMETRIC_REPRESENTATION_CONTEXT(2) 
PARAMETRIC_REPRESENTATION_CONTEXT() REPRESENTATION_CONTEXT('2D SPACE',''
  ) );
#2270 = ORIENTED_EDGE('',*,*,#2271,.F.);
#2271 = EDGE_CURVE('',#2272,#2243,#2274,.T.);
#2272 = VERTEX_POINT('',#2273);
#2273 = CARTESIAN_POINT('',(1.75,-11.,1.1E-14));
#2274 = SURFACE_CURVE('',#2275,(#2280,#2287),.PCURVE_S1.);
#2275 = CIRCLE('',#2276,11.);
#2276 = AXIS2_PLACEMENT_3D('',#2277,#2278,#2279);
#2277 = CARTESIAN_POINT('',(1.75,0.,0.));
#2278 = DIRECTION('',(1.,0.,0.));
#2279 = DIRECTION('',(0.,1.,0.));
#2280 = PCURVE('',#1983,#2281);
#2281 = DEFINITIONAL_REPRESENTATION('',(#2282),#2286);
#2282 = CIRCLE('',#2283,11.);
#2283 = AXIS2_PLACEMENT_2D('',#2284,#2285);
#2284 = CARTESIAN_POINT('',(0.,0.));
#2285 = DIRECTION('',(1.,-0.));
#2286 = ( GEOMETRIC_REPRESENTATION_CONTEXT(2) 
PARAMETRIC_REPRESENTATION_CONTEXT() REPRESENTATION_CONTEXT('2D SPACE',''
  ) );
#2287 = PCURVE('',#2288,#2293);
#2288 = CONICAL_SURFACE('',#2289,11.,1.134464013796);
#2289 = AXIS2_PLACEMENT_3D('',#2290,#2291,#2292);
#2290 = CARTESIAN_POINT('',(1.75,0.,0.));
#2291 = DIRECTION('',(-1.,-0.,-0.));
#2292 = DIRECTION('',(0.,1.,0.));
#2293 = DEFINITIONAL_REPRESENTATION('',(#2294),#2298);
#2294 = LINE('',#2295,#2296);
#2295 = CARTESIAN_POINT('',(-0.,0.));
#2296 = VECTOR('',#2297,1.);
#2297 = DIRECTION('',(-1.,0.));
#2298 = ( GEOMETRIC_REPRESENTATION_CONTEXT(2) 
PARAMETRIC_REPRESENTATION_CONTEXT() REPRESENTATION_CONTEXT('2D SPACE',''
  ) );
#2299 = ORIENTED_EDGE('',*,*,#2300,.F.);
#2300 = EDGE_CURVE('',#2301,#2272,#2303,.T.);
#2301 = VERTEX_POINT('',#2302);
#2302 = CARTESIAN_POINT('',(1.75,-5.499999954094,9.526279468133));
#2303 = SURFACE_CURVE('',#2304,(#2309,#2316),.PCURVE_S1.);
#2304 = CIRCLE('',#2305,11.);
#2305 = AXIS2_PLACEMENT_3D('',#2306,#2307,#2308);
#2306 = CARTESIAN_POINT('',(1.75,0.,0.));
#2307 = DIRECTION('',(1.,0.,0.));
#2308 = DIRECTION('',(0.,1.,0.));
#2309 = PCURVE('',#1983,#2310);
#2310 = DEFINITIONAL_REPRESENTATION('',(#2311),#2315);
#2311 = CIRCLE('',#2312,11.);
#2312 = AXIS2_PLACEMENT_2D('',#2313,#2314);
#2313 = CARTESIAN_POINT('',(0.,0.));
#2314 = DIRECTION('',(1.,-0.));
#2315 = ( GEOMETRIC_REPRESENTATION_CONTEXT(2) 
PARAMETRIC_REPRESENTATION_CONTEXT() REPRESENTATION_CONTEXT('2D SPACE',''
  ) );
#2316 = PCURVE('',#2317,#2322);
#2317 = CONICAL_SURFACE('',#2318,11.,1.134464013796);
#2318 = AXIS2_PLACEMENT_3D('',#2319,#2320,#2321);
#2319 = CARTESIAN_POINT('',(1.75,0.,0.));
#2320 = DIRECTION('',(-1.,-0.,-0.));
#2321 = DIRECTION('',(0.,1.,0.));
#2322 = DEFINITIONAL_REPRESENTATION('',(#2323),#2327);
#2323 = LINE('',#2324,#2325);
#2324 = CARTESIAN_POINT('',(-0.,0.));
#2325 = VECTOR('',#2326,1.);
#2326 = DIRECTION('',(-1.,0.));
#2327 = ( GEOMETRIC_REPRESENTATION_CONTEXT(2) 
PARAMETRIC_REPRESENTATION_CONTEXT() REPRESENTATION_CONTEXT('2D SPACE',''
  ) );
#2328 = ORIENTED_EDGE('',*,*,#2329,.F.);
#2329 = EDGE_CURVE('',#2185,#2301,#2330,.T.);
#2330 = SURFACE_CURVE('',#2331,(#2336,#2343),.PCURVE_S1.);
#2331 = CIRCLE('',#2332,11.);
#2332 = AXIS2_PLACEMENT_3D('',#2333,#2334,#2335);
#2333 = CARTESIAN_POINT('',(1.75,0.,0.));
#2334 = DIRECTION('',(1.,0.,0.));
#2335 = DIRECTION('',(0.,1.,0.));
#2336 = PCURVE('',#1983,#2337);
#2337 = DEFINITIONAL_REPRESENTATION('',(#2338),#2342);
#2338 = CIRCLE('',#2339,11.);
#2339 = AXIS2_PLACEMENT_2D('',#2340,#2341);
#2340 = CARTESIAN_POINT('',(0.,0.));
#2341 = DIRECTION('',(1.,-0.));
#2342 = ( GEOMETRIC_REPRESENTATION_CONTEXT(2) 
PARAMETRIC_REPRESENTATION_CONTEXT() REPRESENTATION_CONTEXT('2D SPACE',''
  ) );
#2343 = PCURVE('',#2344,#2349);
#2344 = CONICAL_SURFACE('',#2345,11.,1.134464013796);
#2345 = AXIS2_PLACEMENT_3D('',#2346,#2347,#2348);
#2346 = CARTESIAN_POINT('',(1.75,0.,0.));
#2347 = DIRECTION('',(-1.,-0.,-0.));
#2348 = DIRECTION('',(0.,1.,0.));
#2349 = DEFINITIONAL_REPRESENTATION('',(#2350),#2354);
#2350 = LINE('',#2351,#2352);
#2351 = CARTESIAN_POINT('',(-0.,0.));
#2352 = VECTOR('',#2353,1.);
#2353 = DIRECTION('',(-1.,0.));
#2354 = ( GEOMETRIC_REPRESENTATION_CONTEXT(2) 
PARAMETRIC_REPRESENTATION_CONTEXT() REPRESENTATION_CONTEXT('2D SPACE',''
  ) );
#2355 = ADVANCED_FACE('',(#2356),#2021,.T.);
#2356 = FACE_BOUND('',#2357,.F.);
#2357 = EDGE_LOOP('',(#2358,#2359,#2392));
#2358 = ORIENTED_EDGE('',*,*,#2002,.F.);
#2359 = ORIENTED_EDGE('',*,*,#2360,.F.);
#2360 = EDGE_CURVE('',#2361,#2003,#2363,.T.);
#2361 = VERTEX_POINT('',#2362);
#2362 = CARTESIAN_POINT('',(-0.956481496558,11.,6.350852961086));
#2363 = SURFACE_CURVE('',#2364,(#2369,#2380),.PCURVE_S1.);
#2364 = HYPERBOLA('',#2365,5.129384239695,11.);
#2365 = AXIS2_PLACEMENT_3D('',#2366,#2367,#2368);
#2366 = CARTESIAN_POINT('',(-6.879384239688,11.,-1.54E-15));
#2367 = DIRECTION('',(0.,1.,-1.4E-16));
#2368 = DIRECTION('',(1.,0.,0.));
#2369 = PCURVE('',#2021,#2370);
#2370 = DEFINITIONAL_REPRESENTATION('',(#2371),#2379);
#2371 = B_SPLINE_CURVE_WITH_KNOTS('',6,(#2372,#2373,#2374,#2375,#2376,
    #2377,#2378),.UNSPECIFIED.,.F.,.F.,(7,7),(-0.646774826402,-1.4E-16),
  .PIECEWISE_BEZIER_KNOTS.);
#2372 = CARTESIAN_POINT('',(0.605891118839,-0.521295791891));
#2373 = CARTESIAN_POINT('',(0.517283513443,-0.904374231239));
#2374 = CARTESIAN_POINT('',(0.422148610349,-1.200440390723));
#2375 = CARTESIAN_POINT('',(0.321137322645,-1.417505929634));
#2376 = CARTESIAN_POINT('',(0.215590785681,-1.560552983392));
#2377 = CARTESIAN_POINT('',(0.1077958044,-1.632076803539));
#2378 = CARTESIAN_POINT('',(0.,-1.632076803539));
#2379 = ( GEOMETRIC_REPRESENTATION_CONTEXT(2) 
PARAMETRIC_REPRESENTATION_CONTEXT() REPRESENTATION_CONTEXT('2D SPACE',''
  ) );
#2380 = PCURVE('',#2381,#2386);
#2381 = PLANE('',#2382);
#2382 = AXIS2_PLACEMENT_3D('',#2383,#2384,#2385);
#2383 = CARTESIAN_POINT('',(1.75,11.,-6.350852961086));
#2384 = DIRECTION('',(0.,1.,-1.4E-16));
#2385 = DIRECTION('',(0.,1.4E-16,1.));
#2386 = DEFINITIONAL_REPRESENTATION('',(#2387),#2391);
#2387 = HYPERBOLA('',#2388,5.129384239695,11.);
#2388 = AXIS2_PLACEMENT_2D('',#2389,#2390);
#2389 = CARTESIAN_POINT('',(6.350852961086,-8.629384239688));
#2390 = DIRECTION('',(0.,1.));
#2391 = ( GEOMETRIC_REPRESENTATION_CONTEXT(2) 
PARAMETRIC_REPRESENTATION_CONTEXT() REPRESENTATION_CONTEXT('2D SPACE',''
  ) );
#2392 = ORIENTED_EDGE('',*,*,#2393,.F.);
#2393 = EDGE_CURVE('',#2005,#2361,#2394,.T.);
#2394 = SURFACE_CURVE('',#2395,(#2400,#2411),.PCURVE_S1.);
#2395 = HYPERBOLA('',#2396,5.129384239695,11.);
#2396 = AXIS2_PLACEMENT_3D('',#2397,#2398,#2399);
#2397 = CARTESIAN_POINT('',(-6.879384239688,5.5,9.526279441629));
#2398 = DIRECTION('',(-0.,0.5,0.866025403784));
#2399 = DIRECTION('',(1.,0.,0.));
#2400 = PCURVE('',#2021,#2401);
#2401 = DEFINITIONAL_REPRESENTATION('',(#2402),#2410);
#2402 = B_SPLINE_CURVE_WITH_KNOTS('',6,(#2403,#2404,#2405,#2406,#2407,
    #2408,#2409),.UNSPECIFIED.,.F.,.F.,(7,7),(3.898758E-11,
    0.646774826402),.PIECEWISE_BEZIER_KNOTS.);
#2403 = CARTESIAN_POINT('',(1.047197551158,-1.632076803539));
#2404 = CARTESIAN_POINT('',(0.939401746764,-1.632076803518));
#2405 = CARTESIAN_POINT('',(0.83160676549,-1.560552983357));
#2406 = CARTESIAN_POINT('',(0.726060228533,-1.417505929594));
#2407 = CARTESIAN_POINT('',(0.625048940836,-1.200440390687));
#2408 = CARTESIAN_POINT('',(0.529914037748,-0.904374231216));
#2409 = CARTESIAN_POINT('',(0.441306432357,-0.521295791891));
#2410 = ( GEOMETRIC_REPRESENTATION_CONTEXT(2) 
PARAMETRIC_REPRESENTATION_CONTEXT() REPRESENTATION_CONTEXT('2D SPACE',''
  ) );
#2411 = PCURVE('',#2412,#2417);
#2412 = PLANE('',#2413);
#2413 = AXIS2_PLACEMENT_3D('',#2414,#2415,#2416);
#2414 = CARTESIAN_POINT('',(1.75,11.,6.350852961086));
#2415 = DIRECTION('',(0.,0.5,0.866025403784));
#2416 = DIRECTION('',(0.,-0.866025403784,0.5));
#2417 = DEFINITIONAL_REPRESENTATION('',(#2418),#2422);
#2418 = HYPERBOLA('',#2419,5.129384239695,11.);
#2419 = AXIS2_PLACEMENT_2D('',#2420,#2421);
#2420 = CARTESIAN_POINT('',(6.350852961086,-8.629384239688));
#2421 = DIRECTION('',(0.,1.));
#2422 = ( GEOMETRIC_REPRESENTATION_CONTEXT(2) 
PARAMETRIC_REPRESENTATION_CONTEXT() REPRESENTATION_CONTEXT('2D SPACE',''
  ) );
#2423 = ADVANCED_FACE('',(#2424),#2164,.T.);
#2424 = FACE_BOUND('',#2425,.F.);
#2425 = EDGE_LOOP('',(#2426,#2427,#2455));
#2426 = ORIENTED_EDGE('',*,*,#2149,.F.);
#2427 = ORIENTED_EDGE('',*,*,#2428,.F.);
#2428 = EDGE_CURVE('',#2429,#2005,#2431,.T.);
#2429 = VERTEX_POINT('',#2430);
#2430 = CARTESIAN_POINT('',(-0.956481496558,0.,12.701705922172));
#2431 = SURFACE_CURVE('',#2432,(#2437,#2448),.PCURVE_S1.);
#2432 = HYPERBOLA('',#2433,5.129384239695,11.);
#2433 = AXIS2_PLACEMENT_3D('',#2434,#2435,#2436);
#2434 = CARTESIAN_POINT('',(-6.879384239688,5.5,9.526279441629));
#2435 = DIRECTION('',(-0.,0.5,0.866025403784));
#2436 = DIRECTION('',(1.,0.,0.));
#2437 = PCURVE('',#2164,#2438);
#2438 = DEFINITIONAL_REPRESENTATION('',(#2439),#2447);
#2439 = B_SPLINE_CURVE_WITH_KNOTS('',6,(#2440,#2441,#2442,#2443,#2444,
    #2445,#2446),.UNSPECIFIED.,.F.,.F.,(7,7),(-0.646774826402,
    3.898758E-11),.PIECEWISE_BEZIER_KNOTS.);
#2440 = CARTESIAN_POINT('',(1.653088670036,-0.521295791891));
#2441 = CARTESIAN_POINT('',(1.564481064635,-0.904374231262));
#2442 = CARTESIAN_POINT('',(1.469346161534,-1.200440390759));
#2443 = CARTESIAN_POINT('',(1.368334873824,-1.417505929673));
#2444 = CARTESIAN_POINT('',(1.262788336852,-1.560552983426));
#2445 = CARTESIAN_POINT('',(1.154993355564,-1.632076803561));
#2446 = CARTESIAN_POINT('',(1.047197551158,-1.632076803539));
#2447 = ( GEOMETRIC_REPRESENTATION_CONTEXT(2) 
PARAMETRIC_REPRESENTATION_CONTEXT() REPRESENTATION_CONTEXT('2D SPACE',''
  ) );
#2448 = PCURVE('',#2412,#2449);
#2449 = DEFINITIONAL_REPRESENTATION('',(#2450),#2454);
#2450 = HYPERBOLA('',#2451,5.129384239695,11.);
#2451 = AXIS2_PLACEMENT_2D('',#2452,#2453);
#2452 = CARTESIAN_POINT('',(6.350852961086,-8.629384239688));
#2453 = DIRECTION('',(0.,1.));
#2454 = ( GEOMETRIC_REPRESENTATION_CONTEXT(2) 
PARAMETRIC_REPRESENTATION_CONTEXT() REPRESENTATION_CONTEXT('2D SPACE',''
  ) );
#2455 = ORIENTED_EDGE('',*,*,#2456,.F.);
#2456 = EDGE_CURVE('',#2121,#2429,#2457,.T.);
#2457 = SURFACE_CURVE('',#2458,(#2463,#2474),.PCURVE_S1.);
#2458 = HYPERBOLA('',#2459,5.129384239695,11.);
#2459 = AXIS2_PLACEMENT_3D('',#2460,#2461,#2462);
#2460 = CARTESIAN_POINT('',(-6.879384239688,-5.5,9.526279441629));
#2461 = DIRECTION('',(0.,-0.5,0.866025403784));
#2462 = DIRECTION('',(1.,0.,0.));
#2463 = PCURVE('',#2164,#2464);
#2464 = DEFINITIONAL_REPRESENTATION('',(#2465),#2473);
#2465 = B_SPLINE_CURVE_WITH_KNOTS('',6,(#2466,#2467,#2468,#2469,#2470,
    #2471,#2472),.UNSPECIFIED.,.F.,.F.,(7,7),(5.418834E-11,
    0.646774826402),.PIECEWISE_BEZIER_KNOTS.);
#2466 = CARTESIAN_POINT('',(2.094395102339,-1.632076803539));
#2467 = CARTESIAN_POINT('',(1.986599297948,-1.632076803509));
#2468 = CARTESIAN_POINT('',(1.878804316676,-1.560552983344));
#2469 = CARTESIAN_POINT('',(1.773257779722,-1.417505929579));
#2470 = CARTESIAN_POINT('',(1.672246492029,-1.200440390673));
#2471 = CARTESIAN_POINT('',(1.577111588942,-0.904374231207));
#2472 = CARTESIAN_POINT('',(1.488503983554,-0.521295791891));
#2473 = ( GEOMETRIC_REPRESENTATION_CONTEXT(2) 
PARAMETRIC_REPRESENTATION_CONTEXT() REPRESENTATION_CONTEXT('2D SPACE',''
  ) );
#2474 = PCURVE('',#2475,#2480);
#2475 = PLANE('',#2476);
#2476 = AXIS2_PLACEMENT_3D('',#2477,#2478,#2479);
#2477 = CARTESIAN_POINT('',(1.75,0.,12.701705922172));
#2478 = DIRECTION('',(0.,-0.5,0.866025403784));
#2479 = DIRECTION('',(0.,-0.866025403784,-0.5));
#2480 = DEFINITIONAL_REPRESENTATION('',(#2481),#2485);
#2481 = HYPERBOLA('',#2482,5.129384239695,11.);
#2482 = AXIS2_PLACEMENT_2D('',#2483,#2484);
#2483 = CARTESIAN_POINT('',(6.350852961086,-8.629384239688));
#2484 = DIRECTION('',(0.,1.));
#2485 = ( GEOMETRIC_REPRESENTATION_CONTEXT(2) 
PARAMETRIC_REPRESENTATION_CONTEXT() REPRESENTATION_CONTEXT('2D SPACE',''
  ) );
#2486 = ADVANCED_FACE('',(#2487),#2137,.T.);
#2487 = FACE_BOUND('',#2488,.F.);
#2488 = EDGE_LOOP('',(#2489,#2490,#2518));
#2489 = ORIENTED_EDGE('',*,*,#2120,.F.);
#2490 = ORIENTED_EDGE('',*,*,#2491,.F.);
#2491 = EDGE_CURVE('',#2492,#2121,#2494,.T.);
#2492 = VERTEX_POINT('',#2493);
#2493 = CARTESIAN_POINT('',(-0.956481496558,-11.,6.350852961086));
#2494 = SURFACE_CURVE('',#2495,(#2500,#2511),.PCURVE_S1.);
#2495 = HYPERBOLA('',#2496,5.129384239695,11.);
#2496 = AXIS2_PLACEMENT_3D('',#2497,#2498,#2499);
#2497 = CARTESIAN_POINT('',(-6.879384239688,-5.5,9.526279441629));
#2498 = DIRECTION('',(0.,-0.5,0.866025403784));
#2499 = DIRECTION('',(1.,0.,0.));
#2500 = PCURVE('',#2137,#2501);
#2501 = DEFINITIONAL_REPRESENTATION('',(#2502),#2510);
#2502 = B_SPLINE_CURVE_WITH_KNOTS('',6,(#2503,#2504,#2505,#2506,#2507,
    #2508,#2509),.UNSPECIFIED.,.F.,.F.,(7,7),(-0.646774826402,
    5.418834E-11),.PIECEWISE_BEZIER_KNOTS.);
#2503 = CARTESIAN_POINT('',(2.700286221232,-0.521295791891));
#2504 = CARTESIAN_POINT('',(2.611678615829,-0.904374231271));
#2505 = CARTESIAN_POINT('',(2.516543712726,-1.200440390772));
#2506 = CARTESIAN_POINT('',(2.415532425013,-1.417505929688));
#2507 = CARTESIAN_POINT('',(2.309985888039,-1.56055298344));
#2508 = CARTESIAN_POINT('',(2.202190906748,-1.632076803569));
#2509 = CARTESIAN_POINT('',(2.094395102339,-1.632076803539));
#2510 = ( GEOMETRIC_REPRESENTATION_CONTEXT(2) 
PARAMETRIC_REPRESENTATION_CONTEXT() REPRESENTATION_CONTEXT('2D SPACE',''
  ) );
#2511 = PCURVE('',#2475,#2512);
#2512 = DEFINITIONAL_REPRESENTATION('',(#2513),#2517);
#2513 = HYPERBOLA('',#2514,5.129384239695,11.);
#2514 = AXIS2_PLACEMENT_2D('',#2515,#2516);
#2515 = CARTESIAN_POINT('',(6.350852961086,-8.629384239688));
#2516 = DIRECTION('',(0.,1.));
#2517 = ( GEOMETRIC_REPRESENTATION_CONTEXT(2) 
PARAMETRIC_REPRESENTATION_CONTEXT() REPRESENTATION_CONTEXT('2D SPACE',''
  ) );
#2518 = ORIENTED_EDGE('',*,*,#2519,.F.);
#2519 = EDGE_CURVE('',#2092,#2492,#2520,.T.);
#2520 = SURFACE_CURVE('',#2521,(#2526,#2537),.PCURVE_S1.);
#2521 = HYPERBOLA('',#2522,5.129384239695,11.);
#2522 = AXIS2_PLACEMENT_3D('',#2523,#2524,#2525);
#2523 = CARTESIAN_POINT('',(-6.879384239688,-11.,0.));
#2524 = DIRECTION('',(0.,-1.,0.));
#2525 = DIRECTION('',(1.,0.,0.));
#2526 = PCURVE('',#2137,#2527);
#2527 = DEFINITIONAL_REPRESENTATION('',(#2528),#2536);
#2528 = B_SPLINE_CURVE_WITH_KNOTS('',6,(#2529,#2530,#2531,#2532,#2533,
    #2534,#2535),.UNSPECIFIED.,.F.,.F.,(7,7),(-1.853E-14,0.646774826402)
  ,.PIECEWISE_BEZIER_KNOTS.);
#2529 = CARTESIAN_POINT('',(3.14159265359,-1.632076803539));
#2530 = CARTESIAN_POINT('',(3.03379684919,-1.632076803539));
#2531 = CARTESIAN_POINT('',(2.926001867908,-1.560552983392));
#2532 = CARTESIAN_POINT('',(2.820455330944,-1.417505929634));
#2533 = CARTESIAN_POINT('',(2.719444043241,-1.200440390723));
#2534 = CARTESIAN_POINT('',(2.624309140146,-0.904374231239));
#2535 = CARTESIAN_POINT('',(2.535701534751,-0.521295791891));
#2536 = ( GEOMETRIC_REPRESENTATION_CONTEXT(2) 
PARAMETRIC_REPRESENTATION_CONTEXT() REPRESENTATION_CONTEXT('2D SPACE',''
  ) );
#2537 = PCURVE('',#2538,#2543);
#2538 = PLANE('',#2539);
#2539 = AXIS2_PLACEMENT_3D('',#2540,#2541,#2542);
#2540 = CARTESIAN_POINT('',(1.75,-11.,6.350852961086));
#2541 = DIRECTION('',(0.,-1.,0.));
#2542 = DIRECTION('',(0.,0.,-1.));
#2543 = DEFINITIONAL_REPRESENTATION('',(#2544),#2548);
#2544 = HYPERBOLA('',#2545,5.129384239695,11.);
#2545 = AXIS2_PLACEMENT_2D('',#2546,#2547);
#2546 = CARTESIAN_POINT('',(6.350852961086,-8.629384239688));
#2547 = DIRECTION('',(0.,1.));
#2548 = ( GEOMETRIC_REPRESENTATION_CONTEXT(2) 
PARAMETRIC_REPRESENTATION_CONTEXT() REPRESENTATION_CONTEXT('2D SPACE',''
  ) );
#2549 = ADVANCED_FACE('',(#2550),#2108,.T.);
#2550 = FACE_BOUND('',#2551,.F.);
#2551 = EDGE_LOOP('',(#2552,#2585,#2586));
#2552 = ORIENTED_EDGE('',*,*,#2553,.F.);
#2553 = EDGE_CURVE('',#2063,#2554,#2556,.T.);
#2554 = VERTEX_POINT('',#2555);
#2555 = CARTESIAN_POINT('',(-0.956481496558,-11.,-6.350852961086));
#2556 = SURFACE_CURVE('',#2557,(#2562,#2573),.PCURVE_S1.);
#2557 = HYPERBOLA('',#2558,5.129384239695,11.);
#2558 = AXIS2_PLACEMENT_3D('',#2559,#2560,#2561);
#2559 = CARTESIAN_POINT('',(-6.879384239688,-5.5,-9.526279441629));
#2560 = DIRECTION('',(0.,-0.5,-0.866025403784));
#2561 = DIRECTION('',(1.,0.,0.));
#2562 = PCURVE('',#2108,#2563);
#2563 = DEFINITIONAL_REPRESENTATION('',(#2564),#2572);
#2564 = B_SPLINE_CURVE_WITH_KNOTS('',6,(#2565,#2566,#2567,#2568,#2569,
    #2570,#2571),.UNSPECIFIED.,.F.,.F.,(7,7),(3.89996E-11,0.646774826402
    ),.PIECEWISE_BEZIER_KNOTS.);
#2565 = CARTESIAN_POINT('',(4.188790204747,-1.632076803539));
#2566 = CARTESIAN_POINT('',(4.080994400354,-1.632076803518));
#2567 = CARTESIAN_POINT('',(3.97319941908,-1.560552983357));
#2568 = CARTESIAN_POINT('',(3.867652882123,-1.417505929594));
#2569 = CARTESIAN_POINT('',(3.766641594426,-1.200440390687));
#2570 = CARTESIAN_POINT('',(3.671506691338,-0.904374231216));
#2571 = CARTESIAN_POINT('',(3.582899085947,-0.521295791891));
#2572 = ( GEOMETRIC_REPRESENTATION_CONTEXT(2) 
PARAMETRIC_REPRESENTATION_CONTEXT() REPRESENTATION_CONTEXT('2D SPACE',''
  ) );
#2573 = PCURVE('',#2574,#2579);
#2574 = PLANE('',#2575);
#2575 = AXIS2_PLACEMENT_3D('',#2576,#2577,#2578);
#2576 = CARTESIAN_POINT('',(1.75,-11.,-6.350852961086));
#2577 = DIRECTION('',(0.,-0.5,-0.866025403784));
#2578 = DIRECTION('',(0.,0.866025403784,-0.5));
#2579 = DEFINITIONAL_REPRESENTATION('',(#2580),#2584);
#2580 = HYPERBOLA('',#2581,5.129384239695,11.);
#2581 = AXIS2_PLACEMENT_2D('',#2582,#2583);
#2582 = CARTESIAN_POINT('',(6.350852961086,-8.629384239688));
#2583 = DIRECTION('',(0.,1.));
#2584 = ( GEOMETRIC_REPRESENTATION_CONTEXT(2) 
PARAMETRIC_REPRESENTATION_CONTEXT() REPRESENTATION_CONTEXT('2D SPACE',''
  ) );
#2585 = ORIENTED_EDGE('',*,*,#2091,.F.);
#2586 = ORIENTED_EDGE('',*,*,#2587,.F.);
#2587 = EDGE_CURVE('',#2554,#2092,#2588,.T.);
#2588 = SURFACE_CURVE('',#2589,(#2594,#2605),.PCURVE_S1.);
#2589 = HYPERBOLA('',#2590,5.129384239695,11.);
#2590 = AXIS2_PLACEMENT_3D('',#2591,#2592,#2593);
#2591 = CARTESIAN_POINT('',(-6.879384239688,-11.,0.));
#2592 = DIRECTION('',(0.,-1.,0.));
#2593 = DIRECTION('',(1.,0.,0.));
#2594 = PCURVE('',#2108,#2595);
#2595 = DEFINITIONAL_REPRESENTATION('',(#2596),#2604);
#2596 = B_SPLINE_CURVE_WITH_KNOTS('',6,(#2597,#2598,#2599,#2600,#2601,
    #2602,#2603),.UNSPECIFIED.,.F.,.F.,(7,7),(-0.646774826402,-1.853E-14
    ),.PIECEWISE_BEZIER_KNOTS.);
#2597 = CARTESIAN_POINT('',(3.747483772429,-0.521295791891));
#2598 = CARTESIAN_POINT('',(3.658876167033,-0.904374231239));
#2599 = CARTESIAN_POINT('',(3.563741263939,-1.200440390723));
#2600 = CARTESIAN_POINT('',(3.462729976235,-1.417505929634));
#2601 = CARTESIAN_POINT('',(3.357183439271,-1.560552983392));
#2602 = CARTESIAN_POINT('',(3.24938845799,-1.632076803539));
#2603 = CARTESIAN_POINT('',(3.14159265359,-1.632076803539));
#2604 = ( GEOMETRIC_REPRESENTATION_CONTEXT(2) 
PARAMETRIC_REPRESENTATION_CONTEXT() REPRESENTATION_CONTEXT('2D SPACE',''
  ) );
#2605 = PCURVE('',#2538,#2606);
#2606 = DEFINITIONAL_REPRESENTATION('',(#2607),#2611);
#2607 = HYPERBOLA('',#2608,5.129384239695,11.);
#2608 = AXIS2_PLACEMENT_2D('',#2609,#2610);
#2609 = CARTESIAN_POINT('',(6.350852961086,-8.629384239688));
#2610 = DIRECTION('',(0.,1.));
#2611 = ( GEOMETRIC_REPRESENTATION_CONTEXT(2) 
PARAMETRIC_REPRESENTATION_CONTEXT() REPRESENTATION_CONTEXT('2D SPACE',''
  ) );
#2612 = ADVANCED_FACE('',(#2613),#2079,.T.);
#2613 = FACE_BOUND('',#2614,.F.);
#2614 = EDGE_LOOP('',(#2615,#2648,#2649));
#2615 = ORIENTED_EDGE('',*,*,#2616,.F.);
#2616 = EDGE_CURVE('',#2034,#2617,#2619,.T.);
#2617 = VERTEX_POINT('',#2618);
#2618 = CARTESIAN_POINT('',(-0.956481496558,2.E-15,-12.70170592217));
#2619 = SURFACE_CURVE('',#2620,(#2625,#2636),.PCURVE_S1.);
#2620 = HYPERBOLA('',#2621,5.129384239695,11.);
#2621 = AXIS2_PLACEMENT_3D('',#2622,#2623,#2624);
#2622 = CARTESIAN_POINT('',(-6.879384239688,5.5,-9.526279441629));
#2623 = DIRECTION('',(0.,0.5,-0.866025403784));
#2624 = DIRECTION('',(1.,0.,0.));
#2625 = PCURVE('',#2079,#2626);
#2626 = DEFINITIONAL_REPRESENTATION('',(#2627),#2635);
#2627 = B_SPLINE_CURVE_WITH_KNOTS('',6,(#2628,#2629,#2630,#2631,#2632,
    #2633,#2634),.UNSPECIFIED.,.F.,.F.,(7,7),(-6.047146E-11,
    0.646774826402),.PIECEWISE_BEZIER_KNOTS.);
#2628 = CARTESIAN_POINT('',(5.235987756043,-1.632076803539));
#2629 = CARTESIAN_POINT('',(5.128191951633,-1.632076803573));
#2630 = CARTESIAN_POINT('',(5.020396970341,-1.560552983445));
#2631 = CARTESIAN_POINT('',(4.914850433366,-1.417505929695));
#2632 = CARTESIAN_POINT('',(4.813839145652,-1.200440390778));
#2633 = CARTESIAN_POINT('',(4.718704242548,-0.904374231274));
#2634 = CARTESIAN_POINT('',(4.630096637144,-0.521295791891));
#2635 = ( GEOMETRIC_REPRESENTATION_CONTEXT(2) 
PARAMETRIC_REPRESENTATION_CONTEXT() REPRESENTATION_CONTEXT('2D SPACE',''
  ) );
#2636 = PCURVE('',#2637,#2642);
#2637 = PLANE('',#2638);
#2638 = AXIS2_PLACEMENT_3D('',#2639,#2640,#2641);
#2639 = CARTESIAN_POINT('',(1.75,1.78E-15,-12.70170592217));
#2640 = DIRECTION('',(0.,0.5,-0.866025403784));
#2641 = DIRECTION('',(0.,0.866025403784,0.5));
#2642 = DEFINITIONAL_REPRESENTATION('',(#2643),#2647);
#2643 = HYPERBOLA('',#2644,5.129384239695,11.);
#2644 = AXIS2_PLACEMENT_2D('',#2645,#2646);
#2645 = CARTESIAN_POINT('',(6.350852961086,-8.629384239688));
#2646 = DIRECTION('',(0.,1.));
#2647 = ( GEOMETRIC_REPRESENTATION_CONTEXT(2) 
PARAMETRIC_REPRESENTATION_CONTEXT() REPRESENTATION_CONTEXT('2D SPACE',''
  ) );
#2648 = ORIENTED_EDGE('',*,*,#2062,.F.);
#2649 = ORIENTED_EDGE('',*,*,#2650,.F.);
#2650 = EDGE_CURVE('',#2617,#2063,#2651,.T.);
#2651 = SURFACE_CURVE('',#2652,(#2657,#2668),.PCURVE_S1.);
#2652 = HYPERBOLA('',#2653,5.129384239695,11.);
#2653 = AXIS2_PLACEMENT_3D('',#2654,#2655,#2656);
#2654 = CARTESIAN_POINT('',(-6.879384239688,-5.5,-9.526279441629));
#2655 = DIRECTION('',(0.,-0.5,-0.866025403784));
#2656 = DIRECTION('',(1.,0.,0.));
#2657 = PCURVE('',#2079,#2658);
#2658 = DEFINITIONAL_REPRESENTATION('',(#2659),#2667);
#2659 = B_SPLINE_CURVE_WITH_KNOTS('',6,(#2660,#2661,#2662,#2663,#2664,
    #2665,#2666),.UNSPECIFIED.,.F.,.F.,(7,7),(-0.646774826402,
    3.89996E-11),.PIECEWISE_BEZIER_KNOTS.);
#2660 = CARTESIAN_POINT('',(4.794681323626,-0.521295791891));
#2661 = CARTESIAN_POINT('',(4.706073718224,-0.904374231262));
#2662 = CARTESIAN_POINT('',(4.610938815124,-1.200440390759));
#2663 = CARTESIAN_POINT('',(4.509927527414,-1.417505929673));
#2664 = CARTESIAN_POINT('',(4.404380990442,-1.560552983426));
#2665 = CARTESIAN_POINT('',(4.296586009154,-1.632076803561));
#2666 = CARTESIAN_POINT('',(4.188790204747,-1.632076803539));
#2667 = ( GEOMETRIC_REPRESENTATION_CONTEXT(2) 
PARAMETRIC_REPRESENTATION_CONTEXT() REPRESENTATION_CONTEXT('2D SPACE',''
  ) );
#2668 = PCURVE('',#2574,#2669);
#2669 = DEFINITIONAL_REPRESENTATION('',(#2670),#2674);
#2670 = HYPERBOLA('',#2671,5.129384239695,11.);
#2671 = AXIS2_PLACEMENT_2D('',#2672,#2673);
#2672 = CARTESIAN_POINT('',(6.350852961086,-8.629384239688));
#2673 = DIRECTION('',(0.,1.));
#2674 = ( GEOMETRIC_REPRESENTATION_CONTEXT(2) 
PARAMETRIC_REPRESENTATION_CONTEXT() REPRESENTATION_CONTEXT('2D SPACE',''
  ) );
#2675 = ADVANCED_FACE('',(#2676),#2050,.T.);
#2676 = FACE_BOUND('',#2677,.F.);
#2677 = EDGE_LOOP('',(#2678,#2706,#2707));
#2678 = ORIENTED_EDGE('',*,*,#2679,.F.);
#2679 = EDGE_CURVE('',#2003,#2680,#2682,.T.);
#2680 = VERTEX_POINT('',#2681);
#2681 = CARTESIAN_POINT('',(-0.956481496558,11.,-6.350852961086));
#2682 = SURFACE_CURVE('',#2683,(#2688,#2699),.PCURVE_S1.);
#2683 = HYPERBOLA('',#2684,5.129384239695,11.);
#2684 = AXIS2_PLACEMENT_3D('',#2685,#2686,#2687);
#2685 = CARTESIAN_POINT('',(-6.879384239688,11.,-1.54E-15));
#2686 = DIRECTION('',(0.,1.,-1.4E-16));
#2687 = DIRECTION('',(1.,0.,0.));
#2688 = PCURVE('',#2050,#2689);
#2689 = DEFINITIONAL_REPRESENTATION('',(#2690),#2698);
#2690 = B_SPLINE_CURVE_WITH_KNOTS('',6,(#2691,#2692,#2693,#2694,#2695,
    #2696,#2697),.UNSPECIFIED.,.F.,.F.,(7,7),(1.1E-16,0.646774826402),
  .PIECEWISE_BEZIER_KNOTS.);
#2691 = CARTESIAN_POINT('',(6.28318530718,-1.632076803539));
#2692 = CARTESIAN_POINT('',(6.175389502779,-1.632076803539));
#2693 = CARTESIAN_POINT('',(6.067594521498,-1.560552983392));
#2694 = CARTESIAN_POINT('',(5.962047984534,-1.417505929634));
#2695 = CARTESIAN_POINT('',(5.861036696831,-1.200440390723));
#2696 = CARTESIAN_POINT('',(5.765901793736,-0.904374231239));
#2697 = CARTESIAN_POINT('',(5.67729418834,-0.521295791891));
#2698 = ( GEOMETRIC_REPRESENTATION_CONTEXT(2) 
PARAMETRIC_REPRESENTATION_CONTEXT() REPRESENTATION_CONTEXT('2D SPACE',''
  ) );
#2699 = PCURVE('',#2381,#2700);
#2700 = DEFINITIONAL_REPRESENTATION('',(#2701),#2705);
#2701 = HYPERBOLA('',#2702,5.129384239695,11.);
#2702 = AXIS2_PLACEMENT_2D('',#2703,#2704);
#2703 = CARTESIAN_POINT('',(6.350852961086,-8.629384239688));
#2704 = DIRECTION('',(0.,1.));
#2705 = ( GEOMETRIC_REPRESENTATION_CONTEXT(2) 
PARAMETRIC_REPRESENTATION_CONTEXT() REPRESENTATION_CONTEXT('2D SPACE',''
  ) );
#2706 = ORIENTED_EDGE('',*,*,#2033,.F.);
#2707 = ORIENTED_EDGE('',*,*,#2708,.F.);
#2708 = EDGE_CURVE('',#2680,#2034,#2709,.T.);
#2709 = SURFACE_CURVE('',#2710,(#2715,#2726),.PCURVE_S1.);
#2710 = HYPERBOLA('',#2711,5.129384239695,11.);
#2711 = AXIS2_PLACEMENT_3D('',#2712,#2713,#2714);
#2712 = CARTESIAN_POINT('',(-6.879384239688,5.5,-9.526279441629));
#2713 = DIRECTION('',(0.,0.5,-0.866025403784));
#2714 = DIRECTION('',(1.,0.,0.));
#2715 = PCURVE('',#2050,#2716);
#2716 = DEFINITIONAL_REPRESENTATION('',(#2717),#2725);
#2717 = B_SPLINE_CURVE_WITH_KNOTS('',6,(#2718,#2719,#2720,#2721,#2722,
    #2723,#2724),.UNSPECIFIED.,.F.,.F.,(7,7),(-0.646774826402,
    -6.047146E-11),.PIECEWISE_BEZIER_KNOTS.);
#2718 = CARTESIAN_POINT('',(5.841878874822,-0.521295791891));
#2719 = CARTESIAN_POINT('',(5.753271269435,-0.904374231203));
#2720 = CARTESIAN_POINT('',(5.658136366349,-1.200440390667));
#2721 = CARTESIAN_POINT('',(5.557125078657,-1.417505929573));
#2722 = CARTESIAN_POINT('',(5.451578541704,-1.560552983338));
#2723 = CARTESIAN_POINT('',(5.343783560434,-1.632076803506));
#2724 = CARTESIAN_POINT('',(5.235987756043,-1.632076803539));
#2725 = ( GEOMETRIC_REPRESENTATION_CONTEXT(2) 
PARAMETRIC_REPRESENTATION_CONTEXT() REPRESENTATION_CONTEXT('2D SPACE',''
  ) );
#2726 = PCURVE('',#2637,#2727);
#2727 = DEFINITIONAL_REPRESENTATION('',(#2728),#2732);
#2728 = HYPERBOLA('',#2729,5.129384239695,11.);
#2729 = AXIS2_PLACEMENT_2D('',#2730,#2731);
#2730 = CARTESIAN_POINT('',(6.350852961086,-8.629384239688));
#2731 = DIRECTION('',(0.,1.));
#2732 = ( GEOMETRIC_REPRESENTATION_CONTEXT(2) 
PARAMETRIC_REPRESENTATION_CONTEXT() REPRESENTATION_CONTEXT('2D SPACE',''
  ) );
#2733 = ADVANCED_FACE('',(#2734),#2201,.T.);
#2734 = FACE_BOUND('',#2735,.F.);
#2735 = EDGE_LOOP('',(#2736,#2764,#2765));
#2736 = ORIENTED_EDGE('',*,*,#2737,.F.);
#2737 = EDGE_CURVE('',#2183,#2738,#2740,.T.);
#2738 = VERTEX_POINT('',#2739);
#2739 = CARTESIAN_POINT('',(0.956481496562,11.,6.350852961086));
#2740 = SURFACE_CURVE('',#2741,(#2746,#2757),.PCURVE_S1.);
#2741 = HYPERBOLA('',#2742,5.129384239716,11.);
#2742 = AXIS2_PLACEMENT_3D('',#2743,#2744,#2745);
#2743 = CARTESIAN_POINT('',(6.879384239715,11.,-1.54E-15));
#2744 = DIRECTION('',(0.,1.,-1.4E-16));
#2745 = DIRECTION('',(-1.,0.,0.));
#2746 = PCURVE('',#2201,#2747);
#2747 = DEFINITIONAL_REPRESENTATION('',(#2748),#2756);
#2748 = B_SPLINE_CURVE_WITH_KNOTS('',6,(#2749,#2750,#2751,#2752,#2753,
    #2754,#2755),.UNSPECIFIED.,.F.,.F.,(7,7),(1.4E-16,0.646774826402),
  .PIECEWISE_BEZIER_KNOTS.);
#2749 = CARTESIAN_POINT('',(0.,-7.987485146913E-16));
#2750 = CARTESIAN_POINT('',(-0.1077958044,-7.226772275778E-16));
#2751 = CARTESIAN_POINT('',(-0.215590785681,7.152382014775E-02));
#2752 = CARTESIAN_POINT('',(-0.321137322645,0.214570873906));
#2753 = CARTESIAN_POINT('',(-0.422148610349,0.431636412818));
#2754 = CARTESIAN_POINT('',(-0.517283513443,0.727702572304));
#2755 = CARTESIAN_POINT('',(-0.605891118839,1.110781011653));
#2756 = ( GEOMETRIC_REPRESENTATION_CONTEXT(2) 
PARAMETRIC_REPRESENTATION_CONTEXT() REPRESENTATION_CONTEXT('2D SPACE',''
  ) );
#2757 = PCURVE('',#2381,#2758);
#2758 = DEFINITIONAL_REPRESENTATION('',(#2759),#2763);
#2759 = HYPERBOLA('',#2760,5.129384239716,11.);
#2760 = AXIS2_PLACEMENT_2D('',#2761,#2762);
#2761 = CARTESIAN_POINT('',(6.350852961086,5.129384239716));
#2762 = DIRECTION('',(0.,-1.));
#2763 = ( GEOMETRIC_REPRESENTATION_CONTEXT(2) 
PARAMETRIC_REPRESENTATION_CONTEXT() REPRESENTATION_CONTEXT('2D SPACE',''
  ) );
#2764 = ORIENTED_EDGE('',*,*,#2182,.T.);
#2765 = ORIENTED_EDGE('',*,*,#2766,.F.);
#2766 = EDGE_CURVE('',#2738,#2185,#2767,.T.);
#2767 = SURFACE_CURVE('',#2768,(#2773,#2784),.PCURVE_S1.);
#2768 = HYPERBOLA('',#2769,5.129384239716,11.);
#2769 = AXIS2_PLACEMENT_3D('',#2770,#2771,#2772);
#2770 = CARTESIAN_POINT('',(6.879384239715,5.5,9.526279441629));
#2771 = DIRECTION('',(0.,0.5,0.866025403784));
#2772 = DIRECTION('',(-1.,0.,0.));
#2773 = PCURVE('',#2201,#2774);
#2774 = DEFINITIONAL_REPRESENTATION('',(#2775),#2783);
#2775 = B_SPLINE_CURVE_WITH_KNOTS('',6,(#2776,#2777,#2778,#2779,#2780,
    #2781,#2782),.UNSPECIFIED.,.F.,.F.,(7,7),(-0.646774826402,-7.E-17),
  .PIECEWISE_BEZIER_KNOTS.);
#2776 = CARTESIAN_POINT('',(-0.441306432357,1.110781011653));
#2777 = CARTESIAN_POINT('',(-0.529914037753,0.727702572304));
#2778 = CARTESIAN_POINT('',(-0.625048940848,0.431636412818));
#2779 = CARTESIAN_POINT('',(-0.726060228551,0.214570873906));
#2780 = CARTESIAN_POINT('',(-0.831606765515,7.152382014774E-02));
#2781 = CARTESIAN_POINT('',(-0.939401746796,8.029746973087E-17));
#2782 = CARTESIAN_POINT('',(-1.047197551197,3.803564355673E-17));
#2783 = ( GEOMETRIC_REPRESENTATION_CONTEXT(2) 
PARAMETRIC_REPRESENTATION_CONTEXT() REPRESENTATION_CONTEXT('2D SPACE',''
  ) );
#2784 = PCURVE('',#2412,#2785);
#2785 = DEFINITIONAL_REPRESENTATION('',(#2786),#2790);
#2786 = HYPERBOLA('',#2787,5.129384239716,11.);
#2787 = AXIS2_PLACEMENT_2D('',#2788,#2789);
#2788 = CARTESIAN_POINT('',(6.350852961086,5.129384239716));
#2789 = DIRECTION('',(0.,-1.));
#2790 = ( GEOMETRIC_REPRESENTATION_CONTEXT(2) 
PARAMETRIC_REPRESENTATION_CONTEXT() REPRESENTATION_CONTEXT('2D SPACE',''
  ) );
#2791 = ADVANCED_FACE('',(#2792),#2344,.T.);
#2792 = FACE_BOUND('',#2793,.F.);
#2793 = EDGE_LOOP('',(#2794,#2822,#2823));
#2794 = ORIENTED_EDGE('',*,*,#2795,.F.);
#2795 = EDGE_CURVE('',#2185,#2796,#2798,.T.);
#2796 = VERTEX_POINT('',#2797);
#2797 = CARTESIAN_POINT('',(0.956481496562,0.,12.701705922172));
#2798 = SURFACE_CURVE('',#2799,(#2804,#2815),.PCURVE_S1.);
#2799 = HYPERBOLA('',#2800,5.129384239716,11.);
#2800 = AXIS2_PLACEMENT_3D('',#2801,#2802,#2803);
#2801 = CARTESIAN_POINT('',(6.879384239715,5.5,9.526279441629));
#2802 = DIRECTION('',(0.,0.5,0.866025403784));
#2803 = DIRECTION('',(-1.,0.,0.));
#2804 = PCURVE('',#2344,#2805);
#2805 = DEFINITIONAL_REPRESENTATION('',(#2806),#2814);
#2806 = B_SPLINE_CURVE_WITH_KNOTS('',6,(#2807,#2808,#2809,#2810,#2811,
    #2812,#2813),.UNSPECIFIED.,.F.,.F.,(7,7),(-7.E-17,0.646774826402),
  .PIECEWISE_BEZIER_KNOTS.);
#2807 = CARTESIAN_POINT('',(-1.047197551197,3.803564355673E-17));
#2808 = CARTESIAN_POINT('',(-1.154993355597,0.));
#2809 = CARTESIAN_POINT('',(-1.262788336878,7.152382014774E-02));
#2810 = CARTESIAN_POINT('',(-1.368334873842,0.214570873906));
#2811 = CARTESIAN_POINT('',(-1.469346161545,0.431636412818));
#2812 = CARTESIAN_POINT('',(-1.56448106464,0.727702572304));
#2813 = CARTESIAN_POINT('',(-1.653088670036,1.110781011653));
#2814 = ( GEOMETRIC_REPRESENTATION_CONTEXT(2) 
PARAMETRIC_REPRESENTATION_CONTEXT() REPRESENTATION_CONTEXT('2D SPACE',''
  ) );
#2815 = PCURVE('',#2412,#2816);
#2816 = DEFINITIONAL_REPRESENTATION('',(#2817),#2821);
#2817 = HYPERBOLA('',#2818,5.129384239716,11.);
#2818 = AXIS2_PLACEMENT_2D('',#2819,#2820);
#2819 = CARTESIAN_POINT('',(6.350852961086,5.129384239716));
#2820 = DIRECTION('',(0.,-1.));
#2821 = ( GEOMETRIC_REPRESENTATION_CONTEXT(2) 
PARAMETRIC_REPRESENTATION_CONTEXT() REPRESENTATION_CONTEXT('2D SPACE',''
  ) );
#2822 = ORIENTED_EDGE('',*,*,#2329,.T.);
#2823 = ORIENTED_EDGE('',*,*,#2824,.F.);
#2824 = EDGE_CURVE('',#2796,#2301,#2825,.T.);
#2825 = SURFACE_CURVE('',#2826,(#2831,#2842),.PCURVE_S1.);
#2826 = HYPERBOLA('',#2827,5.129384239716,11.);
#2827 = AXIS2_PLACEMENT_3D('',#2828,#2829,#2830);
#2828 = CARTESIAN_POINT('',(6.879384239715,-5.5,9.526279441629));
#2829 = DIRECTION('',(0.,-0.5,0.866025403784));
#2830 = DIRECTION('',(-1.,0.,0.));
#2831 = PCURVE('',#2344,#2832);
#2832 = DEFINITIONAL_REPRESENTATION('',(#2833),#2841);
#2833 = B_SPLINE_CURVE_WITH_KNOTS('',6,(#2834,#2835,#2836,#2837,#2838,
    #2839,#2840),.UNSPECIFIED.,.F.,.F.,(7,7),(-0.646774826402,2.9E-16),
  .PIECEWISE_BEZIER_KNOTS.);
#2834 = CARTESIAN_POINT('',(-1.488503983554,1.110781011653));
#2835 = CARTESIAN_POINT('',(-1.57711158895,0.727702572304));
#2836 = CARTESIAN_POINT('',(-1.672246492044,0.431636412818));
#2837 = CARTESIAN_POINT('',(-1.773257779748,0.214570873906));
#2838 = CARTESIAN_POINT('',(-1.878804316712,7.152382014774E-02));
#2839 = CARTESIAN_POINT('',(-1.986599297993,1.196009680728E-15));
#2840 = CARTESIAN_POINT('',(-2.094395102393,1.398866446364E-15));
#2841 = ( GEOMETRIC_REPRESENTATION_CONTEXT(2) 
PARAMETRIC_REPRESENTATION_CONTEXT() REPRESENTATION_CONTEXT('2D SPACE',''
  ) );
#2842 = PCURVE('',#2475,#2843);
#2843 = DEFINITIONAL_REPRESENTATION('',(#2844),#2848);
#2844 = HYPERBOLA('',#2845,5.129384239716,11.);
#2845 = AXIS2_PLACEMENT_2D('',#2846,#2847);
#2846 = CARTESIAN_POINT('',(6.350852961086,5.129384239716));
#2847 = DIRECTION('',(-0.,-1.));
#2848 = ( GEOMETRIC_REPRESENTATION_CONTEXT(2) 
PARAMETRIC_REPRESENTATION_CONTEXT() REPRESENTATION_CONTEXT('2D SPACE',''
  ) );
#2849 = ADVANCED_FACE('',(#2850),#2317,.T.);
#2850 = FACE_BOUND('',#2851,.F.);
#2851 = EDGE_LOOP('',(#2852,#2880,#2881));
#2852 = ORIENTED_EDGE('',*,*,#2853,.F.);
#2853 = EDGE_CURVE('',#2301,#2854,#2856,.T.);
#2854 = VERTEX_POINT('',#2855);
#2855 = CARTESIAN_POINT('',(0.956481496562,-11.,6.350852961086));
#2856 = SURFACE_CURVE('',#2857,(#2862,#2873),.PCURVE_S1.);
#2857 = HYPERBOLA('',#2858,5.129384239716,11.);
#2858 = AXIS2_PLACEMENT_3D('',#2859,#2860,#2861);
#2859 = CARTESIAN_POINT('',(6.879384239715,-5.5,9.526279441629));
#2860 = DIRECTION('',(0.,-0.5,0.866025403784));
#2861 = DIRECTION('',(-1.,0.,0.));
#2862 = PCURVE('',#2317,#2863);
#2863 = DEFINITIONAL_REPRESENTATION('',(#2864),#2872);
#2864 = B_SPLINE_CURVE_WITH_KNOTS('',6,(#2865,#2866,#2867,#2868,#2869,
    #2870,#2871),.UNSPECIFIED.,.F.,.F.,(7,7),(2.9E-16,0.646774826402),
  .PIECEWISE_BEZIER_KNOTS.);
#2865 = CARTESIAN_POINT('',(-2.094395102393,1.398866446364E-15));
#2866 = CARTESIAN_POINT('',(-2.202190906793,1.601723212E-15));
#2867 = CARTESIAN_POINT('',(-2.309985888075,7.152382014773E-02));
#2868 = CARTESIAN_POINT('',(-2.415532425039,0.214570873906));
#2869 = CARTESIAN_POINT('',(-2.516543712742,0.431636412818));
#2870 = CARTESIAN_POINT('',(-2.611678615837,0.727702572304));
#2871 = CARTESIAN_POINT('',(-2.700286221232,1.110781011653));
#2872 = ( GEOMETRIC_REPRESENTATION_CONTEXT(2) 
PARAMETRIC_REPRESENTATION_CONTEXT() REPRESENTATION_CONTEXT('2D SPACE',''
  ) );
#2873 = PCURVE('',#2475,#2874);
#2874 = DEFINITIONAL_REPRESENTATION('',(#2875),#2879);
#2875 = HYPERBOLA('',#2876,5.129384239716,11.);
#2876 = AXIS2_PLACEMENT_2D('',#2877,#2878);
#2877 = CARTESIAN_POINT('',(6.350852961086,5.129384239716));
#2878 = DIRECTION('',(-0.,-1.));
#2879 = ( GEOMETRIC_REPRESENTATION_CONTEXT(2) 
PARAMETRIC_REPRESENTATION_CONTEXT() REPRESENTATION_CONTEXT('2D SPACE',''
  ) );
#2880 = ORIENTED_EDGE('',*,*,#2300,.T.);
#2881 = ORIENTED_EDGE('',*,*,#2882,.F.);
#2882 = EDGE_CURVE('',#2854,#2272,#2883,.T.);
#2883 = SURFACE_CURVE('',#2884,(#2889,#2900),.PCURVE_S1.);
#2884 = HYPERBOLA('',#2885,5.129384239716,11.);
#2885 = AXIS2_PLACEMENT_3D('',#2886,#2887,#2888);
#2886 = CARTESIAN_POINT('',(6.879384239715,-11.,0.));
#2887 = DIRECTION('',(-0.,-1.,-0.));
#2888 = DIRECTION('',(-1.,0.,0.));
#2889 = PCURVE('',#2317,#2890);
#2890 = DEFINITIONAL_REPRESENTATION('',(#2891),#2899);
#2891 = B_SPLINE_CURVE_WITH_KNOTS('',6,(#2892,#2893,#2894,#2895,#2896,
    #2897,#2898),.UNSPECIFIED.,.F.,.F.,(7,7),(-0.646774826402,-1.2E-16),
  .PIECEWISE_BEZIER_KNOTS.);
#2892 = CARTESIAN_POINT('',(-2.535701534751,1.110781011653));
#2893 = CARTESIAN_POINT('',(-2.624309140146,0.727702572304));
#2894 = CARTESIAN_POINT('',(-2.719444043241,0.431636412818));
#2895 = CARTESIAN_POINT('',(-2.820455330944,0.214570873906));
#2896 = CARTESIAN_POINT('',(-2.926001867908,7.152382014774E-02));
#2897 = CARTESIAN_POINT('',(-3.03379684919,-7.311295928127E-16));
#2898 = CARTESIAN_POINT('',(-3.14159265359,-7.987485146913E-16));
#2899 = ( GEOMETRIC_REPRESENTATION_CONTEXT(2) 
PARAMETRIC_REPRESENTATION_CONTEXT() REPRESENTATION_CONTEXT('2D SPACE',''
  ) );
#2900 = PCURVE('',#2538,#2901);
#2901 = DEFINITIONAL_REPRESENTATION('',(#2902),#2906);
#2902 = HYPERBOLA('',#2903,5.129384239716,11.);
#2903 = AXIS2_PLACEMENT_2D('',#2904,#2905);
#2904 = CARTESIAN_POINT('',(6.350852961086,5.129384239716));
#2905 = DIRECTION('',(0.,-1.));
#2906 = ( GEOMETRIC_REPRESENTATION_CONTEXT(2) 
PARAMETRIC_REPRESENTATION_CONTEXT() REPRESENTATION_CONTEXT('2D SPACE',''
  ) );
#2907 = ADVANCED_FACE('',(#2908),#2288,.T.);
#2908 = FACE_BOUND('',#2909,.F.);
#2909 = EDGE_LOOP('',(#2910,#2911,#2939));
#2910 = ORIENTED_EDGE('',*,*,#2271,.T.);
#2911 = ORIENTED_EDGE('',*,*,#2912,.F.);
#2912 = EDGE_CURVE('',#2913,#2243,#2915,.T.);
#2913 = VERTEX_POINT('',#2914);
#2914 = CARTESIAN_POINT('',(0.956481496562,-11.,-6.350852961086));
#2915 = SURFACE_CURVE('',#2916,(#2921,#2932),.PCURVE_S1.);
#2916 = HYPERBOLA('',#2917,5.129384239716,11.);
#2917 = AXIS2_PLACEMENT_3D('',#2918,#2919,#2920);
#2918 = CARTESIAN_POINT('',(6.879384239715,-5.5,-9.526279441629));
#2919 = DIRECTION('',(-0.,-0.5,-0.866025403784));
#2920 = DIRECTION('',(-1.,0.,0.));
#2921 = PCURVE('',#2288,#2922);
#2922 = DEFINITIONAL_REPRESENTATION('',(#2923),#2931);
#2923 = B_SPLINE_CURVE_WITH_KNOTS('',6,(#2924,#2925,#2926,#2927,#2928,
    #2929,#2930),.UNSPECIFIED.,.F.,.F.,(7,7),(-0.646774826402,-6.5E-16),
  .PIECEWISE_BEZIER_KNOTS.);
#2924 = CARTESIAN_POINT('',(-3.582899085947,1.110781011653));
#2925 = CARTESIAN_POINT('',(-3.671506691343,0.727702572304));
#2926 = CARTESIAN_POINT('',(-3.766641594438,0.431636412818));
#2927 = CARTESIAN_POINT('',(-3.867652882141,0.214570873906));
#2928 = CARTESIAN_POINT('',(-3.973199419105,7.152382014774E-02));
#2929 = CARTESIAN_POINT('',(-4.080994400386,7.691652363694E-16));
#2930 = CARTESIAN_POINT('',(-4.188790204786,3.803564355673E-17));
#2931 = ( GEOMETRIC_REPRESENTATION_CONTEXT(2) 
PARAMETRIC_REPRESENTATION_CONTEXT() REPRESENTATION_CONTEXT('2D SPACE',''
  ) );
#2932 = PCURVE('',#2574,#2933);
#2933 = DEFINITIONAL_REPRESENTATION('',(#2934),#2938);
#2934 = HYPERBOLA('',#2935,5.129384239716,11.);
#2935 = AXIS2_PLACEMENT_2D('',#2936,#2937);
#2936 = CARTESIAN_POINT('',(6.350852961086,5.129384239716));
#2937 = DIRECTION('',(0.,-1.));
#2938 = ( GEOMETRIC_REPRESENTATION_CONTEXT(2) 
PARAMETRIC_REPRESENTATION_CONTEXT() REPRESENTATION_CONTEXT('2D SPACE',''
  ) );
#2939 = ORIENTED_EDGE('',*,*,#2940,.F.);
#2940 = EDGE_CURVE('',#2272,#2913,#2941,.T.);
#2941 = SURFACE_CURVE('',#2942,(#2947,#2958),.PCURVE_S1.);
#2942 = HYPERBOLA('',#2943,5.129384239716,11.);
#2943 = AXIS2_PLACEMENT_3D('',#2944,#2945,#2946);
#2944 = CARTESIAN_POINT('',(6.879384239715,-11.,0.));
#2945 = DIRECTION('',(-0.,-1.,-0.));
#2946 = DIRECTION('',(-1.,0.,0.));
#2947 = PCURVE('',#2288,#2948);
#2948 = DEFINITIONAL_REPRESENTATION('',(#2949),#2957);
#2949 = B_SPLINE_CURVE_WITH_KNOTS('',6,(#2950,#2951,#2952,#2953,#2954,
    #2955,#2956),.UNSPECIFIED.,.F.,.F.,(7,7),(-1.2E-16,0.646774826402),
  .PIECEWISE_BEZIER_KNOTS.);
#2950 = CARTESIAN_POINT('',(-3.14159265359,-7.987485146913E-16));
#2951 = CARTESIAN_POINT('',(-3.24938845799,-8.663674365699E-16));
#2952 = CARTESIAN_POINT('',(-3.357183439271,7.152382014773E-02));
#2953 = CARTESIAN_POINT('',(-3.462729976235,0.214570873906));
#2954 = CARTESIAN_POINT('',(-3.563741263939,0.431636412818));
#2955 = CARTESIAN_POINT('',(-3.658876167033,0.727702572304));
#2956 = CARTESIAN_POINT('',(-3.747483772429,1.110781011653));
#2957 = ( GEOMETRIC_REPRESENTATION_CONTEXT(2) 
PARAMETRIC_REPRESENTATION_CONTEXT() REPRESENTATION_CONTEXT('2D SPACE',''
  ) );
#2958 = PCURVE('',#2538,#2959);
#2959 = DEFINITIONAL_REPRESENTATION('',(#2960),#2964);
#2960 = HYPERBOLA('',#2961,5.129384239716,11.);
#2961 = AXIS2_PLACEMENT_2D('',#2962,#2963);
#2962 = CARTESIAN_POINT('',(6.350852961086,5.129384239716));
#2963 = DIRECTION('',(0.,-1.));
#2964 = ( GEOMETRIC_REPRESENTATION_CONTEXT(2) 
PARAMETRIC_REPRESENTATION_CONTEXT() REPRESENTATION_CONTEXT('2D SPACE',''
  ) );
#2965 = ADVANCED_FACE('',(#2966),#2259,.T.);
#2966 = FACE_BOUND('',#2967,.F.);
#2967 = EDGE_LOOP('',(#2968,#2969,#2997));
#2968 = ORIENTED_EDGE('',*,*,#2242,.T.);
#2969 = ORIENTED_EDGE('',*,*,#2970,.F.);
#2970 = EDGE_CURVE('',#2971,#2214,#2973,.T.);
#2971 = VERTEX_POINT('',#2972);
#2972 = CARTESIAN_POINT('',(0.956481496562,2.E-15,-12.70170592217));
#2973 = SURFACE_CURVE('',#2974,(#2979,#2990),.PCURVE_S1.);
#2974 = HYPERBOLA('',#2975,5.129384239716,11.);
#2975 = AXIS2_PLACEMENT_3D('',#2976,#2977,#2978);
#2976 = CARTESIAN_POINT('',(6.879384239715,5.5,-9.526279441629));
#2977 = DIRECTION('',(0.,0.5,-0.866025403784));
#2978 = DIRECTION('',(-1.,0.,0.));
#2979 = PCURVE('',#2259,#2980);
#2980 = DEFINITIONAL_REPRESENTATION('',(#2981),#2989);
#2981 = B_SPLINE_CURVE_WITH_KNOTS('',6,(#2982,#2983,#2984,#2985,#2986,
    #2987,#2988),.UNSPECIFIED.,.F.,.F.,(7,7),(-0.646774826402,-1.4E-16),
  .PIECEWISE_BEZIER_KNOTS.);
#2982 = CARTESIAN_POINT('',(-4.630096637144,1.110781011653));
#2983 = CARTESIAN_POINT('',(-4.71870424254,0.727702572304));
#2984 = CARTESIAN_POINT('',(-4.813839145634,0.431636412818));
#2985 = CARTESIAN_POINT('',(-4.914850433338,0.214570873906));
#2986 = CARTESIAN_POINT('',(-5.020396970302,7.152382014773E-02));
#2987 = CARTESIAN_POINT('',(-5.128191951583,7.184510449604E-16));
#2988 = CARTESIAN_POINT('',(-5.235987755983,7.184510449604E-16));
#2989 = ( GEOMETRIC_REPRESENTATION_CONTEXT(2) 
PARAMETRIC_REPRESENTATION_CONTEXT() REPRESENTATION_CONTEXT('2D SPACE',''
  ) );
#2990 = PCURVE('',#2637,#2991);
#2991 = DEFINITIONAL_REPRESENTATION('',(#2992),#2996);
#2992 = HYPERBOLA('',#2993,5.129384239716,11.);
#2993 = AXIS2_PLACEMENT_2D('',#2994,#2995);
#2994 = CARTESIAN_POINT('',(6.350852961086,5.129384239716));
#2995 = DIRECTION('',(0.,-1.));
#2996 = ( GEOMETRIC_REPRESENTATION_CONTEXT(2) 
PARAMETRIC_REPRESENTATION_CONTEXT() REPRESENTATION_CONTEXT('2D SPACE',''
  ) );
#2997 = ORIENTED_EDGE('',*,*,#2998,.F.);
#2998 = EDGE_CURVE('',#2243,#2971,#2999,.T.);
#2999 = SURFACE_CURVE('',#3000,(#3005,#3016),.PCURVE_S1.);
#3000 = HYPERBOLA('',#3001,5.129384239716,11.);
#3001 = AXIS2_PLACEMENT_3D('',#3002,#3003,#3004);
#3002 = CARTESIAN_POINT('',(6.879384239715,-5.5,-9.526279441629));
#3003 = DIRECTION('',(-0.,-0.5,-0.866025403784));
#3004 = DIRECTION('',(-1.,0.,0.));
#3005 = PCURVE('',#2259,#3006);
#3006 = DEFINITIONAL_REPRESENTATION('',(#3007),#3015);
#3007 = B_SPLINE_CURVE_WITH_KNOTS('',6,(#3008,#3009,#3010,#3011,#3012,
    #3013,#3014),.UNSPECIFIED.,.F.,.F.,(7,7),(-6.5E-16,0.646774826402),
  .PIECEWISE_BEZIER_KNOTS.);
#3008 = CARTESIAN_POINT('',(-4.188790204786,3.803564355673E-17));
#3009 = CARTESIAN_POINT('',(-4.296586009187,-6.888677666385E-16));
#3010 = CARTESIAN_POINT('',(-4.404380990468,7.152382014774E-02));
#3011 = CARTESIAN_POINT('',(-4.509927527432,0.214570873906));
#3012 = CARTESIAN_POINT('',(-4.610938815135,0.431636412818));
#3013 = CARTESIAN_POINT('',(-4.70607371823,0.727702572304));
#3014 = CARTESIAN_POINT('',(-4.794681323626,1.110781011653));
#3015 = ( GEOMETRIC_REPRESENTATION_CONTEXT(2) 
PARAMETRIC_REPRESENTATION_CONTEXT() REPRESENTATION_CONTEXT('2D SPACE',''
  ) );
#3016 = PCURVE('',#2574,#3017);
#3017 = DEFINITIONAL_REPRESENTATION('',(#3018),#3022);
#3018 = HYPERBOLA('',#3019,5.129384239716,11.);
#3019 = AXIS2_PLACEMENT_2D('',#3020,#3021);
#3020 = CARTESIAN_POINT('',(6.350852961086,5.129384239716));
#3021 = DIRECTION('',(0.,-1.));
#3022 = ( GEOMETRIC_REPRESENTATION_CONTEXT(2) 
PARAMETRIC_REPRESENTATION_CONTEXT() REPRESENTATION_CONTEXT('2D SPACE',''
  ) );
#3023 = ADVANCED_FACE('',(#3024),#2230,.T.);
#3024 = FACE_BOUND('',#3025,.F.);
#3025 = EDGE_LOOP('',(#3026,#3027,#3055));
#3026 = ORIENTED_EDGE('',*,*,#2213,.T.);
#3027 = ORIENTED_EDGE('',*,*,#3028,.F.);
#3028 = EDGE_CURVE('',#3029,#2183,#3031,.T.);
#3029 = VERTEX_POINT('',#3030);
#3030 = CARTESIAN_POINT('',(0.956481496562,11.,-6.350852961086));
#3031 = SURFACE_CURVE('',#3032,(#3037,#3048),.PCURVE_S1.);
#3032 = HYPERBOLA('',#3033,5.129384239716,11.);
#3033 = AXIS2_PLACEMENT_3D('',#3034,#3035,#3036);
#3034 = CARTESIAN_POINT('',(6.879384239715,11.,-1.54E-15));
#3035 = DIRECTION('',(0.,1.,-1.4E-16));
#3036 = DIRECTION('',(-1.,0.,0.));
#3037 = PCURVE('',#2230,#3038);
#3038 = DEFINITIONAL_REPRESENTATION('',(#3039),#3047);
#3039 = B_SPLINE_CURVE_WITH_KNOTS('',6,(#3040,#3041,#3042,#3043,#3044,
    #3045,#3046),.UNSPECIFIED.,.F.,.F.,(7,7),(-0.646774826402,-1.1E-16),
  .PIECEWISE_BEZIER_KNOTS.);
#3040 = CARTESIAN_POINT('',(-5.67729418834,1.110781011653));
#3041 = CARTESIAN_POINT('',(-5.765901793736,0.727702572304));
#3042 = CARTESIAN_POINT('',(-5.861036696831,0.431636412818));
#3043 = CARTESIAN_POINT('',(-5.962047984534,0.214570873906));
#3044 = CARTESIAN_POINT('',(-6.067594521498,7.152382014774E-02));
#3045 = CARTESIAN_POINT('',(-6.175389502779,-7.395819580475E-16));
#3046 = CARTESIAN_POINT('',(-6.28318530718,-7.987485146913E-16));
#3047 = ( GEOMETRIC_REPRESENTATION_CONTEXT(2) 
PARAMETRIC_REPRESENTATION_CONTEXT() REPRESENTATION_CONTEXT('2D SPACE',''
  ) );
#3048 = PCURVE('',#2381,#3049);
#3049 = DEFINITIONAL_REPRESENTATION('',(#3050),#3054);
#3050 = HYPERBOLA('',#3051,5.129384239716,11.);
#3051 = AXIS2_PLACEMENT_2D('',#3052,#3053);
#3052 = CARTESIAN_POINT('',(6.350852961086,5.129384239716));
#3053 = DIRECTION('',(0.,-1.));
#3054 = ( GEOMETRIC_REPRESENTATION_CONTEXT(2) 
PARAMETRIC_REPRESENTATION_CONTEXT() REPRESENTATION_CONTEXT('2D SPACE',''
  ) );
#3055 = ORIENTED_EDGE('',*,*,#3056,.F.);
#3056 = EDGE_CURVE('',#2214,#3029,#3057,.T.);
#3057 = SURFACE_CURVE('',#3058,(#3063,#3074),.PCURVE_S1.);
#3058 = HYPERBOLA('',#3059,5.129384239716,11.);
#3059 = AXIS2_PLACEMENT_3D('',#3060,#3061,#3062);
#3060 = CARTESIAN_POINT('',(6.879384239715,5.5,-9.526279441629));
#3061 = DIRECTION('',(0.,0.5,-0.866025403784));
#3062 = DIRECTION('',(-1.,0.,0.));
#3063 = PCURVE('',#2230,#3064);
#3064 = DEFINITIONAL_REPRESENTATION('',(#3065),#3073);
#3065 = B_SPLINE_CURVE_WITH_KNOTS('',6,(#3066,#3067,#3068,#3069,#3070,
    #3071,#3072),.UNSPECIFIED.,.F.,.F.,(7,7),(-1.4E-16,0.646774826402),
  .PIECEWISE_BEZIER_KNOTS.);
#3066 = CARTESIAN_POINT('',(-5.235987755983,7.184510449604E-16));
#3067 = CARTESIAN_POINT('',(-5.343783560383,7.184510449604E-16));
#3068 = CARTESIAN_POINT('',(-5.451578541664,7.152382014774E-02));
#3069 = CARTESIAN_POINT('',(-5.557125078628,0.214570873906));
#3070 = CARTESIAN_POINT('',(-5.658136366332,0.431636412818));
#3071 = CARTESIAN_POINT('',(-5.753271269426,0.727702572304));
#3072 = CARTESIAN_POINT('',(-5.841878874822,1.110781011653));
#3073 = ( GEOMETRIC_REPRESENTATION_CONTEXT(2) 
PARAMETRIC_REPRESENTATION_CONTEXT() REPRESENTATION_CONTEXT('2D SPACE',''
  ) );
#3074 = PCURVE('',#2637,#3075);
#3075 = DEFINITIONAL_REPRESENTATION('',(#3076),#3080);
#3076 = HYPERBOLA('',#3077,5.129384239716,11.);
#3077 = AXIS2_PLACEMENT_2D('',#3078,#3079);
#3078 = CARTESIAN_POINT('',(6.350852961086,5.129384239716));
#3079 = DIRECTION('',(0.,-1.));
#3080 = ( GEOMETRIC_REPRESENTATION_CONTEXT(2) 
PARAMETRIC_REPRESENTATION_CONTEXT() REPRESENTATION_CONTEXT('2D SPACE',''
  ) );
#3081 = ADVANCED_FACE('',(#3082),#2412,.T.);
#3082 = FACE_BOUND('',#3083,.T.);
#3083 = EDGE_LOOP('',(#3084,#3085,#3106,#3107,#3108,#3129));
#3084 = ORIENTED_EDGE('',*,*,#2766,.F.);
#3085 = ORIENTED_EDGE('',*,*,#3086,.T.);
#3086 = EDGE_CURVE('',#2738,#2361,#3087,.T.);
#3087 = SURFACE_CURVE('',#3088,(#3092,#3099),.PCURVE_S1.);
#3088 = LINE('',#3089,#3090);
#3089 = CARTESIAN_POINT('',(1.75,11.,6.350852961086));
#3090 = VECTOR('',#3091,1.);
#3091 = DIRECTION('',(-1.,-0.,-0.));
#3092 = PCURVE('',#2412,#3093);
#3093 = DEFINITIONAL_REPRESENTATION('',(#3094),#3098);
#3094 = LINE('',#3095,#3096);
#3095 = CARTESIAN_POINT('',(0.,0.));
#3096 = VECTOR('',#3097,1.);
#3097 = DIRECTION('',(0.,-1.));
#3098 = ( GEOMETRIC_REPRESENTATION_CONTEXT(2) 
PARAMETRIC_REPRESENTATION_CONTEXT() REPRESENTATION_CONTEXT('2D SPACE',''
  ) );
#3099 = PCURVE('',#2381,#3100);
#3100 = DEFINITIONAL_REPRESENTATION('',(#3101),#3105);
#3101 = LINE('',#3102,#3103);
#3102 = CARTESIAN_POINT('',(12.701705922172,0.));
#3103 = VECTOR('',#3104,1.);
#3104 = DIRECTION('',(0.,-1.));
#3105 = ( GEOMETRIC_REPRESENTATION_CONTEXT(2) 
PARAMETRIC_REPRESENTATION_CONTEXT() REPRESENTATION_CONTEXT('2D SPACE',''
  ) );
#3106 = ORIENTED_EDGE('',*,*,#2393,.F.);
#3107 = ORIENTED_EDGE('',*,*,#2428,.F.);
#3108 = ORIENTED_EDGE('',*,*,#3109,.F.);
#3109 = EDGE_CURVE('',#2796,#2429,#3110,.T.);
#3110 = SURFACE_CURVE('',#3111,(#3115,#3122),.PCURVE_S1.);
#3111 = LINE('',#3112,#3113);
#3112 = CARTESIAN_POINT('',(1.75,0.,12.701705922172));
#3113 = VECTOR('',#3114,1.);
#3114 = DIRECTION('',(-1.,-0.,-0.));
#3115 = PCURVE('',#2412,#3116);
#3116 = DEFINITIONAL_REPRESENTATION('',(#3117),#3121);
#3117 = LINE('',#3118,#3119);
#3118 = CARTESIAN_POINT('',(12.701705922172,0.));
#3119 = VECTOR('',#3120,1.);
#3120 = DIRECTION('',(0.,-1.));
#3121 = ( GEOMETRIC_REPRESENTATION_CONTEXT(2) 
PARAMETRIC_REPRESENTATION_CONTEXT() REPRESENTATION_CONTEXT('2D SPACE',''
  ) );
#3122 = PCURVE('',#2475,#3123);
#3123 = DEFINITIONAL_REPRESENTATION('',(#3124),#3128);
#3124 = LINE('',#3125,#3126);
#3125 = CARTESIAN_POINT('',(0.,0.));
#3126 = VECTOR('',#3127,1.);
#3127 = DIRECTION('',(0.,-1.));
#3128 = ( GEOMETRIC_REPRESENTATION_CONTEXT(2) 
PARAMETRIC_REPRESENTATION_CONTEXT() REPRESENTATION_CONTEXT('2D SPACE',''
  ) );
#3129 = ORIENTED_EDGE('',*,*,#2795,.F.);
#3130 = ADVANCED_FACE('',(#3131),#2381,.T.);
#3131 = FACE_BOUND('',#3132,.T.);
#3132 = EDGE_LOOP('',(#3133,#3134,#3155,#3156,#3157,#3158));
#3133 = ORIENTED_EDGE('',*,*,#3028,.F.);
#3134 = ORIENTED_EDGE('',*,*,#3135,.T.);
#3135 = EDGE_CURVE('',#3029,#2680,#3136,.T.);
#3136 = SURFACE_CURVE('',#3137,(#3141,#3148),.PCURVE_S1.);
#3137 = LINE('',#3138,#3139);
#3138 = CARTESIAN_POINT('',(1.75,11.,-6.350852961086));
#3139 = VECTOR('',#3140,1.);
#3140 = DIRECTION('',(-1.,-0.,-0.));
#3141 = PCURVE('',#2381,#3142);
#3142 = DEFINITIONAL_REPRESENTATION('',(#3143),#3147);
#3143 = LINE('',#3144,#3145);
#3144 = CARTESIAN_POINT('',(0.,0.));
#3145 = VECTOR('',#3146,1.);
#3146 = DIRECTION('',(0.,-1.));
#3147 = ( GEOMETRIC_REPRESENTATION_CONTEXT(2) 
PARAMETRIC_REPRESENTATION_CONTEXT() REPRESENTATION_CONTEXT('2D SPACE',''
  ) );
#3148 = PCURVE('',#2637,#3149);
#3149 = DEFINITIONAL_REPRESENTATION('',(#3150),#3154);
#3150 = LINE('',#3151,#3152);
#3151 = CARTESIAN_POINT('',(12.701705922172,0.));
#3152 = VECTOR('',#3153,1.);
#3153 = DIRECTION('',(0.,-1.));
#3154 = ( GEOMETRIC_REPRESENTATION_CONTEXT(2) 
PARAMETRIC_REPRESENTATION_CONTEXT() REPRESENTATION_CONTEXT('2D SPACE',''
  ) );
#3155 = ORIENTED_EDGE('',*,*,#2679,.F.);
#3156 = ORIENTED_EDGE('',*,*,#2360,.F.);
#3157 = ORIENTED_EDGE('',*,*,#3086,.F.);
#3158 = ORIENTED_EDGE('',*,*,#2737,.F.);
#3159 = ADVANCED_FACE('',(#3160),#2475,.T.);
#3160 = FACE_BOUND('',#3161,.T.);
#3161 = EDGE_LOOP('',(#3162,#3163,#3164,#3165,#3166,#3187));
#3162 = ORIENTED_EDGE('',*,*,#2824,.F.);
#3163 = ORIENTED_EDGE('',*,*,#3109,.T.);
#3164 = ORIENTED_EDGE('',*,*,#2456,.F.);
#3165 = ORIENTED_EDGE('',*,*,#2491,.F.);
#3166 = ORIENTED_EDGE('',*,*,#3167,.F.);
#3167 = EDGE_CURVE('',#2854,#2492,#3168,.T.);
#3168 = SURFACE_CURVE('',#3169,(#3173,#3180),.PCURVE_S1.);
#3169 = LINE('',#3170,#3171);
#3170 = CARTESIAN_POINT('',(1.75,-11.,6.350852961086));
#3171 = VECTOR('',#3172,1.);
#3172 = DIRECTION('',(-1.,-0.,-0.));
#3173 = PCURVE('',#2475,#3174);
#3174 = DEFINITIONAL_REPRESENTATION('',(#3175),#3179);
#3175 = LINE('',#3176,#3177);
#3176 = CARTESIAN_POINT('',(12.701705922172,0.));
#3177 = VECTOR('',#3178,1.);
#3178 = DIRECTION('',(0.,-1.));
#3179 = ( GEOMETRIC_REPRESENTATION_CONTEXT(2) 
PARAMETRIC_REPRESENTATION_CONTEXT() REPRESENTATION_CONTEXT('2D SPACE',''
  ) );
#3180 = PCURVE('',#2538,#3181);
#3181 = DEFINITIONAL_REPRESENTATION('',(#3182),#3186);
#3182 = LINE('',#3183,#3184);
#3183 = CARTESIAN_POINT('',(0.,0.));
#3184 = VECTOR('',#3185,1.);
#3185 = DIRECTION('',(0.,-1.));
#3186 = ( GEOMETRIC_REPRESENTATION_CONTEXT(2) 
PARAMETRIC_REPRESENTATION_CONTEXT() REPRESENTATION_CONTEXT('2D SPACE',''
  ) );
#3187 = ORIENTED_EDGE('',*,*,#2853,.F.);
#3188 = ADVANCED_FACE('',(#3189),#2538,.T.);
#3189 = FACE_BOUND('',#3190,.T.);
#3190 = EDGE_LOOP('',(#3191,#3192,#3193,#3194,#3195,#3216));
#3191 = ORIENTED_EDGE('',*,*,#2882,.F.);
#3192 = ORIENTED_EDGE('',*,*,#3167,.T.);
#3193 = ORIENTED_EDGE('',*,*,#2519,.F.);
#3194 = ORIENTED_EDGE('',*,*,#2587,.F.);
#3195 = ORIENTED_EDGE('',*,*,#3196,.F.);
#3196 = EDGE_CURVE('',#2913,#2554,#3197,.T.);
#3197 = SURFACE_CURVE('',#3198,(#3202,#3209),.PCURVE_S1.);
#3198 = LINE('',#3199,#3200);
#3199 = CARTESIAN_POINT('',(1.75,-11.,-6.350852961086));
#3200 = VECTOR('',#3201,1.);
#3201 = DIRECTION('',(-1.,-0.,-0.));
#3202 = PCURVE('',#2538,#3203);
#3203 = DEFINITIONAL_REPRESENTATION('',(#3204),#3208);
#3204 = LINE('',#3205,#3206);
#3205 = CARTESIAN_POINT('',(12.701705922172,0.));
#3206 = VECTOR('',#3207,1.);
#3207 = DIRECTION('',(0.,-1.));
#3208 = ( GEOMETRIC_REPRESENTATION_CONTEXT(2) 
PARAMETRIC_REPRESENTATION_CONTEXT() REPRESENTATION_CONTEXT('2D SPACE',''
  ) );
#3209 = PCURVE('',#2574,#3210);
#3210 = DEFINITIONAL_REPRESENTATION('',(#3211),#3215);
#3211 = LINE('',#3212,#3213);
#3212 = CARTESIAN_POINT('',(0.,0.));
#3213 = VECTOR('',#3214,1.);
#3214 = DIRECTION('',(0.,-1.));
#3215 = ( GEOMETRIC_REPRESENTATION_CONTEXT(2) 
PARAMETRIC_REPRESENTATION_CONTEXT() REPRESENTATION_CONTEXT('2D SPACE',''
  ) );
#3216 = ORIENTED_EDGE('',*,*,#2940,.F.);
#3217 = ADVANCED_FACE('',(#3218),#2574,.T.);
#3218 = FACE_BOUND('',#3219,.T.);
#3219 = EDGE_LOOP('',(#3220,#3221,#3222,#3223,#3224,#3245));
#3220 = ORIENTED_EDGE('',*,*,#2912,.F.);
#3221 = ORIENTED_EDGE('',*,*,#3196,.T.);
#3222 = ORIENTED_EDGE('',*,*,#2553,.F.);
#3223 = ORIENTED_EDGE('',*,*,#2650,.F.);
#3224 = ORIENTED_EDGE('',*,*,#3225,.F.);
#3225 = EDGE_CURVE('',#2971,#2617,#3226,.T.);
#3226 = SURFACE_CURVE('',#3227,(#3231,#3238),.PCURVE_S1.);
#3227 = LINE('',#3228,#3229);
#3228 = CARTESIAN_POINT('',(1.75,1.78E-15,-12.70170592217));
#3229 = VECTOR('',#3230,1.);
#3230 = DIRECTION('',(-1.,-0.,-0.));
#3231 = PCURVE('',#2574,#3232);
#3232 = DEFINITIONAL_REPRESENTATION('',(#3233),#3237);
#3233 = LINE('',#3234,#3235);
#3234 = CARTESIAN_POINT('',(12.701705922172,0.));
#3235 = VECTOR('',#3236,1.);
#3236 = DIRECTION('',(0.,-1.));
#3237 = ( GEOMETRIC_REPRESENTATION_CONTEXT(2) 
PARAMETRIC_REPRESENTATION_CONTEXT() REPRESENTATION_CONTEXT('2D SPACE',''
  ) );
#3238 = PCURVE('',#2637,#3239);
#3239 = DEFINITIONAL_REPRESENTATION('',(#3240),#3244);
#3240 = LINE('',#3241,#3242);
#3241 = CARTESIAN_POINT('',(0.,0.));
#3242 = VECTOR('',#3243,1.);
#3243 = DIRECTION('',(0.,-1.));
#3244 = ( GEOMETRIC_REPRESENTATION_CONTEXT(2) 
PARAMETRIC_REPRESENTATION_CONTEXT() REPRESENTATION_CONTEXT('2D SPACE',''
  ) );
#3245 = ORIENTED_EDGE('',*,*,#2998,.F.);
#3246 = ADVANCED_FACE('',(#3247),#2637,.T.);
#3247 = FACE_BOUND('',#3248,.T.);
#3248 = EDGE_LOOP('',(#3249,#3250,#3251,#3252,#3253,#3254));
#3249 = ORIENTED_EDGE('',*,*,#2970,.F.);
#3250 = ORIENTED_EDGE('',*,*,#3225,.T.);
#3251 = ORIENTED_EDGE('',*,*,#2616,.F.);
#3252 = ORIENTED_EDGE('',*,*,#2708,.F.);
#3253 = ORIENTED_EDGE('',*,*,#3135,.F.);
#3254 = ORIENTED_EDGE('',*,*,#3056,.F.);
#3255 = ( GEOMETRIC_REPRESENTATION_CONTEXT(3) 
GLOBAL_UNCERTAINTY_ASSIGNED_CONTEXT((#3259)) 
GLOBAL_UNIT_ASSIGNED_CONTEXT((#3256,#3257,#3258)) REPRESENTATION_CONTEXT
('Context #1','3D Context with UNIT and UNCERTAINTY') );
#3256 = ( LENGTH_UNIT() NAMED_UNIT(*) SI_UNIT(.MILLI.,.METRE.) );
#3257 = ( NAMED_UNIT(*) PLANE_ANGLE_UNIT() SI_UNIT($,.RADIAN.) );
#3258 = ( NAMED_UNIT(*) SI_UNIT($,.STERADIAN.) SOLID_ANGLE_UNIT() );
#3259 = UNCERTAINTY_MEASURE_WITH_UNIT(LENGTH_MEASURE(5.E-07),#3256,
  'distance_accuracy_value','confusion accuracy');
#3260 = CONTEXT_DEPENDENT_SHAPE_REPRESENTATION(#3261,#3263);
#3261 = ( REPRESENTATION_RELATIONSHIP('','',#1794,#10) 
REPRESENTATION_RELATIONSHIP_WITH_TRANSFORMATION(#3262) 
SHAPE_REPRESENTATION_RELATIONSHIP() );
#3262 = ITEM_DEFINED_TRANSFORMATION('','',#11,#19);
#3263 = PRODUCT_DEFINITION_SHAPE('Placement','Placement of an item',
  #3264);
#3264 = NEXT_ASSEMBLY_USAGE_OCCURRENCE('290','Body002','',#5,#1789,$);
#3265 = PRODUCT_RELATED_PRODUCT_CATEGORY('part',$,(#1791));
#3266 = SHAPE_DEFINITION_REPRESENTATION(#3267,#3273);
#3267 = PRODUCT_DEFINITION_SHAPE('','',#3268);
#3268 = PRODUCT_DEFINITION('design','',#3269,#3272);
#3269 = PRODUCT_DEFINITION_FORMATION('','',#3270);
#3270 = PRODUCT('Body004','Body004','',(#3271));
#3271 = PRODUCT_CONTEXT('',#2,'mechanical');
#3272 = PRODUCT_DEFINITION_CONTEXT('part definition',#2,'design');
#3273 = ADVANCED_BREP_SHAPE_REPRESENTATION('',(#11,#3274),#4276);
#3274 = MANIFOLD_SOLID_BREP('',#3275);
#3275 = CLOSED_SHELL('',(#3276,#3456,#3537,#3710,#3760,#3814,#3977,#4005
    ,#4078,#4152,#4202,#4230,#4258,#4267));
#3276 = ADVANCED_FACE('',(#3277),#3292,.F.);
#3277 = FACE_BOUND('',#3278,.F.);
#3278 = EDGE_LOOP('',(#3279,#3315,#3344,#3372,#3401,#3430));
#3279 = ORIENTED_EDGE('',*,*,#3280,.T.);
#3280 = EDGE_CURVE('',#3281,#3283,#3285,.T.);
#3281 = VERTEX_POINT('',#3282);
#3282 = CARTESIAN_POINT('',(-0.75,-10.74901580086,0.145462410269));
#3283 = VERTEX_POINT('',#3284);
#3284 = CARTESIAN_POINT('',(-0.75,10.75,0.));
#3285 = SURFACE_CURVE('',#3286,(#3291,#3303),.PCURVE_S1.);
#3286 = CIRCLE('',#3287,10.75);
#3287 = AXIS2_PLACEMENT_3D('',#3288,#3289,#3290);
#3288 = CARTESIAN_POINT('',(-0.75,0.,0.));
#3289 = DIRECTION('',(1.,0.,0.));
#3290 = DIRECTION('',(0.,1.,0.));
#3291 = PCURVE('',#3292,#3297);
#3292 = PLANE('',#3293);
#3293 = AXIS2_PLACEMENT_3D('',#3294,#3295,#3296);
#3294 = CARTESIAN_POINT('',(-0.75,0.,0.));
#3295 = DIRECTION('',(1.,0.,0.));
#3296 = DIRECTION('',(0.,1.,0.));
#3297 = DEFINITIONAL_REPRESENTATION('',(#3298),#3302);
#3298 = CIRCLE('',#3299,10.75);
#3299 = AXIS2_PLACEMENT_2D('',#3300,#3301);
#3300 = CARTESIAN_POINT('',(0.,0.));
#3301 = DIRECTION('',(1.,0.));
#3302 = ( GEOMETRIC_REPRESENTATION_CONTEXT(2) 
PARAMETRIC_REPRESENTATION_CONTEXT() REPRESENTATION_CONTEXT('2D SPACE',''
  ) );
#3303 = PCURVE('',#3304,#3309);
#3304 = CONICAL_SURFACE('',#3305,11.,0.785398163397);
#3305 = AXIS2_PLACEMENT_3D('',#3306,#3307,#3308);
#3306 = CARTESIAN_POINT('',(-0.5,0.,0.));
#3307 = DIRECTION('',(1.,0.,0.));
#3308 = DIRECTION('',(0.,1.,0.));
#3309 = DEFINITIONAL_REPRESENTATION('',(#3310),#3314);
#3310 = LINE('',#3311,#3312);
#3311 = CARTESIAN_POINT('',(0.,-0.25));
#3312 = VECTOR('',#3313,1.);
#3313 = DIRECTION('',(1.,0.));
#3314 = ( GEOMETRIC_REPRESENTATION_CONTEXT(2) 
PARAMETRIC_REPRESENTATION_CONTEXT() REPRESENTATION_CONTEXT('2D SPACE',''
  ) );
#3315 = ORIENTED_EDGE('',*,*,#3316,.T.);
#3316 = EDGE_CURVE('',#3283,#3317,#3319,.T.);
#3317 = VERTEX_POINT('',#3318);
#3318 = CARTESIAN_POINT('',(-0.75,-10.71852105497,0.822074445568));
#3319 = SURFACE_CURVE('',#3320,(#3325,#3332),.PCURVE_S1.);
#3320 = CIRCLE('',#3321,10.75);
#3321 = AXIS2_PLACEMENT_3D('',#3322,#3323,#3324);
#3322 = CARTESIAN_POINT('',(-0.75,0.,0.));
#3323 = DIRECTION('',(1.,0.,0.));
#3324 = DIRECTION('',(0.,1.,0.));
#3325 = PCURVE('',#3292,#3326);
#3326 = DEFINITIONAL_REPRESENTATION('',(#3327),#3331);
#3327 = CIRCLE('',#3328,10.75);
#3328 = AXIS2_PLACEMENT_2D('',#3329,#3330);
#3329 = CARTESIAN_POINT('',(0.,0.));
#3330 = DIRECTION('',(1.,0.));
#3331 = ( GEOMETRIC_REPRESENTATION_CONTEXT(2) 
PARAMETRIC_REPRESENTATION_CONTEXT() REPRESENTATION_CONTEXT('2D SPACE',''
  ) );
#3332 = PCURVE('',#3333,#3338);
#3333 = CONICAL_SURFACE('',#3334,11.,0.785398163397);
#3334 = AXIS2_PLACEMENT_3D('',#3335,#3336,#3337);
#3335 = CARTESIAN_POINT('',(-0.5,0.,0.));
#3336 = DIRECTION('',(1.,0.,0.));
#3337 = DIRECTION('',(0.,1.,0.));
#3338 = DEFINITIONAL_REPRESENTATION('',(#3339),#3343);
#3339 = LINE('',#3340,#3341);
#3340 = CARTESIAN_POINT('',(0.,-0.25));
#3341 = VECTOR('',#3342,1.);
#3342 = DIRECTION('',(1.,0.));
#3343 = ( GEOMETRIC_REPRESENTATION_CONTEXT(2) 
PARAMETRIC_REPRESENTATION_CONTEXT() REPRESENTATION_CONTEXT('2D SPACE',''
  ) );
#3344 = ORIENTED_EDGE('',*,*,#3345,.F.);
#3345 = EDGE_CURVE('',#3346,#3317,#3348,.T.);
#3346 = VERTEX_POINT('',#3347);
#3347 = CARTESIAN_POINT('',(-0.75,-9.74888327254,-0.147563336866));
#3348 = SURFACE_CURVE('',#3349,(#3353,#3360),.PCURVE_S1.);
#3349 = LINE('',#3350,#3351);
#3350 = CARTESIAN_POINT('',(-0.75,-8.65900974233,-1.237436867076));
#3351 = VECTOR('',#3352,1.);
#3352 = DIRECTION('',(0.,-0.707106781187,0.707106781187));
#3353 = PCURVE('',#3292,#3354);
#3354 = DEFINITIONAL_REPRESENTATION('',(#3355),#3359);
#3355 = LINE('',#3356,#3357);
#3356 = CARTESIAN_POINT('',(-8.65900974233,-1.237436867076));
#3357 = VECTOR('',#3358,1.);
#3358 = DIRECTION('',(-0.707106781187,0.707106781187));
#3359 = ( GEOMETRIC_REPRESENTATION_CONTEXT(2) 
PARAMETRIC_REPRESENTATION_CONTEXT() REPRESENTATION_CONTEXT('2D SPACE',''
  ) );
#3360 = PCURVE('',#3361,#3366);
#3361 = PLANE('',#3362);
#3362 = AXIS2_PLACEMENT_3D('',#3363,#3364,#3365);
#3363 = CARTESIAN_POINT('',(-0.75,-8.65900974233,-1.237436867076));
#3364 = DIRECTION('',(0.,-0.707106781187,-0.707106781187));
#3365 = DIRECTION('',(0.,-0.707106781187,0.707106781187));
#3366 = DEFINITIONAL_REPRESENTATION('',(#3367),#3371);
#3367 = LINE('',#3368,#3369);
#3368 = CARTESIAN_POINT('',(0.,0.));
#3369 = VECTOR('',#3370,1.);
#3370 = DIRECTION('',(1.,0.));
#3371 = ( GEOMETRIC_REPRESENTATION_CONTEXT(2) 
PARAMETRIC_REPRESENTATION_CONTEXT() REPRESENTATION_CONTEXT('2D SPACE',''
  ) );
#3372 = ORIENTED_EDGE('',*,*,#3373,.F.);
#3373 = EDGE_CURVE('',#3374,#3346,#3376,.T.);
#3374 = VERTEX_POINT('',#3375);
#3375 = CARTESIAN_POINT('',(-0.75,9.75,0.));
#3376 = SURFACE_CURVE('',#3377,(#3382,#3389),.PCURVE_S1.);
#3377 = CIRCLE('',#3378,9.75);
#3378 = AXIS2_PLACEMENT_3D('',#3379,#3380,#3381);
#3379 = CARTESIAN_POINT('',(-0.75,0.,0.));
#3380 = DIRECTION('',(1.,0.,0.));
#3381 = DIRECTION('',(0.,1.,0.));
#3382 = PCURVE('',#3292,#3383);
#3383 = DEFINITIONAL_REPRESENTATION('',(#3384),#3388);
#3384 = CIRCLE('',#3385,9.75);
#3385 = AXIS2_PLACEMENT_2D('',#3386,#3387);
#3386 = CARTESIAN_POINT('',(0.,0.));
#3387 = DIRECTION('',(1.,0.));
#3388 = ( GEOMETRIC_REPRESENTATION_CONTEXT(2) 
PARAMETRIC_REPRESENTATION_CONTEXT() REPRESENTATION_CONTEXT('2D SPACE',''
  ) );
#3389 = PCURVE('',#3390,#3395);
#3390 = CONICAL_SURFACE('',#3391,9.5,0.785398163397);
#3391 = AXIS2_PLACEMENT_3D('',#3392,#3393,#3394);
#3392 = CARTESIAN_POINT('',(-0.5,0.,0.));
#3393 = DIRECTION('',(-1.,-0.,-0.));
#3394 = DIRECTION('',(0.,1.,0.));
#3395 = DEFINITIONAL_REPRESENTATION('',(#3396),#3400);
#3396 = LINE('',#3397,#3398);
#3397 = CARTESIAN_POINT('',(0.,0.25));
#3398 = VECTOR('',#3399,1.);
#3399 = DIRECTION('',(-1.,-0.));
#3400 = ( GEOMETRIC_REPRESENTATION_CONTEXT(2) 
PARAMETRIC_REPRESENTATION_CONTEXT() REPRESENTATION_CONTEXT('2D SPACE',''
  ) );
#3401 = ORIENTED_EDGE('',*,*,#3402,.F.);
#3402 = EDGE_CURVE('',#3403,#3374,#3405,.T.);
#3403 = VERTEX_POINT('',#3404);
#3404 = CARTESIAN_POINT('',(-0.75,-9.708863473794,-0.894689916799));
#3405 = SURFACE_CURVE('',#3406,(#3411,#3418),.PCURVE_S1.);
#3406 = CIRCLE('',#3407,9.75);
#3407 = AXIS2_PLACEMENT_3D('',#3408,#3409,#3410);
#3408 = CARTESIAN_POINT('',(-0.75,0.,0.));
#3409 = DIRECTION('',(1.,0.,0.));
#3410 = DIRECTION('',(0.,1.,0.));
#3411 = PCURVE('',#3292,#3412);
#3412 = DEFINITIONAL_REPRESENTATION('',(#3413),#3417);
#3413 = CIRCLE('',#3414,9.75);
#3414 = AXIS2_PLACEMENT_2D('',#3415,#3416);
#3415 = CARTESIAN_POINT('',(0.,0.));
#3416 = DIRECTION('',(1.,0.));
#3417 = ( GEOMETRIC_REPRESENTATION_CONTEXT(2) 
PARAMETRIC_REPRESENTATION_CONTEXT() REPRESENTATION_CONTEXT('2D SPACE',''
  ) );
#3418 = PCURVE('',#3419,#3424);
#3419 = CONICAL_SURFACE('',#3420,9.5,0.785398163397);
#3420 = AXIS2_PLACEMENT_3D('',#3421,#3422,#3423);
#3421 = CARTESIAN_POINT('',(-0.5,0.,0.));
#3422 = DIRECTION('',(-1.,-0.,-0.));
#3423 = DIRECTION('',(0.,1.,0.));
#3424 = DEFINITIONAL_REPRESENTATION('',(#3425),#3429);
#3425 = LINE('',#3426,#3427);
#3426 = CARTESIAN_POINT('',(0.,0.25));
#3427 = VECTOR('',#3428,1.);
#3428 = DIRECTION('',(-1.,-0.));
#3429 = ( GEOMETRIC_REPRESENTATION_CONTEXT(2) 
PARAMETRIC_REPRESENTATION_CONTEXT() REPRESENTATION_CONTEXT('2D SPACE',''
  ) );
#3430 = ORIENTED_EDGE('',*,*,#3431,.F.);
#3431 = EDGE_CURVE('',#3281,#3403,#3432,.T.);
#3432 = SURFACE_CURVE('',#3433,(#3437,#3444),.PCURVE_S1.);
#3433 = LINE('',#3434,#3435);
#3434 = CARTESIAN_POINT('',(-0.75,-11.84099025767,1.237436867076));
#3435 = VECTOR('',#3436,1.);
#3436 = DIRECTION('',(-0.,0.707106781187,-0.707106781187));
#3437 = PCURVE('',#3292,#3438);
#3438 = DEFINITIONAL_REPRESENTATION('',(#3439),#3443);
#3439 = LINE('',#3440,#3441);
#3440 = CARTESIAN_POINT('',(-11.84099025767,1.237436867076));
#3441 = VECTOR('',#3442,1.);
#3442 = DIRECTION('',(0.707106781187,-0.707106781187));
#3443 = ( GEOMETRIC_REPRESENTATION_CONTEXT(2) 
PARAMETRIC_REPRESENTATION_CONTEXT() REPRESENTATION_CONTEXT('2D SPACE',''
  ) );
#3444 = PCURVE('',#3445,#3450);
#3445 = PLANE('',#3446);
#3446 = AXIS2_PLACEMENT_3D('',#3447,#3448,#3449);
#3447 = CARTESIAN_POINT('',(-0.75,-11.84099025767,1.237436867076));
#3448 = DIRECTION('',(0.,0.707106781187,0.707106781187));
#3449 = DIRECTION('',(0.,0.707106781187,-0.707106781187));
#3450 = DEFINITIONAL_REPRESENTATION('',(#3451),#3455);
#3451 = LINE('',#3452,#3453);
#3452 = CARTESIAN_POINT('',(0.,0.));
#3453 = VECTOR('',#3454,1.);
#3454 = DIRECTION('',(1.,0.));
#3455 = ( GEOMETRIC_REPRESENTATION_CONTEXT(2) 
PARAMETRIC_REPRESENTATION_CONTEXT() REPRESENTATION_CONTEXT('2D SPACE',''
  ) );
#3456 = ADVANCED_FACE('',(#3457),#3304,.T.);
#3457 = FACE_BOUND('',#3458,.T.);
#3458 = EDGE_LOOP('',(#3459,#3460,#3483,#3512));
#3459 = ORIENTED_EDGE('',*,*,#3280,.T.);
#3460 = ORIENTED_EDGE('',*,*,#3461,.T.);
#3461 = EDGE_CURVE('',#3283,#3462,#3464,.T.);
#3462 = VERTEX_POINT('',#3463);
#3463 = CARTESIAN_POINT('',(-0.5,11.,0.));
#3464 = SURFACE_CURVE('',#3465,(#3469,#3476),.PCURVE_S1.);
#3465 = LINE('',#3466,#3467);
#3466 = CARTESIAN_POINT('',(-0.5,11.,0.));
#3467 = VECTOR('',#3468,1.);
#3468 = DIRECTION('',(0.707106781187,0.707106781187,0.));
#3469 = PCURVE('',#3304,#3470);
#3470 = DEFINITIONAL_REPRESENTATION('',(#3471),#3475);
#3471 = LINE('',#3472,#3473);
#3472 = CARTESIAN_POINT('',(6.28318530718,0.));
#3473 = VECTOR('',#3474,1.);
#3474 = DIRECTION('',(0.,1.));
#3475 = ( GEOMETRIC_REPRESENTATION_CONTEXT(2) 
PARAMETRIC_REPRESENTATION_CONTEXT() REPRESENTATION_CONTEXT('2D SPACE',''
  ) );
#3476 = PCURVE('',#3333,#3477);
#3477 = DEFINITIONAL_REPRESENTATION('',(#3478),#3482);
#3478 = LINE('',#3479,#3480);
#3479 = CARTESIAN_POINT('',(0.,0.));
#3480 = VECTOR('',#3481,1.);
#3481 = DIRECTION('',(0.,1.));
#3482 = ( GEOMETRIC_REPRESENTATION_CONTEXT(2) 
PARAMETRIC_REPRESENTATION_CONTEXT() REPRESENTATION_CONTEXT('2D SPACE',''
  ) );
#3483 = ORIENTED_EDGE('',*,*,#3484,.F.);
#3484 = EDGE_CURVE('',#3485,#3462,#3487,.T.);
#3485 = VERTEX_POINT('',#3486);
#3486 = CARTESIAN_POINT('',(-0.5,-10.99310025605,0.389546865459));
#3487 = SURFACE_CURVE('',#3488,(#3493,#3500),.PCURVE_S1.);
#3488 = CIRCLE('',#3489,11.);
#3489 = AXIS2_PLACEMENT_3D('',#3490,#3491,#3492);
#3490 = CARTESIAN_POINT('',(-0.5,0.,0.));
#3491 = DIRECTION('',(1.,0.,0.));
#3492 = DIRECTION('',(0.,1.,0.));
#3493 = PCURVE('',#3304,#3494);
#3494 = DEFINITIONAL_REPRESENTATION('',(#3495),#3499);
#3495 = LINE('',#3496,#3497);
#3496 = CARTESIAN_POINT('',(0.,0.));
#3497 = VECTOR('',#3498,1.);
#3498 = DIRECTION('',(1.,0.));
#3499 = ( GEOMETRIC_REPRESENTATION_CONTEXT(2) 
PARAMETRIC_REPRESENTATION_CONTEXT() REPRESENTATION_CONTEXT('2D SPACE',''
  ) );
#3500 = PCURVE('',#3501,#3506);
#3501 = CYLINDRICAL_SURFACE('',#3502,11.);
#3502 = AXIS2_PLACEMENT_3D('',#3503,#3504,#3505);
#3503 = CARTESIAN_POINT('',(0.75,0.,0.));
#3504 = DIRECTION('',(-1.,-0.,-0.));
#3505 = DIRECTION('',(0.,1.,0.));
#3506 = DEFINITIONAL_REPRESENTATION('',(#3507),#3511);
#3507 = LINE('',#3508,#3509);
#3508 = CARTESIAN_POINT('',(-0.,1.25));
#3509 = VECTOR('',#3510,1.);
#3510 = DIRECTION('',(-1.,0.));
#3511 = ( GEOMETRIC_REPRESENTATION_CONTEXT(2) 
PARAMETRIC_REPRESENTATION_CONTEXT() REPRESENTATION_CONTEXT('2D SPACE',''
  ) );
#3512 = ORIENTED_EDGE('',*,*,#3513,.T.);
#3513 = EDGE_CURVE('',#3485,#3281,#3514,.T.);
#3514 = SURFACE_CURVE('',#3515,(#3520,#3530),.PCURVE_S1.);
#3515 = HYPERBOLA('',#3516,7.497844507162,7.497844507162);
#3516 = AXIS2_PLACEMENT_3D('',#3517,#3518,#3519);
#3517 = CARTESIAN_POINT('',(-11.5,-5.301776695297,-5.301776695297));
#3518 = DIRECTION('',(-0.,0.707106781187,0.707106781187));
#3519 = DIRECTION('',(1.,0.,0.));
#3520 = PCURVE('',#3304,#3521);
#3521 = DEFINITIONAL_REPRESENTATION('',(#3522),#3529);
#3522 = B_SPLINE_CURVE_WITH_KNOTS('',5,(#3523,#3524,#3525,#3526,#3527,
    #3528),.UNSPECIFIED.,.F.,.F.,(6,6),(-0.932385743234,-0.900641694214)
  ,.PIECEWISE_BEZIER_KNOTS.);
#3523 = CARTESIAN_POINT('',(3.106171895991,-2.665792565073E-15));
#3524 = CARTESIAN_POINT('',(3.110499385874,-5.109996365648E-02));
#3525 = CARTESIAN_POINT('',(3.114852004687,-0.101645700757));
#3526 = CARTESIAN_POINT('',(3.11922977815,-0.151641502353));
#3527 = CARTESIAN_POINT('',(3.123632724442,-0.201091566425));
#3528 = CARTESIAN_POINT('',(3.128060853625,-0.25));
#3529 = ( GEOMETRIC_REPRESENTATION_CONTEXT(2) 
PARAMETRIC_REPRESENTATION_CONTEXT() REPRESENTATION_CONTEXT('2D SPACE',''
  ) );
#3530 = PCURVE('',#3445,#3531);
#3531 = DEFINITIONAL_REPRESENTATION('',(#3532),#3536);
#3532 = HYPERBOLA('',#3533,7.497844507162,7.497844507162);
#3533 = AXIS2_PLACEMENT_2D('',#3534,#3535);
#3534 = CARTESIAN_POINT('',(9.247844507162,10.75));
#3535 = DIRECTION('',(0.,-1.));
#3536 = ( GEOMETRIC_REPRESENTATION_CONTEXT(2) 
PARAMETRIC_REPRESENTATION_CONTEXT() REPRESENTATION_CONTEXT('2D SPACE',''
  ) );
#3537 = ADVANCED_FACE('',(#3538),#3445,.T.);
#3538 = FACE_BOUND('',#3539,.T.);
#3539 = EDGE_LOOP('',(#3540,#3541,#3542,#3565,#3597,#3625,#3657,#3685));
#3540 = ORIENTED_EDGE('',*,*,#3431,.F.);
#3541 = ORIENTED_EDGE('',*,*,#3513,.F.);
#3542 = ORIENTED_EDGE('',*,*,#3543,.F.);
#3543 = EDGE_CURVE('',#3544,#3485,#3546,.T.);
#3544 = VERTEX_POINT('',#3545);
#3545 = CARTESIAN_POINT('',(0.5,-10.99310025605,0.389546865459));
#3546 = SURFACE_CURVE('',#3547,(#3551,#3558),.PCURVE_S1.);
#3547 = LINE('',#3548,#3549);
#3548 = CARTESIAN_POINT('',(0.75,-10.99310025605,0.389546865459));
#3549 = VECTOR('',#3550,1.);
#3550 = DIRECTION('',(-1.,-0.,-0.));
#3551 = PCURVE('',#3445,#3552);
#3552 = DEFINITIONAL_REPRESENTATION('',(#3553),#3557);
#3553 = LINE('',#3554,#3555);
#3554 = CARTESIAN_POINT('',(1.199097539688,-1.5));
#3555 = VECTOR('',#3556,1.);
#3556 = DIRECTION('',(0.,1.));
#3557 = ( GEOMETRIC_REPRESENTATION_CONTEXT(2) 
PARAMETRIC_REPRESENTATION_CONTEXT() REPRESENTATION_CONTEXT('2D SPACE',''
  ) );
#3558 = PCURVE('',#3501,#3559);
#3559 = DEFINITIONAL_REPRESENTATION('',(#3560),#3564);
#3560 = LINE('',#3561,#3562);
#3561 = CARTESIAN_POINT('',(-3.106171895991,0.));
#3562 = VECTOR('',#3563,1.);
#3563 = DIRECTION('',(-0.,1.));
#3564 = ( GEOMETRIC_REPRESENTATION_CONTEXT(2) 
PARAMETRIC_REPRESENTATION_CONTEXT() REPRESENTATION_CONTEXT('2D SPACE',''
  ) );
#3565 = ORIENTED_EDGE('',*,*,#3566,.F.);
#3566 = EDGE_CURVE('',#3567,#3544,#3569,.T.);
#3567 = VERTEX_POINT('',#3568);
#3568 = CARTESIAN_POINT('',(0.75,-10.74901580086,0.14546241027));
#3569 = SURFACE_CURVE('',#3570,(#3575,#3582),.PCURVE_S1.);
#3570 = HYPERBOLA('',#3571,7.497844507162,7.497844507162);
#3571 = AXIS2_PLACEMENT_3D('',#3572,#3573,#3574);
#3572 = CARTESIAN_POINT('',(11.5,-5.301776695297,-5.301776695297));
#3573 = DIRECTION('',(0.,0.707106781187,0.707106781187));
#3574 = DIRECTION('',(-1.,0.,0.));
#3575 = PCURVE('',#3445,#3576);
#3576 = DEFINITIONAL_REPRESENTATION('',(#3577),#3581);
#3577 = HYPERBOLA('',#3578,7.497844507162,7.497844507162);
#3578 = AXIS2_PLACEMENT_2D('',#3579,#3580);
#3579 = CARTESIAN_POINT('',(9.247844507162,-12.25));
#3580 = DIRECTION('',(0.,1.));
#3581 = ( GEOMETRIC_REPRESENTATION_CONTEXT(2) 
PARAMETRIC_REPRESENTATION_CONTEXT() REPRESENTATION_CONTEXT('2D SPACE',''
  ) );
#3582 = PCURVE('',#3583,#3588);
#3583 = CONICAL_SURFACE('',#3584,11.,0.785398163397);
#3584 = AXIS2_PLACEMENT_3D('',#3585,#3586,#3587);
#3585 = CARTESIAN_POINT('',(0.5,0.,0.));
#3586 = DIRECTION('',(-1.,0.,0.));
#3587 = DIRECTION('',(0.,1.,0.));
#3588 = DEFINITIONAL_REPRESENTATION('',(#3589),#3596);
#3589 = B_SPLINE_CURVE_WITH_KNOTS('',5,(#3590,#3591,#3592,#3593,#3594,
    #3595),.UNSPECIFIED.,.F.,.F.,(6,6),(0.900641694214,0.932385743234),
  .PIECEWISE_BEZIER_KNOTS.);
#3590 = CARTESIAN_POINT('',(-3.128060853625,-0.25));
#3591 = CARTESIAN_POINT('',(-3.123632724442,-0.201091566425));
#3592 = CARTESIAN_POINT('',(-3.11922977815,-0.151641502353));
#3593 = CARTESIAN_POINT('',(-3.114852004687,-0.101645700757));
#3594 = CARTESIAN_POINT('',(-3.110499385874,-5.109996365648E-02));
#3595 = CARTESIAN_POINT('',(-3.106171895991,-2.665792565073E-15));
#3596 = ( GEOMETRIC_REPRESENTATION_CONTEXT(2) 
PARAMETRIC_REPRESENTATION_CONTEXT() REPRESENTATION_CONTEXT('2D SPACE',''
  ) );
#3597 = ORIENTED_EDGE('',*,*,#3598,.T.);
#3598 = EDGE_CURVE('',#3567,#3599,#3601,.T.);
#3599 = VERTEX_POINT('',#3600);
#3600 = CARTESIAN_POINT('',(0.75,-9.708863473794,-0.894689916799));
#3601 = SURFACE_CURVE('',#3602,(#3606,#3613),.PCURVE_S1.);
#3602 = LINE('',#3603,#3604);
#3603 = CARTESIAN_POINT('',(0.75,-8.571383476483,-2.03216991411));
#3604 = VECTOR('',#3605,1.);
#3605 = DIRECTION('',(0.,0.707106781187,-0.707106781187));
#3606 = PCURVE('',#3445,#3607);
#3607 = DEFINITIONAL_REPRESENTATION('',(#3608),#3612);
#3608 = LINE('',#3609,#3610);
#3609 = CARTESIAN_POINT('',(4.623922253581,-1.5));
#3610 = VECTOR('',#3611,1.);
#3611 = DIRECTION('',(1.,0.));
#3612 = ( GEOMETRIC_REPRESENTATION_CONTEXT(2) 
PARAMETRIC_REPRESENTATION_CONTEXT() REPRESENTATION_CONTEXT('2D SPACE',''
  ) );
#3613 = PCURVE('',#3614,#3619);
#3614 = PLANE('',#3615);
#3615 = AXIS2_PLACEMENT_3D('',#3616,#3617,#3618);
#3616 = CARTESIAN_POINT('',(0.75,0.,0.));
#3617 = DIRECTION('',(1.,0.,0.));
#3618 = DIRECTION('',(0.,1.,0.));
#3619 = DEFINITIONAL_REPRESENTATION('',(#3620),#3624);
#3620 = LINE('',#3621,#3622);
#3621 = CARTESIAN_POINT('',(-8.571383476483,-2.03216991411));
#3622 = VECTOR('',#3623,1.);
#3623 = DIRECTION('',(0.707106781187,-0.707106781187));
#3624 = ( GEOMETRIC_REPRESENTATION_CONTEXT(2) 
PARAMETRIC_REPRESENTATION_CONTEXT() REPRESENTATION_CONTEXT('2D SPACE',''
  ) );
#3625 = ORIENTED_EDGE('',*,*,#3626,.T.);
#3626 = EDGE_CURVE('',#3599,#3627,#3629,.T.);
#3627 = VERTEX_POINT('',#3628);
#3628 = CARTESIAN_POINT('',(0.5,-9.426842012744,-1.176711377849));
#3629 = SURFACE_CURVE('',#3630,(#3635,#3642),.PCURVE_S1.);
#3630 = HYPERBOLA('',#3631,7.497844507162,7.497844507162);
#3631 = AXIS2_PLACEMENT_3D('',#3632,#3633,#3634);
#3632 = CARTESIAN_POINT('',(-9.,-5.301776695297,-5.301776695297));
#3633 = DIRECTION('',(-0.,0.707106781187,0.707106781187));
#3634 = DIRECTION('',(1.,0.,0.));
#3635 = PCURVE('',#3445,#3636);
#3636 = DEFINITIONAL_REPRESENTATION('',(#3637),#3641);
#3637 = HYPERBOLA('',#3638,7.497844507162,7.497844507162);
#3638 = AXIS2_PLACEMENT_2D('',#3639,#3640);
#3639 = CARTESIAN_POINT('',(9.247844507162,8.25));
#3640 = DIRECTION('',(0.,-1.));
#3641 = ( GEOMETRIC_REPRESENTATION_CONTEXT(2) 
PARAMETRIC_REPRESENTATION_CONTEXT() REPRESENTATION_CONTEXT('2D SPACE',''
  ) );
#3642 = PCURVE('',#3643,#3648);
#3643 = CONICAL_SURFACE('',#3644,9.5,0.785398163397);
#3644 = AXIS2_PLACEMENT_3D('',#3645,#3646,#3647);
#3645 = CARTESIAN_POINT('',(0.5,0.,0.));
#3646 = DIRECTION('',(1.,0.,0.));
#3647 = DIRECTION('',(0.,1.,0.));
#3648 = DEFINITIONAL_REPRESENTATION('',(#3649),#3656);
#3649 = B_SPLINE_CURVE_WITH_KNOTS('',5,(#3650,#3651,#3652,#3653,#3654,
    #3655),.UNSPECIFIED.,.F.,.F.,(6,6),(-0.756882665991,-0.715438961064)
  ,.PIECEWISE_BEZIER_KNOTS.);
#3650 = CARTESIAN_POINT('',(3.233484993637,0.25));
#3651 = CARTESIAN_POINT('',(3.239859115798,0.198339908797));
#3652 = CARTESIAN_POINT('',(3.246275454334,0.147517138173));
#3653 = CARTESIAN_POINT('',(3.252733842518,9.752429393926E-02));
#3654 = CARTESIAN_POINT('',(3.259234082808,4.835422155934E-02));
#3655 = CARTESIAN_POINT('',(3.265775945025,-8.90954544295E-16));
#3656 = ( GEOMETRIC_REPRESENTATION_CONTEXT(2) 
PARAMETRIC_REPRESENTATION_CONTEXT() REPRESENTATION_CONTEXT('2D SPACE',''
  ) );
#3657 = ORIENTED_EDGE('',*,*,#3658,.F.);
#3658 = EDGE_CURVE('',#3659,#3627,#3661,.T.);
#3659 = VERTEX_POINT('',#3660);
#3660 = CARTESIAN_POINT('',(-0.5,-9.426842012744,-1.176711377849));
#3661 = SURFACE_CURVE('',#3662,(#3666,#3673),.PCURVE_S1.);
#3662 = LINE('',#3663,#3664);
#3663 = CARTESIAN_POINT('',(-0.75,-9.426842012744,-1.176711377849));
#3664 = VECTOR('',#3665,1.);
#3665 = DIRECTION('',(1.,0.,0.));
#3666 = PCURVE('',#3445,#3667);
#3667 = DEFINITIONAL_REPRESENTATION('',(#3668),#3672);
#3668 = LINE('',#3669,#3670);
#3669 = CARTESIAN_POINT('',(3.414121189553,0.));
#3670 = VECTOR('',#3671,1.);
#3671 = DIRECTION('',(0.,-1.));
#3672 = ( GEOMETRIC_REPRESENTATION_CONTEXT(2) 
PARAMETRIC_REPRESENTATION_CONTEXT() REPRESENTATION_CONTEXT('2D SPACE',''
  ) );
#3673 = PCURVE('',#3674,#3679);
#3674 = CYLINDRICAL_SURFACE('',#3675,9.5);
#3675 = AXIS2_PLACEMENT_3D('',#3676,#3677,#3678);
#3676 = CARTESIAN_POINT('',(-0.75,0.,0.));
#3677 = DIRECTION('',(1.,0.,0.));
#3678 = DIRECTION('',(-0.,1.,0.));
#3679 = DEFINITIONAL_REPRESENTATION('',(#3680),#3684);
#3680 = LINE('',#3681,#3682);
#3681 = CARTESIAN_POINT('',(-3.017409362154,0.));
#3682 = VECTOR('',#3683,1.);
#3683 = DIRECTION('',(0.,1.));
#3684 = ( GEOMETRIC_REPRESENTATION_CONTEXT(2) 
PARAMETRIC_REPRESENTATION_CONTEXT() REPRESENTATION_CONTEXT('2D SPACE',''
  ) );
#3685 = ORIENTED_EDGE('',*,*,#3686,.T.);
#3686 = EDGE_CURVE('',#3659,#3403,#3687,.T.);
#3687 = SURFACE_CURVE('',#3688,(#3693,#3700),.PCURVE_S1.);
#3688 = HYPERBOLA('',#3689,7.497844507162,7.497844507162);
#3689 = AXIS2_PLACEMENT_3D('',#3690,#3691,#3692);
#3690 = CARTESIAN_POINT('',(9.,-5.301776695297,-5.301776695297));
#3691 = DIRECTION('',(0.,0.707106781187,0.707106781187));
#3692 = DIRECTION('',(-1.,0.,0.));
#3693 = PCURVE('',#3445,#3694);
#3694 = DEFINITIONAL_REPRESENTATION('',(#3695),#3699);
#3695 = HYPERBOLA('',#3696,7.497844507162,7.497844507162);
#3696 = AXIS2_PLACEMENT_2D('',#3697,#3698);
#3697 = CARTESIAN_POINT('',(9.247844507162,-9.75));
#3698 = DIRECTION('',(0.,1.));
#3699 = ( GEOMETRIC_REPRESENTATION_CONTEXT(2) 
PARAMETRIC_REPRESENTATION_CONTEXT() REPRESENTATION_CONTEXT('2D SPACE',''
  ) );
#3700 = PCURVE('',#3419,#3701);
#3701 = DEFINITIONAL_REPRESENTATION('',(#3702),#3709);
#3702 = B_SPLINE_CURVE_WITH_KNOTS('',5,(#3703,#3704,#3705,#3706,#3707,
    #3708),.UNSPECIFIED.,.F.,.F.,(6,6),(0.715438961064,0.756882665991),
  .PIECEWISE_BEZIER_KNOTS.);
#3703 = CARTESIAN_POINT('',(-3.265775945025,-8.90954544295E-16));
#3704 = CARTESIAN_POINT('',(-3.259234082808,4.835422155934E-02));
#3705 = CARTESIAN_POINT('',(-3.252733842518,9.752429393926E-02));
#3706 = CARTESIAN_POINT('',(-3.246275454334,0.147517138173));
#3707 = CARTESIAN_POINT('',(-3.239859115798,0.198339908797));
#3708 = CARTESIAN_POINT('',(-3.233484993637,0.25));
#3709 = ( GEOMETRIC_REPRESENTATION_CONTEXT(2) 
PARAMETRIC_REPRESENTATION_CONTEXT() REPRESENTATION_CONTEXT('2D SPACE',''
  ) );
#3710 = ADVANCED_FACE('',(#3711),#3419,.F.);
#3711 = FACE_BOUND('',#3712,.F.);
#3712 = EDGE_LOOP('',(#3713,#3714,#3737,#3759));
#3713 = ORIENTED_EDGE('',*,*,#3402,.T.);
#3714 = ORIENTED_EDGE('',*,*,#3715,.T.);
#3715 = EDGE_CURVE('',#3374,#3716,#3718,.T.);
#3716 = VERTEX_POINT('',#3717);
#3717 = CARTESIAN_POINT('',(-0.5,9.5,0.));
#3718 = SURFACE_CURVE('',#3719,(#3723,#3730),.PCURVE_S1.);
#3719 = LINE('',#3720,#3721);
#3720 = CARTESIAN_POINT('',(-0.5,9.5,0.));
#3721 = VECTOR('',#3722,1.);
#3722 = DIRECTION('',(0.707106781187,-0.707106781187,0.));
#3723 = PCURVE('',#3419,#3724);
#3724 = DEFINITIONAL_REPRESENTATION('',(#3725),#3729);
#3725 = LINE('',#3726,#3727);
#3726 = CARTESIAN_POINT('',(-6.28318530718,-0.));
#3727 = VECTOR('',#3728,1.);
#3728 = DIRECTION('',(-0.,-1.));
#3729 = ( GEOMETRIC_REPRESENTATION_CONTEXT(2) 
PARAMETRIC_REPRESENTATION_CONTEXT() REPRESENTATION_CONTEXT('2D SPACE',''
  ) );
#3730 = PCURVE('',#3390,#3731);
#3731 = DEFINITIONAL_REPRESENTATION('',(#3732),#3736);
#3732 = LINE('',#3733,#3734);
#3733 = CARTESIAN_POINT('',(-0.,-0.));
#3734 = VECTOR('',#3735,1.);
#3735 = DIRECTION('',(-0.,-1.));
#3736 = ( GEOMETRIC_REPRESENTATION_CONTEXT(2) 
PARAMETRIC_REPRESENTATION_CONTEXT() REPRESENTATION_CONTEXT('2D SPACE',''
  ) );
#3737 = ORIENTED_EDGE('',*,*,#3738,.F.);
#3738 = EDGE_CURVE('',#3659,#3716,#3739,.T.);
#3739 = SURFACE_CURVE('',#3740,(#3745,#3752),.PCURVE_S1.);
#3740 = CIRCLE('',#3741,9.5);
#3741 = AXIS2_PLACEMENT_3D('',#3742,#3743,#3744);
#3742 = CARTESIAN_POINT('',(-0.5,0.,0.));
#3743 = DIRECTION('',(1.,0.,0.));
#3744 = DIRECTION('',(0.,1.,0.));
#3745 = PCURVE('',#3419,#3746);
#3746 = DEFINITIONAL_REPRESENTATION('',(#3747),#3751);
#3747 = LINE('',#3748,#3749);
#3748 = CARTESIAN_POINT('',(-0.,-0.));
#3749 = VECTOR('',#3750,1.);
#3750 = DIRECTION('',(-1.,-0.));
#3751 = ( GEOMETRIC_REPRESENTATION_CONTEXT(2) 
PARAMETRIC_REPRESENTATION_CONTEXT() REPRESENTATION_CONTEXT('2D SPACE',''
  ) );
#3752 = PCURVE('',#3674,#3753);
#3753 = DEFINITIONAL_REPRESENTATION('',(#3754),#3758);
#3754 = LINE('',#3755,#3756);
#3755 = CARTESIAN_POINT('',(-6.28318530718,0.25));
#3756 = VECTOR('',#3757,1.);
#3757 = DIRECTION('',(1.,0.));
#3758 = ( GEOMETRIC_REPRESENTATION_CONTEXT(2) 
PARAMETRIC_REPRESENTATION_CONTEXT() REPRESENTATION_CONTEXT('2D SPACE',''
  ) );
#3759 = ORIENTED_EDGE('',*,*,#3686,.T.);
#3760 = ADVANCED_FACE('',(#3761),#3390,.F.);
#3761 = FACE_BOUND('',#3762,.F.);
#3762 = EDGE_LOOP('',(#3763,#3764,#3765,#3792));
#3763 = ORIENTED_EDGE('',*,*,#3715,.F.);
#3764 = ORIENTED_EDGE('',*,*,#3373,.T.);
#3765 = ORIENTED_EDGE('',*,*,#3766,.T.);
#3766 = EDGE_CURVE('',#3346,#3767,#3769,.T.);
#3767 = VERTEX_POINT('',#3768);
#3768 = CARTESIAN_POINT('',(-0.5,-9.491359460135,-0.405087149272));
#3769 = SURFACE_CURVE('',#3770,(#3775,#3785),.PCURVE_S1.);
#3770 = HYPERBOLA('',#3771,6.997844507162,6.997844507162);
#3771 = AXIS2_PLACEMENT_3D('',#3772,#3773,#3774);
#3772 = CARTESIAN_POINT('',(9.,-4.948223304703,-4.948223304703));
#3773 = DIRECTION('',(-0.,-0.707106781187,-0.707106781187));
#3774 = DIRECTION('',(-1.,0.,0.));
#3775 = PCURVE('',#3390,#3776);
#3776 = DEFINITIONAL_REPRESENTATION('',(#3777),#3784);
#3777 = B_SPLINE_CURVE_WITH_KNOTS('',5,(#3778,#3779,#3780,#3781,#3782,
    #3783),.UNSPECIFIED.,.F.,.F.,(6,6),(-0.860128633612,-0.822285814917)
  ,.PIECEWISE_BEZIER_KNOTS.);
#3778 = CARTESIAN_POINT('',(-3.156727932657,0.25));
#3779 = CARTESIAN_POINT('',(-3.162160100061,0.198615821652));
#3780 = CARTESIAN_POINT('',(-3.167628053036,0.147929781779));
#3781 = CARTESIAN_POINT('',(-3.173131771963,9.793574820496E-02));
#3782 = CARTESIAN_POINT('',(-3.178671219361,4.862775535779E-02));
#3783 = CARTESIAN_POINT('',(-3.184246338538,-1.774838020778E-15));
#3784 = ( GEOMETRIC_REPRESENTATION_CONTEXT(2) 
PARAMETRIC_REPRESENTATION_CONTEXT() REPRESENTATION_CONTEXT('2D SPACE',''
  ) );
#3785 = PCURVE('',#3361,#3786);
#3786 = DEFINITIONAL_REPRESENTATION('',(#3787),#3791);
#3787 = HYPERBOLA('',#3788,6.997844507162,6.997844507162);
#3788 = AXIS2_PLACEMENT_2D('',#3789,#3790);
#3789 = CARTESIAN_POINT('',(-5.247844507162,-9.75));
#3790 = DIRECTION('',(0.,1.));
#3791 = ( GEOMETRIC_REPRESENTATION_CONTEXT(2) 
PARAMETRIC_REPRESENTATION_CONTEXT() REPRESENTATION_CONTEXT('2D SPACE',''
  ) );
#3792 = ORIENTED_EDGE('',*,*,#3793,.F.);
#3793 = EDGE_CURVE('',#3716,#3767,#3794,.T.);
#3794 = SURFACE_CURVE('',#3795,(#3800,#3807),.PCURVE_S1.);
#3795 = CIRCLE('',#3796,9.5);
#3796 = AXIS2_PLACEMENT_3D('',#3797,#3798,#3799);
#3797 = CARTESIAN_POINT('',(-0.5,0.,0.));
#3798 = DIRECTION('',(1.,0.,0.));
#3799 = DIRECTION('',(0.,1.,0.));
#3800 = PCURVE('',#3390,#3801);
#3801 = DEFINITIONAL_REPRESENTATION('',(#3802),#3806);
#3802 = LINE('',#3803,#3804);
#3803 = CARTESIAN_POINT('',(-0.,-0.));
#3804 = VECTOR('',#3805,1.);
#3805 = DIRECTION('',(-1.,-0.));
#3806 = ( GEOMETRIC_REPRESENTATION_CONTEXT(2) 
PARAMETRIC_REPRESENTATION_CONTEXT() REPRESENTATION_CONTEXT('2D SPACE',''
  ) );
#3807 = PCURVE('',#3674,#3808);
#3808 = DEFINITIONAL_REPRESENTATION('',(#3809),#3813);
#3809 = LINE('',#3810,#3811);
#3810 = CARTESIAN_POINT('',(0.,0.25));
#3811 = VECTOR('',#3812,1.);
#3812 = DIRECTION('',(1.,0.));
#3813 = ( GEOMETRIC_REPRESENTATION_CONTEXT(2) 
PARAMETRIC_REPRESENTATION_CONTEXT() REPRESENTATION_CONTEXT('2D SPACE',''
  ) );
#3814 = ADVANCED_FACE('',(#3815),#3361,.T.);
#3815 = FACE_BOUND('',#3816,.T.);
#3816 = EDGE_LOOP('',(#3817,#3818,#3819,#3842,#3874,#3897,#3929,#3952));
#3817 = ORIENTED_EDGE('',*,*,#3345,.F.);
#3818 = ORIENTED_EDGE('',*,*,#3766,.T.);
#3819 = ORIENTED_EDGE('',*,*,#3820,.T.);
#3820 = EDGE_CURVE('',#3767,#3821,#3823,.T.);
#3821 = VERTEX_POINT('',#3822);
#3822 = CARTESIAN_POINT('',(0.5,-9.491359460135,-0.405087149272));
#3823 = SURFACE_CURVE('',#3824,(#3828,#3835),.PCURVE_S1.);
#3824 = LINE('',#3825,#3826);
#3825 = CARTESIAN_POINT('',(-0.75,-9.491359460135,-0.405087149272));
#3826 = VECTOR('',#3827,1.);
#3827 = DIRECTION('',(1.,0.,0.));
#3828 = PCURVE('',#3361,#3829);
#3829 = DEFINITIONAL_REPRESENTATION('',(#3830),#3834);
#3830 = LINE('',#3831,#3832);
#3831 = CARTESIAN_POINT('',(1.177120259557,0.));
#3832 = VECTOR('',#3833,1.);
#3833 = DIRECTION('',(0.,-1.));
#3834 = ( GEOMETRIC_REPRESENTATION_CONTEXT(2) 
PARAMETRIC_REPRESENTATION_CONTEXT() REPRESENTATION_CONTEXT('2D SPACE',''
  ) );
#3835 = PCURVE('',#3674,#3836);
#3836 = DEFINITIONAL_REPRESENTATION('',(#3837),#3841);
#3837 = LINE('',#3838,#3839);
#3838 = CARTESIAN_POINT('',(3.184246338538,0.));
#3839 = VECTOR('',#3840,1.);
#3840 = DIRECTION('',(0.,1.));
#3841 = ( GEOMETRIC_REPRESENTATION_CONTEXT(2) 
PARAMETRIC_REPRESENTATION_CONTEXT() REPRESENTATION_CONTEXT('2D SPACE',''
  ) );
#3842 = ORIENTED_EDGE('',*,*,#3843,.T.);
#3843 = EDGE_CURVE('',#3821,#3844,#3846,.T.);
#3844 = VERTEX_POINT('',#3845);
#3845 = CARTESIAN_POINT('',(0.75,-9.74888327254,-0.147563336867));
#3846 = SURFACE_CURVE('',#3847,(#3852,#3859),.PCURVE_S1.);
#3847 = HYPERBOLA('',#3848,6.997844507162,6.997844507162);
#3848 = AXIS2_PLACEMENT_3D('',#3849,#3850,#3851);
#3849 = CARTESIAN_POINT('',(-9.,-4.948223304703,-4.948223304703));
#3850 = DIRECTION('',(0.,-0.707106781187,-0.707106781187));
#3851 = DIRECTION('',(1.,0.,0.));
#3852 = PCURVE('',#3361,#3853);
#3853 = DEFINITIONAL_REPRESENTATION('',(#3854),#3858);
#3854 = HYPERBOLA('',#3855,6.997844507162,6.997844507162);
#3855 = AXIS2_PLACEMENT_2D('',#3856,#3857);
#3856 = CARTESIAN_POINT('',(-5.247844507162,8.25));
#3857 = DIRECTION('',(0.,-1.));
#3858 = ( GEOMETRIC_REPRESENTATION_CONTEXT(2) 
PARAMETRIC_REPRESENTATION_CONTEXT() REPRESENTATION_CONTEXT('2D SPACE',''
  ) );
#3859 = PCURVE('',#3860,#3865);
#3860 = CONICAL_SURFACE('',#3861,9.5,0.785398163397);
#3861 = AXIS2_PLACEMENT_3D('',#3862,#3863,#3864);
#3862 = CARTESIAN_POINT('',(0.5,0.,0.));
#3863 = DIRECTION('',(1.,0.,0.));
#3864 = DIRECTION('',(0.,1.,0.));
#3865 = DEFINITIONAL_REPRESENTATION('',(#3866),#3873);
#3866 = B_SPLINE_CURVE_WITH_KNOTS('',5,(#3867,#3868,#3869,#3870,#3871,
    #3872),.UNSPECIFIED.,.F.,.F.,(6,6),(0.822285814917,0.860128633612),
  .PIECEWISE_BEZIER_KNOTS.);
#3867 = CARTESIAN_POINT('',(3.184246338538,-1.774838020778E-15));
#3868 = CARTESIAN_POINT('',(3.178671219361,4.862775535779E-02));
#3869 = CARTESIAN_POINT('',(3.173131771963,9.793574820496E-02));
#3870 = CARTESIAN_POINT('',(3.167628053036,0.147929781779));
#3871 = CARTESIAN_POINT('',(3.162160100061,0.198615821652));
#3872 = CARTESIAN_POINT('',(3.156727932657,0.25));
#3873 = ( GEOMETRIC_REPRESENTATION_CONTEXT(2) 
PARAMETRIC_REPRESENTATION_CONTEXT() REPRESENTATION_CONTEXT('2D SPACE',''
  ) );
#3874 = ORIENTED_EDGE('',*,*,#3875,.T.);
#3875 = EDGE_CURVE('',#3844,#3876,#3878,.T.);
#3876 = VERTEX_POINT('',#3877);
#3877 = CARTESIAN_POINT('',(0.75,-10.71852105497,0.822074445568));
#3878 = SURFACE_CURVE('',#3879,(#3883,#3890),.PCURVE_S1.);
#3879 = LINE('',#3880,#3881);
#3880 = CARTESIAN_POINT('',(0.75,-6.803616523517,-3.09283008589));
#3881 = VECTOR('',#3882,1.);
#3882 = DIRECTION('',(0.,-0.707106781187,0.707106781187));
#3883 = PCURVE('',#3361,#3884);
#3884 = DEFINITIONAL_REPRESENTATION('',(#3885),#3889);
#3885 = LINE('',#3886,#3887);
#3886 = CARTESIAN_POINT('',(-2.623922253581,-1.5));
#3887 = VECTOR('',#3888,1.);
#3888 = DIRECTION('',(1.,0.));
#3889 = ( GEOMETRIC_REPRESENTATION_CONTEXT(2) 
PARAMETRIC_REPRESENTATION_CONTEXT() REPRESENTATION_CONTEXT('2D SPACE',''
  ) );
#3890 = PCURVE('',#3614,#3891);
#3891 = DEFINITIONAL_REPRESENTATION('',(#3892),#3896);
#3892 = LINE('',#3893,#3894);
#3893 = CARTESIAN_POINT('',(-6.803616523517,-3.09283008589));
#3894 = VECTOR('',#3895,1.);
#3895 = DIRECTION('',(-0.707106781187,0.707106781187));
#3896 = ( GEOMETRIC_REPRESENTATION_CONTEXT(2) 
PARAMETRIC_REPRESENTATION_CONTEXT() REPRESENTATION_CONTEXT('2D SPACE',''
  ) );
#3897 = ORIENTED_EDGE('',*,*,#3898,.F.);
#3898 = EDGE_CURVE('',#3899,#3876,#3901,.T.);
#3899 = VERTEX_POINT('',#3900);
#3900 = CARTESIAN_POINT('',(0.5,-10.94948035025,1.053033740849));
#3901 = SURFACE_CURVE('',#3902,(#3907,#3914),.PCURVE_S1.);
#3902 = HYPERBOLA('',#3903,6.997844507162,6.997844507162);
#3903 = AXIS2_PLACEMENT_3D('',#3904,#3905,#3906);
#3904 = CARTESIAN_POINT('',(11.5,-4.948223304703,-4.948223304703));
#3905 = DIRECTION('',(-0.,-0.707106781187,-0.707106781187));
#3906 = DIRECTION('',(-1.,0.,0.));
#3907 = PCURVE('',#3361,#3908);
#3908 = DEFINITIONAL_REPRESENTATION('',(#3909),#3913);
#3909 = HYPERBOLA('',#3910,6.997844507162,6.997844507162);
#3910 = AXIS2_PLACEMENT_2D('',#3911,#3912);
#3911 = CARTESIAN_POINT('',(-5.247844507162,-12.25));
#3912 = DIRECTION('',(0.,1.));
#3913 = ( GEOMETRIC_REPRESENTATION_CONTEXT(2) 
PARAMETRIC_REPRESENTATION_CONTEXT() REPRESENTATION_CONTEXT('2D SPACE',''
  ) );
#3914 = PCURVE('',#3915,#3920);
#3915 = CONICAL_SURFACE('',#3916,11.,0.785398163397);
#3916 = AXIS2_PLACEMENT_3D('',#3917,#3918,#3919);
#3917 = CARTESIAN_POINT('',(0.5,0.,0.));
#3918 = DIRECTION('',(-1.,0.,0.));
#3919 = DIRECTION('',(0.,1.,0.));
#3920 = DEFINITIONAL_REPRESENTATION('',(#3921),#3928);
#3921 = B_SPLINE_CURVE_WITH_KNOTS('',5,(#3922,#3923,#3924,#3925,#3926,
    #3927),.UNSPECIFIED.,.F.,.F.,(6,6),(-1.024148435543,-0.994111624098)
  ,.PIECEWISE_BEZIER_KNOTS.);
#3922 = CARTESIAN_POINT('',(-3.04571549032,8.90954544295E-16));
#3923 = CARTESIAN_POINT('',(-3.049537180065,-5.098483881184E-02));
#3924 = CARTESIAN_POINT('',(-3.053381011655,-0.101473462101));
#3925 = CARTESIAN_POINT('',(-3.05724703985,-0.151469703119));
#3926 = CARTESIAN_POINT('',(-3.061135314654,-0.200977320508));
#3927 = CARTESIAN_POINT('',(-3.065045880905,-0.25));
#3928 = ( GEOMETRIC_REPRESENTATION_CONTEXT(2) 
PARAMETRIC_REPRESENTATION_CONTEXT() REPRESENTATION_CONTEXT('2D SPACE',''
  ) );
#3929 = ORIENTED_EDGE('',*,*,#3930,.T.);
#3930 = EDGE_CURVE('',#3899,#3931,#3933,.T.);
#3931 = VERTEX_POINT('',#3932);
#3932 = CARTESIAN_POINT('',(-0.5,-10.94948035025,1.053033740849));
#3933 = SURFACE_CURVE('',#3934,(#3938,#3945),.PCURVE_S1.);
#3934 = LINE('',#3935,#3936);
#3935 = CARTESIAN_POINT('',(0.75,-10.94948035025,1.053033740849));
#3936 = VECTOR('',#3937,1.);
#3937 = DIRECTION('',(-1.,-0.,-0.));
#3938 = PCURVE('',#3361,#3939);
#3939 = DEFINITIONAL_REPRESENTATION('',(#3940),#3944);
#3940 = LINE('',#3941,#3942);
#3941 = CARTESIAN_POINT('',(3.239214597945,-1.5));
#3942 = VECTOR('',#3943,1.);
#3943 = DIRECTION('',(0.,1.));
#3944 = ( GEOMETRIC_REPRESENTATION_CONTEXT(2) 
PARAMETRIC_REPRESENTATION_CONTEXT() REPRESENTATION_CONTEXT('2D SPACE',''
  ) );
#3945 = PCURVE('',#3501,#3946);
#3946 = DEFINITIONAL_REPRESENTATION('',(#3947),#3951);
#3947 = LINE('',#3948,#3949);
#3948 = CARTESIAN_POINT('',(-9.328900797499,0.));
#3949 = VECTOR('',#3950,1.);
#3950 = DIRECTION('',(-0.,1.));
#3951 = ( GEOMETRIC_REPRESENTATION_CONTEXT(2) 
PARAMETRIC_REPRESENTATION_CONTEXT() REPRESENTATION_CONTEXT('2D SPACE',''
  ) );
#3952 = ORIENTED_EDGE('',*,*,#3953,.F.);
#3953 = EDGE_CURVE('',#3317,#3931,#3954,.T.);
#3954 = SURFACE_CURVE('',#3955,(#3960,#3967),.PCURVE_S1.);
#3955 = HYPERBOLA('',#3956,6.997844507162,6.997844507162);
#3956 = AXIS2_PLACEMENT_3D('',#3957,#3958,#3959);
#3957 = CARTESIAN_POINT('',(-11.5,-4.948223304703,-4.948223304703));
#3958 = DIRECTION('',(0.,-0.707106781187,-0.707106781187));
#3959 = DIRECTION('',(1.,0.,0.));
#3960 = PCURVE('',#3361,#3961);
#3961 = DEFINITIONAL_REPRESENTATION('',(#3962),#3966);
#3962 = HYPERBOLA('',#3963,6.997844507162,6.997844507162);
#3963 = AXIS2_PLACEMENT_2D('',#3964,#3965);
#3964 = CARTESIAN_POINT('',(-5.247844507162,10.75));
#3965 = DIRECTION('',(0.,-1.));
#3966 = ( GEOMETRIC_REPRESENTATION_CONTEXT(2) 
PARAMETRIC_REPRESENTATION_CONTEXT() REPRESENTATION_CONTEXT('2D SPACE',''
  ) );
#3967 = PCURVE('',#3333,#3968);
#3968 = DEFINITIONAL_REPRESENTATION('',(#3969),#3976);
#3969 = B_SPLINE_CURVE_WITH_KNOTS('',5,(#3970,#3971,#3972,#3973,#3974,
    #3975),.UNSPECIFIED.,.F.,.F.,(6,6),(0.994111624098,1.024148435543),
  .PIECEWISE_BEZIER_KNOTS.);
#3970 = CARTESIAN_POINT('',(3.065045880905,-0.25));
#3971 = CARTESIAN_POINT('',(3.061135314654,-0.200977320508));
#3972 = CARTESIAN_POINT('',(3.05724703985,-0.151469703119));
#3973 = CARTESIAN_POINT('',(3.053381011655,-0.101473462101));
#3974 = CARTESIAN_POINT('',(3.049537180065,-5.098483881184E-02));
#3975 = CARTESIAN_POINT('',(3.04571549032,8.90954544295E-16));
#3976 = ( GEOMETRIC_REPRESENTATION_CONTEXT(2) 
PARAMETRIC_REPRESENTATION_CONTEXT() REPRESENTATION_CONTEXT('2D SPACE',''
  ) );
#3977 = ADVANCED_FACE('',(#3978),#3333,.T.);
#3978 = FACE_BOUND('',#3979,.T.);
#3979 = EDGE_LOOP('',(#3980,#3981,#3982,#3983));
#3980 = ORIENTED_EDGE('',*,*,#3461,.F.);
#3981 = ORIENTED_EDGE('',*,*,#3316,.T.);
#3982 = ORIENTED_EDGE('',*,*,#3953,.T.);
#3983 = ORIENTED_EDGE('',*,*,#3984,.F.);
#3984 = EDGE_CURVE('',#3462,#3931,#3985,.T.);
#3985 = SURFACE_CURVE('',#3986,(#3991,#3998),.PCURVE_S1.);
#3986 = CIRCLE('',#3987,11.);
#3987 = AXIS2_PLACEMENT_3D('',#3988,#3989,#3990);
#3988 = CARTESIAN_POINT('',(-0.5,0.,0.));
#3989 = DIRECTION('',(1.,0.,0.));
#3990 = DIRECTION('',(0.,1.,0.));
#3991 = PCURVE('',#3333,#3992);
#3992 = DEFINITIONAL_REPRESENTATION('',(#3993),#3997);
#3993 = LINE('',#3994,#3995);
#3994 = CARTESIAN_POINT('',(0.,0.));
#3995 = VECTOR('',#3996,1.);
#3996 = DIRECTION('',(1.,0.));
#3997 = ( GEOMETRIC_REPRESENTATION_CONTEXT(2) 
PARAMETRIC_REPRESENTATION_CONTEXT() REPRESENTATION_CONTEXT('2D SPACE',''
  ) );
#3998 = PCURVE('',#3501,#3999);
#3999 = DEFINITIONAL_REPRESENTATION('',(#4000),#4004);
#4000 = LINE('',#4001,#4002);
#4001 = CARTESIAN_POINT('',(-6.28318530718,1.25));
#4002 = VECTOR('',#4003,1.);
#4003 = DIRECTION('',(-1.,0.));
#4004 = ( GEOMETRIC_REPRESENTATION_CONTEXT(2) 
PARAMETRIC_REPRESENTATION_CONTEXT() REPRESENTATION_CONTEXT('2D SPACE',''
  ) );
#4005 = ADVANCED_FACE('',(#4006),#3643,.F.);
#4006 = FACE_BOUND('',#4007,.F.);
#4007 = EDGE_LOOP('',(#4008,#4032,#4055,#4077));
#4008 = ORIENTED_EDGE('',*,*,#4009,.T.);
#4009 = EDGE_CURVE('',#3627,#4010,#4012,.T.);
#4010 = VERTEX_POINT('',#4011);
#4011 = CARTESIAN_POINT('',(0.5,9.5,0.));
#4012 = SURFACE_CURVE('',#4013,(#4018,#4025),.PCURVE_S1.);
#4013 = CIRCLE('',#4014,9.5);
#4014 = AXIS2_PLACEMENT_3D('',#4015,#4016,#4017);
#4015 = CARTESIAN_POINT('',(0.5,0.,0.));
#4016 = DIRECTION('',(1.,0.,0.));
#4017 = DIRECTION('',(0.,1.,0.));
#4018 = PCURVE('',#3643,#4019);
#4019 = DEFINITIONAL_REPRESENTATION('',(#4020),#4024);
#4020 = LINE('',#4021,#4022);
#4021 = CARTESIAN_POINT('',(0.,0.));
#4022 = VECTOR('',#4023,1.);
#4023 = DIRECTION('',(1.,0.));
#4024 = ( GEOMETRIC_REPRESENTATION_CONTEXT(2) 
PARAMETRIC_REPRESENTATION_CONTEXT() REPRESENTATION_CONTEXT('2D SPACE',''
  ) );
#4025 = PCURVE('',#3674,#4026);
#4026 = DEFINITIONAL_REPRESENTATION('',(#4027),#4031);
#4027 = LINE('',#4028,#4029);
#4028 = CARTESIAN_POINT('',(-6.28318530718,1.25));
#4029 = VECTOR('',#4030,1.);
#4030 = DIRECTION('',(1.,0.));
#4031 = ( GEOMETRIC_REPRESENTATION_CONTEXT(2) 
PARAMETRIC_REPRESENTATION_CONTEXT() REPRESENTATION_CONTEXT('2D SPACE',''
  ) );
#4032 = ORIENTED_EDGE('',*,*,#4033,.T.);
#4033 = EDGE_CURVE('',#4010,#4034,#4036,.T.);
#4034 = VERTEX_POINT('',#4035);
#4035 = CARTESIAN_POINT('',(0.75,9.75,0.));
#4036 = SURFACE_CURVE('',#4037,(#4041,#4048),.PCURVE_S1.);
#4037 = LINE('',#4038,#4039);
#4038 = CARTESIAN_POINT('',(0.5,9.5,0.));
#4039 = VECTOR('',#4040,1.);
#4040 = DIRECTION('',(0.707106781187,0.707106781187,0.));
#4041 = PCURVE('',#3643,#4042);
#4042 = DEFINITIONAL_REPRESENTATION('',(#4043),#4047);
#4043 = LINE('',#4044,#4045);
#4044 = CARTESIAN_POINT('',(6.28318530718,0.));
#4045 = VECTOR('',#4046,1.);
#4046 = DIRECTION('',(0.,1.));
#4047 = ( GEOMETRIC_REPRESENTATION_CONTEXT(2) 
PARAMETRIC_REPRESENTATION_CONTEXT() REPRESENTATION_CONTEXT('2D SPACE',''
  ) );
#4048 = PCURVE('',#3860,#4049);
#4049 = DEFINITIONAL_REPRESENTATION('',(#4050),#4054);
#4050 = LINE('',#4051,#4052);
#4051 = CARTESIAN_POINT('',(0.,0.));
#4052 = VECTOR('',#4053,1.);
#4053 = DIRECTION('',(0.,1.));
#4054 = ( GEOMETRIC_REPRESENTATION_CONTEXT(2) 
PARAMETRIC_REPRESENTATION_CONTEXT() REPRESENTATION_CONTEXT('2D SPACE',''
  ) );
#4055 = ORIENTED_EDGE('',*,*,#4056,.F.);
#4056 = EDGE_CURVE('',#3599,#4034,#4057,.T.);
#4057 = SURFACE_CURVE('',#4058,(#4063,#4070),.PCURVE_S1.);
#4058 = CIRCLE('',#4059,9.75);
#4059 = AXIS2_PLACEMENT_3D('',#4060,#4061,#4062);
#4060 = CARTESIAN_POINT('',(0.75,0.,0.));
#4061 = DIRECTION('',(1.,0.,0.));
#4062 = DIRECTION('',(0.,1.,0.));
#4063 = PCURVE('',#3643,#4064);
#4064 = DEFINITIONAL_REPRESENTATION('',(#4065),#4069);
#4065 = LINE('',#4066,#4067);
#4066 = CARTESIAN_POINT('',(0.,0.25));
#4067 = VECTOR('',#4068,1.);
#4068 = DIRECTION('',(1.,0.));
#4069 = ( GEOMETRIC_REPRESENTATION_CONTEXT(2) 
PARAMETRIC_REPRESENTATION_CONTEXT() REPRESENTATION_CONTEXT('2D SPACE',''
  ) );
#4070 = PCURVE('',#3614,#4071);
#4071 = DEFINITIONAL_REPRESENTATION('',(#4072),#4076);
#4072 = CIRCLE('',#4073,9.75);
#4073 = AXIS2_PLACEMENT_2D('',#4074,#4075);
#4074 = CARTESIAN_POINT('',(0.,0.));
#4075 = DIRECTION('',(1.,-0.));
#4076 = ( GEOMETRIC_REPRESENTATION_CONTEXT(2) 
PARAMETRIC_REPRESENTATION_CONTEXT() REPRESENTATION_CONTEXT('2D SPACE',''
  ) );
#4077 = ORIENTED_EDGE('',*,*,#3626,.T.);
#4078 = ADVANCED_FACE('',(#4079),#3614,.T.);
#4079 = FACE_BOUND('',#4080,.F.);
#4080 = EDGE_LOOP('',(#4081,#4105,#4127,#4128,#4129,#4151));
#4081 = ORIENTED_EDGE('',*,*,#4082,.F.);
#4082 = EDGE_CURVE('',#4083,#3876,#4085,.T.);
#4083 = VERTEX_POINT('',#4084);
#4084 = CARTESIAN_POINT('',(0.75,10.75,0.));
#4085 = SURFACE_CURVE('',#4086,(#4091,#4098),.PCURVE_S1.);
#4086 = CIRCLE('',#4087,10.75);
#4087 = AXIS2_PLACEMENT_3D('',#4088,#4089,#4090);
#4088 = CARTESIAN_POINT('',(0.75,0.,0.));
#4089 = DIRECTION('',(1.,0.,0.));
#4090 = DIRECTION('',(0.,1.,0.));
#4091 = PCURVE('',#3614,#4092);
#4092 = DEFINITIONAL_REPRESENTATION('',(#4093),#4097);
#4093 = CIRCLE('',#4094,10.75);
#4094 = AXIS2_PLACEMENT_2D('',#4095,#4096);
#4095 = CARTESIAN_POINT('',(0.,0.));
#4096 = DIRECTION('',(1.,-0.));
#4097 = ( GEOMETRIC_REPRESENTATION_CONTEXT(2) 
PARAMETRIC_REPRESENTATION_CONTEXT() REPRESENTATION_CONTEXT('2D SPACE',''
  ) );
#4098 = PCURVE('',#3915,#4099);
#4099 = DEFINITIONAL_REPRESENTATION('',(#4100),#4104);
#4100 = LINE('',#4101,#4102);
#4101 = CARTESIAN_POINT('',(-0.,-0.25));
#4102 = VECTOR('',#4103,1.);
#4103 = DIRECTION('',(-1.,0.));
#4104 = ( GEOMETRIC_REPRESENTATION_CONTEXT(2) 
PARAMETRIC_REPRESENTATION_CONTEXT() REPRESENTATION_CONTEXT('2D SPACE',''
  ) );
#4105 = ORIENTED_EDGE('',*,*,#4106,.F.);
#4106 = EDGE_CURVE('',#3567,#4083,#4107,.T.);
#4107 = SURFACE_CURVE('',#4108,(#4113,#4120),.PCURVE_S1.);
#4108 = CIRCLE('',#4109,10.75);
#4109 = AXIS2_PLACEMENT_3D('',#4110,#4111,#4112);
#4110 = CARTESIAN_POINT('',(0.75,0.,0.));
#4111 = DIRECTION('',(1.,0.,0.));
#4112 = DIRECTION('',(0.,1.,0.));
#4113 = PCURVE('',#3614,#4114);
#4114 = DEFINITIONAL_REPRESENTATION('',(#4115),#4119);
#4115 = CIRCLE('',#4116,10.75);
#4116 = AXIS2_PLACEMENT_2D('',#4117,#4118);
#4117 = CARTESIAN_POINT('',(0.,0.));
#4118 = DIRECTION('',(1.,-0.));
#4119 = ( GEOMETRIC_REPRESENTATION_CONTEXT(2) 
PARAMETRIC_REPRESENTATION_CONTEXT() REPRESENTATION_CONTEXT('2D SPACE',''
  ) );
#4120 = PCURVE('',#3583,#4121);
#4121 = DEFINITIONAL_REPRESENTATION('',(#4122),#4126);
#4122 = LINE('',#4123,#4124);
#4123 = CARTESIAN_POINT('',(-0.,-0.25));
#4124 = VECTOR('',#4125,1.);
#4125 = DIRECTION('',(-1.,0.));
#4126 = ( GEOMETRIC_REPRESENTATION_CONTEXT(2) 
PARAMETRIC_REPRESENTATION_CONTEXT() REPRESENTATION_CONTEXT('2D SPACE',''
  ) );
#4127 = ORIENTED_EDGE('',*,*,#3598,.T.);
#4128 = ORIENTED_EDGE('',*,*,#4056,.T.);
#4129 = ORIENTED_EDGE('',*,*,#4130,.T.);
#4130 = EDGE_CURVE('',#4034,#3844,#4131,.T.);
#4131 = SURFACE_CURVE('',#4132,(#4137,#4144),.PCURVE_S1.);
#4132 = CIRCLE('',#4133,9.75);
#4133 = AXIS2_PLACEMENT_3D('',#4134,#4135,#4136);
#4134 = CARTESIAN_POINT('',(0.75,0.,0.));
#4135 = DIRECTION('',(1.,0.,0.));
#4136 = DIRECTION('',(0.,1.,0.));
#4137 = PCURVE('',#3614,#4138);
#4138 = DEFINITIONAL_REPRESENTATION('',(#4139),#4143);
#4139 = CIRCLE('',#4140,9.75);
#4140 = AXIS2_PLACEMENT_2D('',#4141,#4142);
#4141 = CARTESIAN_POINT('',(0.,0.));
#4142 = DIRECTION('',(1.,-0.));
#4143 = ( GEOMETRIC_REPRESENTATION_CONTEXT(2) 
PARAMETRIC_REPRESENTATION_CONTEXT() REPRESENTATION_CONTEXT('2D SPACE',''
  ) );
#4144 = PCURVE('',#3860,#4145);
#4145 = DEFINITIONAL_REPRESENTATION('',(#4146),#4150);
#4146 = LINE('',#4147,#4148);
#4147 = CARTESIAN_POINT('',(0.,0.25));
#4148 = VECTOR('',#4149,1.);
#4149 = DIRECTION('',(1.,0.));
#4150 = ( GEOMETRIC_REPRESENTATION_CONTEXT(2) 
PARAMETRIC_REPRESENTATION_CONTEXT() REPRESENTATION_CONTEXT('2D SPACE',''
  ) );
#4151 = ORIENTED_EDGE('',*,*,#3875,.T.);
#4152 = ADVANCED_FACE('',(#4153),#3583,.T.);
#4153 = FACE_BOUND('',#4154,.F.);
#4154 = EDGE_LOOP('',(#4155,#4156,#4179,#4201));
#4155 = ORIENTED_EDGE('',*,*,#4106,.T.);
#4156 = ORIENTED_EDGE('',*,*,#4157,.T.);
#4157 = EDGE_CURVE('',#4083,#4158,#4160,.T.);
#4158 = VERTEX_POINT('',#4159);
#4159 = CARTESIAN_POINT('',(0.5,11.,0.));
#4160 = SURFACE_CURVE('',#4161,(#4165,#4172),.PCURVE_S1.);
#4161 = LINE('',#4162,#4163);
#4162 = CARTESIAN_POINT('',(0.5,11.,0.));
#4163 = VECTOR('',#4164,1.);
#4164 = DIRECTION('',(-0.707106781187,0.707106781187,0.));
#4165 = PCURVE('',#3583,#4166);
#4166 = DEFINITIONAL_REPRESENTATION('',(#4167),#4171);
#4167 = LINE('',#4168,#4169);
#4168 = CARTESIAN_POINT('',(-6.28318530718,0.));
#4169 = VECTOR('',#4170,1.);
#4170 = DIRECTION('',(-0.,1.));
#4171 = ( GEOMETRIC_REPRESENTATION_CONTEXT(2) 
PARAMETRIC_REPRESENTATION_CONTEXT() REPRESENTATION_CONTEXT('2D SPACE',''
  ) );
#4172 = PCURVE('',#3915,#4173);
#4173 = DEFINITIONAL_REPRESENTATION('',(#4174),#4178);
#4174 = LINE('',#4175,#4176);
#4175 = CARTESIAN_POINT('',(-0.,0.));
#4176 = VECTOR('',#4177,1.);
#4177 = DIRECTION('',(-0.,1.));
#4178 = ( GEOMETRIC_REPRESENTATION_CONTEXT(2) 
PARAMETRIC_REPRESENTATION_CONTEXT() REPRESENTATION_CONTEXT('2D SPACE',''
  ) );
#4179 = ORIENTED_EDGE('',*,*,#4180,.F.);
#4180 = EDGE_CURVE('',#3544,#4158,#4181,.T.);
#4181 = SURFACE_CURVE('',#4182,(#4187,#4194),.PCURVE_S1.);
#4182 = CIRCLE('',#4183,11.);
#4183 = AXIS2_PLACEMENT_3D('',#4184,#4185,#4186);
#4184 = CARTESIAN_POINT('',(0.5,0.,0.));
#4185 = DIRECTION('',(1.,0.,0.));
#4186 = DIRECTION('',(0.,1.,0.));
#4187 = PCURVE('',#3583,#4188);
#4188 = DEFINITIONAL_REPRESENTATION('',(#4189),#4193);
#4189 = LINE('',#4190,#4191);
#4190 = CARTESIAN_POINT('',(-0.,0.));
#4191 = VECTOR('',#4192,1.);
#4192 = DIRECTION('',(-1.,0.));
#4193 = ( GEOMETRIC_REPRESENTATION_CONTEXT(2) 
PARAMETRIC_REPRESENTATION_CONTEXT() REPRESENTATION_CONTEXT('2D SPACE',''
  ) );
#4194 = PCURVE('',#3501,#4195);
#4195 = DEFINITIONAL_REPRESENTATION('',(#4196),#4200);
#4196 = LINE('',#4197,#4198);
#4197 = CARTESIAN_POINT('',(-0.,0.25));
#4198 = VECTOR('',#4199,1.);
#4199 = DIRECTION('',(-1.,0.));
#4200 = ( GEOMETRIC_REPRESENTATION_CONTEXT(2) 
PARAMETRIC_REPRESENTATION_CONTEXT() REPRESENTATION_CONTEXT('2D SPACE',''
  ) );
#4201 = ORIENTED_EDGE('',*,*,#3566,.F.);
#4202 = ADVANCED_FACE('',(#4203),#3915,.T.);
#4203 = FACE_BOUND('',#4204,.F.);
#4204 = EDGE_LOOP('',(#4205,#4206,#4207,#4208));
#4205 = ORIENTED_EDGE('',*,*,#4157,.F.);
#4206 = ORIENTED_EDGE('',*,*,#4082,.T.);
#4207 = ORIENTED_EDGE('',*,*,#3898,.F.);
#4208 = ORIENTED_EDGE('',*,*,#4209,.F.);
#4209 = EDGE_CURVE('',#4158,#3899,#4210,.T.);
#4210 = SURFACE_CURVE('',#4211,(#4216,#4223),.PCURVE_S1.);
#4211 = CIRCLE('',#4212,11.);
#4212 = AXIS2_PLACEMENT_3D('',#4213,#4214,#4215);
#4213 = CARTESIAN_POINT('',(0.5,0.,0.));
#4214 = DIRECTION('',(1.,0.,0.));
#4215 = DIRECTION('',(0.,1.,0.));
#4216 = PCURVE('',#3915,#4217);
#4217 = DEFINITIONAL_REPRESENTATION('',(#4218),#4222);
#4218 = LINE('',#4219,#4220);
#4219 = CARTESIAN_POINT('',(-0.,0.));
#4220 = VECTOR('',#4221,1.);
#4221 = DIRECTION('',(-1.,0.));
#4222 = ( GEOMETRIC_REPRESENTATION_CONTEXT(2) 
PARAMETRIC_REPRESENTATION_CONTEXT() REPRESENTATION_CONTEXT('2D SPACE',''
  ) );
#4223 = PCURVE('',#3501,#4224);
#4224 = DEFINITIONAL_REPRESENTATION('',(#4225),#4229);
#4225 = LINE('',#4226,#4227);
#4226 = CARTESIAN_POINT('',(-6.28318530718,0.25));
#4227 = VECTOR('',#4228,1.);
#4228 = DIRECTION('',(-1.,0.));
#4229 = ( GEOMETRIC_REPRESENTATION_CONTEXT(2) 
PARAMETRIC_REPRESENTATION_CONTEXT() REPRESENTATION_CONTEXT('2D SPACE',''
  ) );
#4230 = ADVANCED_FACE('',(#4231),#3860,.F.);
#4231 = FACE_BOUND('',#4232,.F.);
#4232 = EDGE_LOOP('',(#4233,#4234,#4256,#4257));
#4233 = ORIENTED_EDGE('',*,*,#4033,.F.);
#4234 = ORIENTED_EDGE('',*,*,#4235,.T.);
#4235 = EDGE_CURVE('',#4010,#3821,#4236,.T.);
#4236 = SURFACE_CURVE('',#4237,(#4242,#4249),.PCURVE_S1.);
#4237 = CIRCLE('',#4238,9.5);
#4238 = AXIS2_PLACEMENT_3D('',#4239,#4240,#4241);
#4239 = CARTESIAN_POINT('',(0.5,0.,0.));
#4240 = DIRECTION('',(1.,0.,0.));
#4241 = DIRECTION('',(0.,1.,0.));
#4242 = PCURVE('',#3860,#4243);
#4243 = DEFINITIONAL_REPRESENTATION('',(#4244),#4248);
#4244 = LINE('',#4245,#4246);
#4245 = CARTESIAN_POINT('',(0.,0.));
#4246 = VECTOR('',#4247,1.);
#4247 = DIRECTION('',(1.,0.));
#4248 = ( GEOMETRIC_REPRESENTATION_CONTEXT(2) 
PARAMETRIC_REPRESENTATION_CONTEXT() REPRESENTATION_CONTEXT('2D SPACE',''
  ) );
#4249 = PCURVE('',#3674,#4250);
#4250 = DEFINITIONAL_REPRESENTATION('',(#4251),#4255);
#4251 = LINE('',#4252,#4253);
#4252 = CARTESIAN_POINT('',(0.,1.25));
#4253 = VECTOR('',#4254,1.);
#4254 = DIRECTION('',(1.,0.));
#4255 = ( GEOMETRIC_REPRESENTATION_CONTEXT(2) 
PARAMETRIC_REPRESENTATION_CONTEXT() REPRESENTATION_CONTEXT('2D SPACE',''
  ) );
#4256 = ORIENTED_EDGE('',*,*,#3843,.T.);
#4257 = ORIENTED_EDGE('',*,*,#4130,.F.);
#4258 = ADVANCED_FACE('',(#4259),#3501,.T.);
#4259 = FACE_BOUND('',#4260,.F.);
#4260 = EDGE_LOOP('',(#4261,#4262,#4263,#4264,#4265,#4266));
#4261 = ORIENTED_EDGE('',*,*,#3930,.T.);
#4262 = ORIENTED_EDGE('',*,*,#3984,.F.);
#4263 = ORIENTED_EDGE('',*,*,#3484,.F.);
#4264 = ORIENTED_EDGE('',*,*,#3543,.F.);
#4265 = ORIENTED_EDGE('',*,*,#4180,.T.);
#4266 = ORIENTED_EDGE('',*,*,#4209,.T.);
#4267 = ADVANCED_FACE('',(#4268),#3674,.F.);
#4268 = FACE_BOUND('',#4269,.F.);
#4269 = EDGE_LOOP('',(#4270,#4271,#4272,#4273,#4274,#4275));
#4270 = ORIENTED_EDGE('',*,*,#3820,.T.);
#4271 = ORIENTED_EDGE('',*,*,#4235,.F.);
#4272 = ORIENTED_EDGE('',*,*,#4009,.F.);
#4273 = ORIENTED_EDGE('',*,*,#3658,.F.);
#4274 = ORIENTED_EDGE('',*,*,#3738,.T.);
#4275 = ORIENTED_EDGE('',*,*,#3793,.T.);
#4276 = ( GEOMETRIC_REPRESENTATION_CONTEXT(3) 
GLOBAL_UNCERTAINTY_ASSIGNED_CONTEXT((#4280)) 
GLOBAL_UNIT_ASSIGNED_CONTEXT((#4277,#4278,#4279)) REPRESENTATION_CONTEXT
('Context #1','3D Context with UNIT and UNCERTAINTY') );
#4277 = ( LENGTH_UNIT() NAMED_UNIT(*) SI_UNIT(.MILLI.,.METRE.) );
#4278 = ( NAMED_UNIT(*) PLANE_ANGLE_UNIT() SI_UNIT($,.RADIAN.) );
#4279 = ( NAMED_UNIT(*) SI_UNIT($,.STERADIAN.) SOLID_ANGLE_UNIT() );
#4280 = UNCERTAINTY_MEASURE_WITH_UNIT(LENGTH_MEASURE(2.E-06),#4277,
  'distance_accuracy_value','confusion accuracy');
#4281 = CONTEXT_DEPENDENT_SHAPE_REPRESENTATION(#4282,#4284);
#4282 = ( REPRESENTATION_RELATIONSHIP('','',#3273,#10) 
REPRESENTATION_RELATIONSHIP_WITH_TRANSFORMATION(#4283) 
SHAPE_REPRESENTATION_RELATIONSHIP() );
#4283 = ITEM_DEFINED_TRANSFORMATION('','',#11,#23);
#4284 = PRODUCT_DEFINITION_SHAPE('Placement','Placement of an item',
  #4285);
#4285 = NEXT_ASSEMBLY_USAGE_OCCURRENCE('291','Body004','',#5,#3268,$);
#4286 = PRODUCT_RELATED_PRODUCT_CATEGORY('part',$,(#3270));
#4287 = SHAPE_DEFINITION_REPRESENTATION(#4288,#4294);
#4288 = PRODUCT_DEFINITION_SHAPE('','',#4289);
#4289 = PRODUCT_DEFINITION('design','',#4290,#4293);
#4290 = PRODUCT_DEFINITION_FORMATION('','',#4291);
#4291 = PRODUCT('Body','Body','',(#4292));
#4292 = PRODUCT_CONTEXT('',#2,'mechanical');
#4293 = PRODUCT_DEFINITION_CONTEXT('part definition',#2,'design');
#4294 = ADVANCED_BREP_SHAPE_REPRESENTATION('',(#11,#4295),#6335);
#4295 = MANIFOLD_SOLID_BREP('',#4296);
#4296 = CLOSED_SHELL('',(#4297,#4419,#4559,#4664,#4772,#4800,#4853,#4903
    ,#4963,#5018,#5025,#5080,#5135,#5333,#5388,#5441,#5447,#5531,#5588,
    #5643,#5698,#5877,#5979,#6085,#6135,#6236,#6243,#6271,#6326));
#4297 = ADVANCED_FACE('',(#4298),#4312,.T.);
#4298 = FACE_BOUND('',#4299,.F.);
#4299 = EDGE_LOOP('',(#4300,#4335,#4364,#4392));
#4300 = ORIENTED_EDGE('',*,*,#4301,.T.);
#4301 = EDGE_CURVE('',#4302,#4304,#4306,.T.);
#4302 = VERTEX_POINT('',#4303);
#4303 = CARTESIAN_POINT('',(-2.5,3.579106033635,8.8));
#4304 = VERTEX_POINT('',#4305);
#4305 = CARTESIAN_POINT('',(-8.,3.579106033635,8.8));
#4306 = SURFACE_CURVE('',#4307,(#4311,#4323),.PCURVE_S1.);
#4307 = LINE('',#4308,#4309);
#4308 = CARTESIAN_POINT('',(-2.5,3.579106033635,8.8));
#4309 = VECTOR('',#4310,1.);
#4310 = DIRECTION('',(-1.,-0.,-0.));
#4311 = PCURVE('',#4312,#4317);
#4312 = CYLINDRICAL_SURFACE('',#4313,9.5);
#4313 = AXIS2_PLACEMENT_3D('',#4314,#4315,#4316);
#4314 = CARTESIAN_POINT('',(-8.,0.,0.));
#4315 = DIRECTION('',(1.,0.,0.));
#4316 = DIRECTION('',(0.,-1.,0.));
#4317 = DEFINITIONAL_REPRESENTATION('',(#4318),#4322);
#4318 = LINE('',#4319,#4320);
#4319 = CARTESIAN_POINT('',(-1.957079428091,5.5));
#4320 = VECTOR('',#4321,1.);
#4321 = DIRECTION('',(-0.,-1.));
#4322 = ( GEOMETRIC_REPRESENTATION_CONTEXT(2) 
PARAMETRIC_REPRESENTATION_CONTEXT() REPRESENTATION_CONTEXT('2D SPACE',''
  ) );
#4323 = PCURVE('',#4324,#4329);
#4324 = PLANE('',#4325);
#4325 = AXIS2_PLACEMENT_3D('',#4326,#4327,#4328);
#4326 = CARTESIAN_POINT('',(-2.5,3.579106033635,8.8));
#4327 = DIRECTION('',(0.,0.,1.));
#4328 = DIRECTION('',(0.,-1.,0.));
#4329 = DEFINITIONAL_REPRESENTATION('',(#4330),#4334);
#4330 = LINE('',#4331,#4332);
#4331 = CARTESIAN_POINT('',(0.,0.));
#4332 = VECTOR('',#4333,1.);
#4333 = DIRECTION('',(0.,-1.));
#4334 = ( GEOMETRIC_REPRESENTATION_CONTEXT(2) 
PARAMETRIC_REPRESENTATION_CONTEXT() REPRESENTATION_CONTEXT('2D SPACE',''
  ) );
#4335 = ORIENTED_EDGE('',*,*,#4336,.T.);
#4336 = EDGE_CURVE('',#4304,#4337,#4339,.T.);
#4337 = VERTEX_POINT('',#4338);
#4338 = CARTESIAN_POINT('',(-8.,3.579106033635,-8.8));
#4339 = SURFACE_CURVE('',#4340,(#4345,#4352),.PCURVE_S1.);
#4340 = CIRCLE('',#4341,9.5);
#4341 = AXIS2_PLACEMENT_3D('',#4342,#4343,#4344);
#4342 = CARTESIAN_POINT('',(-8.,0.,0.));
#4343 = DIRECTION('',(-1.,0.,0.));
#4344 = DIRECTION('',(0.,-1.,0.));
#4345 = PCURVE('',#4312,#4346);
#4346 = DEFINITIONAL_REPRESENTATION('',(#4347),#4351);
#4347 = LINE('',#4348,#4349);
#4348 = CARTESIAN_POINT('',(-0.,0.));
#4349 = VECTOR('',#4350,1.);
#4350 = DIRECTION('',(-1.,0.));
#4351 = ( GEOMETRIC_REPRESENTATION_CONTEXT(2) 
PARAMETRIC_REPRESENTATION_CONTEXT() REPRESENTATION_CONTEXT('2D SPACE',''
  ) );
#4352 = PCURVE('',#4353,#4358);
#4353 = CONICAL_SURFACE('',#4354,9.,0.785398163397);
#4354 = AXIS2_PLACEMENT_3D('',#4355,#4356,#4357);
#4355 = CARTESIAN_POINT('',(-8.5,0.,0.));
#4356 = DIRECTION('',(1.,0.,0.));
#4357 = DIRECTION('',(0.,-1.,0.));
#4358 = DEFINITIONAL_REPRESENTATION('',(#4359),#4363);
#4359 = LINE('',#4360,#4361);
#4360 = CARTESIAN_POINT('',(-0.,0.5));
#4361 = VECTOR('',#4362,1.);
#4362 = DIRECTION('',(-1.,0.));
#4363 = ( GEOMETRIC_REPRESENTATION_CONTEXT(2) 
PARAMETRIC_REPRESENTATION_CONTEXT() REPRESENTATION_CONTEXT('2D SPACE',''
  ) );
#4364 = ORIENTED_EDGE('',*,*,#4365,.F.);
#4365 = EDGE_CURVE('',#4366,#4337,#4368,.T.);
#4366 = VERTEX_POINT('',#4367);
#4367 = CARTESIAN_POINT('',(-2.5,3.579106033635,-8.8));
#4368 = SURFACE_CURVE('',#4369,(#4373,#4380),.PCURVE_S1.);
#4369 = LINE('',#4370,#4371);
#4370 = CARTESIAN_POINT('',(-2.5,3.579106033635,-8.8));
#4371 = VECTOR('',#4372,1.);
#4372 = DIRECTION('',(-1.,-0.,-0.));
#4373 = PCURVE('',#4312,#4374);
#4374 = DEFINITIONAL_REPRESENTATION('',(#4375),#4379);
#4375 = LINE('',#4376,#4377);
#4376 = CARTESIAN_POINT('',(-4.326105879089,5.5));
#4377 = VECTOR('',#4378,1.);
#4378 = DIRECTION('',(-0.,-1.));
#4379 = ( GEOMETRIC_REPRESENTATION_CONTEXT(2) 
PARAMETRIC_REPRESENTATION_CONTEXT() REPRESENTATION_CONTEXT('2D SPACE',''
  ) );
#4380 = PCURVE('',#4381,#4386);
#4381 = PLANE('',#4382);
#4382 = AXIS2_PLACEMENT_3D('',#4383,#4384,#4385);
#4383 = CARTESIAN_POINT('',(-2.5,3.579106033635,-8.8));
#4384 = DIRECTION('',(0.,0.,1.));
#4385 = DIRECTION('',(0.,-1.,0.));
#4386 = DEFINITIONAL_REPRESENTATION('',(#4387),#4391);
#4387 = LINE('',#4388,#4389);
#4388 = CARTESIAN_POINT('',(0.,0.));
#4389 = VECTOR('',#4390,1.);
#4390 = DIRECTION('',(0.,-1.));
#4391 = ( GEOMETRIC_REPRESENTATION_CONTEXT(2) 
PARAMETRIC_REPRESENTATION_CONTEXT() REPRESENTATION_CONTEXT('2D SPACE',''
  ) );
#4392 = ORIENTED_EDGE('',*,*,#4393,.F.);
#4393 = EDGE_CURVE('',#4302,#4366,#4394,.T.);
#4394 = SURFACE_CURVE('',#4395,(#4400,#4407),.PCURVE_S1.);
#4395 = CIRCLE('',#4396,9.5);
#4396 = AXIS2_PLACEMENT_3D('',#4397,#4398,#4399);
#4397 = CARTESIAN_POINT('',(-2.5,0.,0.));
#4398 = DIRECTION('',(-1.,0.,0.));
#4399 = DIRECTION('',(0.,-1.,0.));
#4400 = PCURVE('',#4312,#4401);
#4401 = DEFINITIONAL_REPRESENTATION('',(#4402),#4406);
#4402 = LINE('',#4403,#4404);
#4403 = CARTESIAN_POINT('',(-0.,5.5));
#4404 = VECTOR('',#4405,1.);
#4405 = DIRECTION('',(-1.,0.));
#4406 = ( GEOMETRIC_REPRESENTATION_CONTEXT(2) 
PARAMETRIC_REPRESENTATION_CONTEXT() REPRESENTATION_CONTEXT('2D SPACE',''
  ) );
#4407 = PCURVE('',#4408,#4413);
#4408 = PLANE('',#4409);
#4409 = AXIS2_PLACEMENT_3D('',#4410,#4411,#4412);
#4410 = CARTESIAN_POINT('',(-2.5,0.,0.));
#4411 = DIRECTION('',(-1.,-0.,-0.));
#4412 = DIRECTION('',(-0.,-1.,-0.));
#4413 = DEFINITIONAL_REPRESENTATION('',(#4414),#4418);
#4414 = CIRCLE('',#4415,9.5);
#4415 = AXIS2_PLACEMENT_2D('',#4416,#4417);
#4416 = CARTESIAN_POINT('',(0.,0.));
#4417 = DIRECTION('',(1.,-0.));
#4418 = ( GEOMETRIC_REPRESENTATION_CONTEXT(2) 
PARAMETRIC_REPRESENTATION_CONTEXT() REPRESENTATION_CONTEXT('2D SPACE',''
  ) );
#4419 = ADVANCED_FACE('',(#4420),#4324,.T.);
#4420 = FACE_BOUND('',#4421,.T.);
#4421 = EDGE_LOOP('',(#4422,#4445,#4446,#4473,#4501,#4533));
#4422 = ORIENTED_EDGE('',*,*,#4423,.F.);
#4423 = EDGE_CURVE('',#4302,#4424,#4426,.T.);
#4424 = VERTEX_POINT('',#4425);
#4425 = CARTESIAN_POINT('',(-2.5,-3.579106033635,8.8));
#4426 = SURFACE_CURVE('',#4427,(#4431,#4438),.PCURVE_S1.);
#4427 = LINE('',#4428,#4429);
#4428 = CARTESIAN_POINT('',(-2.5,3.579106033635,8.8));
#4429 = VECTOR('',#4430,1.);
#4430 = DIRECTION('',(0.,-1.,0.));
#4431 = PCURVE('',#4324,#4432);
#4432 = DEFINITIONAL_REPRESENTATION('',(#4433),#4437);
#4433 = LINE('',#4434,#4435);
#4434 = CARTESIAN_POINT('',(0.,0.));
#4435 = VECTOR('',#4436,1.);
#4436 = DIRECTION('',(1.,0.));
#4437 = ( GEOMETRIC_REPRESENTATION_CONTEXT(2) 
PARAMETRIC_REPRESENTATION_CONTEXT() REPRESENTATION_CONTEXT('2D SPACE',''
  ) );
#4438 = PCURVE('',#4408,#4439);
#4439 = DEFINITIONAL_REPRESENTATION('',(#4440),#4444);
#4440 = LINE('',#4441,#4442);
#4441 = CARTESIAN_POINT('',(-3.579106033635,8.8));
#4442 = VECTOR('',#4443,1.);
#4443 = DIRECTION('',(1.,-0.));
#4444 = ( GEOMETRIC_REPRESENTATION_CONTEXT(2) 
PARAMETRIC_REPRESENTATION_CONTEXT() REPRESENTATION_CONTEXT('2D SPACE',''
  ) );
#4445 = ORIENTED_EDGE('',*,*,#4301,.T.);
#4446 = ORIENTED_EDGE('',*,*,#4447,.F.);
#4447 = EDGE_CURVE('',#4448,#4304,#4450,.T.);
#4448 = VERTEX_POINT('',#4449);
#4449 = CARTESIAN_POINT('',(-8.5,1.886796226411,8.8));
#4450 = SURFACE_CURVE('',#4451,(#4456,#4463),.PCURVE_S1.);
#4451 = HYPERBOLA('',#4452,8.8,8.8);
#4452 = AXIS2_PLACEMENT_3D('',#4453,#4454,#4455);
#4453 = CARTESIAN_POINT('',(-17.5,0.,8.8));
#4454 = DIRECTION('',(0.,0.,1.));
#4455 = DIRECTION('',(1.,0.,0.));
#4456 = PCURVE('',#4324,#4457);
#4457 = DEFINITIONAL_REPRESENTATION('',(#4458),#4462);
#4458 = HYPERBOLA('',#4459,8.8,8.8);
#4459 = AXIS2_PLACEMENT_2D('',#4460,#4461);
#4460 = CARTESIAN_POINT('',(3.579106033635,-15.));
#4461 = DIRECTION('',(0.,1.));
#4462 = ( GEOMETRIC_REPRESENTATION_CONTEXT(2) 
PARAMETRIC_REPRESENTATION_CONTEXT() REPRESENTATION_CONTEXT('2D SPACE',''
  ) );
#4463 = PCURVE('',#4353,#4464);
#4464 = DEFINITIONAL_REPRESENTATION('',(#4465),#4472);
#4465 = B_SPLINE_CURVE_WITH_KNOTS('',5,(#4466,#4467,#4468,#4469,#4470,
    #4471),.UNSPECIFIED.,.F.,.F.,(6,6),(0.212798978092,0.396264276157),
  .PIECEWISE_BEZIER_KNOTS.);
#4466 = CARTESIAN_POINT('',(-1.782007207154,8.909545442951E-16));
#4467 = CARTESIAN_POINT('',(-1.817884865442,6.923232641327E-02));
#4468 = CARTESIAN_POINT('',(-1.853417553335,0.153611424191));
#4469 = CARTESIAN_POINT('',(-1.888513384546,0.253331557083));
#4470 = CARTESIAN_POINT('',(-1.923090067607,0.368671648947));
#4471 = CARTESIAN_POINT('',(-1.957079428091,0.5));
#4472 = ( GEOMETRIC_REPRESENTATION_CONTEXT(2) 
PARAMETRIC_REPRESENTATION_CONTEXT() REPRESENTATION_CONTEXT('2D SPACE',''
  ) );
#4473 = ORIENTED_EDGE('',*,*,#4474,.T.);
#4474 = EDGE_CURVE('',#4448,#4475,#4477,.T.);
#4475 = VERTEX_POINT('',#4476);
#4476 = CARTESIAN_POINT('',(-8.5,-1.886796226411,8.8));
#4477 = SURFACE_CURVE('',#4478,(#4482,#4489),.PCURVE_S1.);
#4478 = LINE('',#4479,#4480);
#4479 = CARTESIAN_POINT('',(-8.5,1.789553016817,8.8));
#4480 = VECTOR('',#4481,1.);
#4481 = DIRECTION('',(0.,-1.,0.));
#4482 = PCURVE('',#4324,#4483);
#4483 = DEFINITIONAL_REPRESENTATION('',(#4484),#4488);
#4484 = LINE('',#4485,#4486);
#4485 = CARTESIAN_POINT('',(1.789553016817,-6.));
#4486 = VECTOR('',#4487,1.);
#4487 = DIRECTION('',(1.,0.));
#4488 = ( GEOMETRIC_REPRESENTATION_CONTEXT(2) 
PARAMETRIC_REPRESENTATION_CONTEXT() REPRESENTATION_CONTEXT('2D SPACE',''
  ) );
#4489 = PCURVE('',#4490,#4495);
#4490 = PLANE('',#4491);
#4491 = AXIS2_PLACEMENT_3D('',#4492,#4493,#4494);
#4492 = CARTESIAN_POINT('',(-8.5,0.,0.));
#4493 = DIRECTION('',(-1.,-0.,-0.));
#4494 = DIRECTION('',(-0.,-1.,-0.));
#4495 = DEFINITIONAL_REPRESENTATION('',(#4496),#4500);
#4496 = LINE('',#4497,#4498);
#4497 = CARTESIAN_POINT('',(-1.789553016817,8.8));
#4498 = VECTOR('',#4499,1.);
#4499 = DIRECTION('',(1.,-0.));
#4500 = ( GEOMETRIC_REPRESENTATION_CONTEXT(2) 
PARAMETRIC_REPRESENTATION_CONTEXT() REPRESENTATION_CONTEXT('2D SPACE',''
  ) );
#4501 = ORIENTED_EDGE('',*,*,#4502,.F.);
#4502 = EDGE_CURVE('',#4503,#4475,#4505,.T.);
#4503 = VERTEX_POINT('',#4504);
#4504 = CARTESIAN_POINT('',(-8.,-3.579106033634,8.8));
#4505 = SURFACE_CURVE('',#4506,(#4511,#4518),.PCURVE_S1.);
#4506 = HYPERBOLA('',#4507,8.8,8.8);
#4507 = AXIS2_PLACEMENT_3D('',#4508,#4509,#4510);
#4508 = CARTESIAN_POINT('',(-17.5,0.,8.8));
#4509 = DIRECTION('',(0.,0.,1.));
#4510 = DIRECTION('',(1.,0.,0.));
#4511 = PCURVE('',#4324,#4512);
#4512 = DEFINITIONAL_REPRESENTATION('',(#4513),#4517);
#4513 = HYPERBOLA('',#4514,8.8,8.8);
#4514 = AXIS2_PLACEMENT_2D('',#4515,#4516);
#4515 = CARTESIAN_POINT('',(3.579106033635,-15.));
#4516 = DIRECTION('',(0.,1.));
#4517 = ( GEOMETRIC_REPRESENTATION_CONTEXT(2) 
PARAMETRIC_REPRESENTATION_CONTEXT() REPRESENTATION_CONTEXT('2D SPACE',''
  ) );
#4518 = PCURVE('',#4519,#4524);
#4519 = CONICAL_SURFACE('',#4520,9.,0.785398163397);
#4520 = AXIS2_PLACEMENT_3D('',#4521,#4522,#4523);
#4521 = CARTESIAN_POINT('',(-8.5,0.,0.));
#4522 = DIRECTION('',(1.,0.,0.));
#4523 = DIRECTION('',(0.,-1.,0.));
#4524 = DEFINITIONAL_REPRESENTATION('',(#4525),#4532);
#4525 = B_SPLINE_CURVE_WITH_KNOTS('',5,(#4526,#4527,#4528,#4529,#4530,
    #4531),.UNSPECIFIED.,.F.,.F.,(6,6),(-0.396264276157,-0.212798978092)
  ,.PIECEWISE_BEZIER_KNOTS.);
#4526 = CARTESIAN_POINT('',(-1.184513225499,0.5));
#4527 = CARTESIAN_POINT('',(-1.218502585983,0.368671648947));
#4528 = CARTESIAN_POINT('',(-1.253079269044,0.253331557083));
#4529 = CARTESIAN_POINT('',(-1.288175100254,0.153611424191));
#4530 = CARTESIAN_POINT('',(-1.323707788147,6.923232641327E-02));
#4531 = CARTESIAN_POINT('',(-1.359585446436,8.909545442951E-16));
#4532 = ( GEOMETRIC_REPRESENTATION_CONTEXT(2) 
PARAMETRIC_REPRESENTATION_CONTEXT() REPRESENTATION_CONTEXT('2D SPACE',''
  ) );
#4533 = ORIENTED_EDGE('',*,*,#4534,.F.);
#4534 = EDGE_CURVE('',#4424,#4503,#4535,.T.);
#4535 = SURFACE_CURVE('',#4536,(#4540,#4547),.PCURVE_S1.);
#4536 = LINE('',#4537,#4538);
#4537 = CARTESIAN_POINT('',(-2.5,-3.579106033635,8.8));
#4538 = VECTOR('',#4539,1.);
#4539 = DIRECTION('',(-1.,-0.,-0.));
#4540 = PCURVE('',#4324,#4541);
#4541 = DEFINITIONAL_REPRESENTATION('',(#4542),#4546);
#4542 = LINE('',#4543,#4544);
#4543 = CARTESIAN_POINT('',(7.158212067269,0.));
#4544 = VECTOR('',#4545,1.);
#4545 = DIRECTION('',(0.,-1.));
#4546 = ( GEOMETRIC_REPRESENTATION_CONTEXT(2) 
PARAMETRIC_REPRESENTATION_CONTEXT() REPRESENTATION_CONTEXT('2D SPACE',''
  ) );
#4547 = PCURVE('',#4548,#4553);
#4548 = CYLINDRICAL_SURFACE('',#4549,9.5);
#4549 = AXIS2_PLACEMENT_3D('',#4550,#4551,#4552);
#4550 = CARTESIAN_POINT('',(-8.,0.,0.));
#4551 = DIRECTION('',(1.,0.,0.));
#4552 = DIRECTION('',(0.,-1.,0.));
#4553 = DEFINITIONAL_REPRESENTATION('',(#4554),#4558);
#4554 = LINE('',#4555,#4556);
#4555 = CARTESIAN_POINT('',(-7.467698532679,5.5));
#4556 = VECTOR('',#4557,1.);
#4557 = DIRECTION('',(-0.,-1.));
#4558 = ( GEOMETRIC_REPRESENTATION_CONTEXT(2) 
PARAMETRIC_REPRESENTATION_CONTEXT() REPRESENTATION_CONTEXT('2D SPACE',''
  ) );
#4559 = ADVANCED_FACE('',(#4560,#4591),#4408,.T.);
#4560 = FACE_BOUND('',#4561,.T.);
#4561 = EDGE_LOOP('',(#4562));
#4562 = ORIENTED_EDGE('',*,*,#4563,.T.);
#4563 = EDGE_CURVE('',#4564,#4564,#4566,.T.);
#4564 = VERTEX_POINT('',#4565);
#4565 = CARTESIAN_POINT('',(-2.5,-10.65,0.));
#4566 = SURFACE_CURVE('',#4567,(#4572,#4579),.PCURVE_S1.);
#4567 = CIRCLE('',#4568,10.65);
#4568 = AXIS2_PLACEMENT_3D('',#4569,#4570,#4571);
#4569 = CARTESIAN_POINT('',(-2.5,0.,0.));
#4570 = DIRECTION('',(-1.,0.,0.));
#4571 = DIRECTION('',(0.,-1.,0.));
#4572 = PCURVE('',#4408,#4573);
#4573 = DEFINITIONAL_REPRESENTATION('',(#4574),#4578);
#4574 = CIRCLE('',#4575,10.65);
#4575 = AXIS2_PLACEMENT_2D('',#4576,#4577);
#4576 = CARTESIAN_POINT('',(0.,0.));
#4577 = DIRECTION('',(1.,-0.));
#4578 = ( GEOMETRIC_REPRESENTATION_CONTEXT(2) 
PARAMETRIC_REPRESENTATION_CONTEXT() REPRESENTATION_CONTEXT('2D SPACE',''
  ) );
#4579 = PCURVE('',#4580,#4585);
#4580 = CONICAL_SURFACE('',#4581,11.,0.785398163397);
#4581 = AXIS2_PLACEMENT_3D('',#4582,#4583,#4584);
#4582 = CARTESIAN_POINT('',(-2.15,0.,0.));
#4583 = DIRECTION('',(1.,0.,0.));
#4584 = DIRECTION('',(0.,-1.,0.));
#4585 = DEFINITIONAL_REPRESENTATION('',(#4586),#4590);
#4586 = LINE('',#4587,#4588);
#4587 = CARTESIAN_POINT('',(-0.,-0.35));
#4588 = VECTOR('',#4589,1.);
#4589 = DIRECTION('',(-1.,0.));
#4590 = ( GEOMETRIC_REPRESENTATION_CONTEXT(2) 
PARAMETRIC_REPRESENTATION_CONTEXT() REPRESENTATION_CONTEXT('2D SPACE',''
  ) );
#4591 = FACE_BOUND('',#4592,.F.);
#4592 = EDGE_LOOP('',(#4593,#4594,#4595,#4618,#4642));
#4593 = ORIENTED_EDGE('',*,*,#4423,.F.);
#4594 = ORIENTED_EDGE('',*,*,#4393,.T.);
#4595 = ORIENTED_EDGE('',*,*,#4596,.T.);
#4596 = EDGE_CURVE('',#4366,#4597,#4599,.T.);
#4597 = VERTEX_POINT('',#4598);
#4598 = CARTESIAN_POINT('',(-2.5,-3.579106033635,-8.8));
#4599 = SURFACE_CURVE('',#4600,(#4604,#4611),.PCURVE_S1.);
#4600 = LINE('',#4601,#4602);
#4601 = CARTESIAN_POINT('',(-2.5,3.579106033635,-8.8));
#4602 = VECTOR('',#4603,1.);
#4603 = DIRECTION('',(0.,-1.,0.));
#4604 = PCURVE('',#4408,#4605);
#4605 = DEFINITIONAL_REPRESENTATION('',(#4606),#4610);
#4606 = LINE('',#4607,#4608);
#4607 = CARTESIAN_POINT('',(-3.579106033635,-8.8));
#4608 = VECTOR('',#4609,1.);
#4609 = DIRECTION('',(1.,-0.));
#4610 = ( GEOMETRIC_REPRESENTATION_CONTEXT(2) 
PARAMETRIC_REPRESENTATION_CONTEXT() REPRESENTATION_CONTEXT('2D SPACE',''
  ) );
#4611 = PCURVE('',#4381,#4612);
#4612 = DEFINITIONAL_REPRESENTATION('',(#4613),#4617);
#4613 = LINE('',#4614,#4615);
#4614 = CARTESIAN_POINT('',(0.,0.));
#4615 = VECTOR('',#4616,1.);
#4616 = DIRECTION('',(1.,0.));
#4617 = ( GEOMETRIC_REPRESENTATION_CONTEXT(2) 
PARAMETRIC_REPRESENTATION_CONTEXT() REPRESENTATION_CONTEXT('2D SPACE',''
  ) );
#4618 = ORIENTED_EDGE('',*,*,#4619,.T.);
#4619 = EDGE_CURVE('',#4597,#4620,#4622,.T.);
#4620 = VERTEX_POINT('',#4621);
#4621 = CARTESIAN_POINT('',(-2.5,-9.5,0.));
#4622 = SURFACE_CURVE('',#4623,(#4628,#4635),.PCURVE_S1.);
#4623 = CIRCLE('',#4624,9.5);
#4624 = AXIS2_PLACEMENT_3D('',#4625,#4626,#4627);
#4625 = CARTESIAN_POINT('',(-2.5,0.,0.));
#4626 = DIRECTION('',(-1.,0.,0.));
#4627 = DIRECTION('',(0.,-1.,0.));
#4628 = PCURVE('',#4408,#4629);
#4629 = DEFINITIONAL_REPRESENTATION('',(#4630),#4634);
#4630 = CIRCLE('',#4631,9.5);
#4631 = AXIS2_PLACEMENT_2D('',#4632,#4633);
#4632 = CARTESIAN_POINT('',(0.,0.));
#4633 = DIRECTION('',(1.,-0.));
#4634 = ( GEOMETRIC_REPRESENTATION_CONTEXT(2) 
PARAMETRIC_REPRESENTATION_CONTEXT() REPRESENTATION_CONTEXT('2D SPACE',''
  ) );
#4635 = PCURVE('',#4548,#4636);
#4636 = DEFINITIONAL_REPRESENTATION('',(#4637),#4641);
#4637 = LINE('',#4638,#4639);
#4638 = CARTESIAN_POINT('',(-0.,5.5));
#4639 = VECTOR('',#4640,1.);
#4640 = DIRECTION('',(-1.,0.));
#4641 = ( GEOMETRIC_REPRESENTATION_CONTEXT(2) 
PARAMETRIC_REPRESENTATION_CONTEXT() REPRESENTATION_CONTEXT('2D SPACE',''
  ) );
#4642 = ORIENTED_EDGE('',*,*,#4643,.T.);
#4643 = EDGE_CURVE('',#4620,#4424,#4644,.T.);
#4644 = SURFACE_CURVE('',#4645,(#4650,#4657),.PCURVE_S1.);
#4645 = CIRCLE('',#4646,9.5);
#4646 = AXIS2_PLACEMENT_3D('',#4647,#4648,#4649);
#4647 = CARTESIAN_POINT('',(-2.5,0.,0.));
#4648 = DIRECTION('',(-1.,0.,0.));
#4649 = DIRECTION('',(0.,-1.,0.));
#4650 = PCURVE('',#4408,#4651);
#4651 = DEFINITIONAL_REPRESENTATION('',(#4652),#4656);
#4652 = CIRCLE('',#4653,9.5);
#4653 = AXIS2_PLACEMENT_2D('',#4654,#4655);
#4654 = CARTESIAN_POINT('',(0.,0.));
#4655 = DIRECTION('',(1.,-0.));
#4656 = ( GEOMETRIC_REPRESENTATION_CONTEXT(2) 
PARAMETRIC_REPRESENTATION_CONTEXT() REPRESENTATION_CONTEXT('2D SPACE',''
  ) );
#4657 = PCURVE('',#4548,#4658);
#4658 = DEFINITIONAL_REPRESENTATION('',(#4659),#4663);
#4659 = LINE('',#4660,#4661);
#4660 = CARTESIAN_POINT('',(-6.28318530718,5.5));
#4661 = VECTOR('',#4662,1.);
#4662 = DIRECTION('',(-1.,0.));
#4663 = ( GEOMETRIC_REPRESENTATION_CONTEXT(2) 
PARAMETRIC_REPRESENTATION_CONTEXT() REPRESENTATION_CONTEXT('2D SPACE',''
  ) );
#4664 = ADVANCED_FACE('',(#4665),#4381,.F.);
#4665 = FACE_BOUND('',#4666,.F.);
#4666 = EDGE_LOOP('',(#4667,#4668,#4669,#4696,#4719,#4751));
#4667 = ORIENTED_EDGE('',*,*,#4596,.F.);
#4668 = ORIENTED_EDGE('',*,*,#4365,.T.);
#4669 = ORIENTED_EDGE('',*,*,#4670,.F.);
#4670 = EDGE_CURVE('',#4671,#4337,#4673,.T.);
#4671 = VERTEX_POINT('',#4672);
#4672 = CARTESIAN_POINT('',(-8.5,1.886796226411,-8.8));
#4673 = SURFACE_CURVE('',#4674,(#4679,#4686),.PCURVE_S1.);
#4674 = HYPERBOLA('',#4675,8.8,8.8);
#4675 = AXIS2_PLACEMENT_3D('',#4676,#4677,#4678);
#4676 = CARTESIAN_POINT('',(-17.5,0.,-8.8));
#4677 = DIRECTION('',(0.,0.,1.));
#4678 = DIRECTION('',(1.,0.,0.));
#4679 = PCURVE('',#4381,#4680);
#4680 = DEFINITIONAL_REPRESENTATION('',(#4681),#4685);
#4681 = HYPERBOLA('',#4682,8.8,8.8);
#4682 = AXIS2_PLACEMENT_2D('',#4683,#4684);
#4683 = CARTESIAN_POINT('',(3.579106033635,-15.));
#4684 = DIRECTION('',(0.,1.));
#4685 = ( GEOMETRIC_REPRESENTATION_CONTEXT(2) 
PARAMETRIC_REPRESENTATION_CONTEXT() REPRESENTATION_CONTEXT('2D SPACE',''
  ) );
#4686 = PCURVE('',#4353,#4687);
#4687 = DEFINITIONAL_REPRESENTATION('',(#4688),#4695);
#4688 = B_SPLINE_CURVE_WITH_KNOTS('',5,(#4689,#4690,#4691,#4692,#4693,
    #4694),.UNSPECIFIED.,.F.,.F.,(6,6),(0.212798978092,0.396264276157),
  .PIECEWISE_BEZIER_KNOTS.);
#4689 = CARTESIAN_POINT('',(-4.501178100026,1.774838020778E-15));
#4690 = CARTESIAN_POINT('',(-4.465300441737,6.923232641327E-02));
#4691 = CARTESIAN_POINT('',(-4.429767753844,0.153611424191));
#4692 = CARTESIAN_POINT('',(-4.394671922634,0.253331557083));
#4693 = CARTESIAN_POINT('',(-4.360095239572,0.368671648947));
#4694 = CARTESIAN_POINT('',(-4.326105879089,0.5));
#4695 = ( GEOMETRIC_REPRESENTATION_CONTEXT(2) 
PARAMETRIC_REPRESENTATION_CONTEXT() REPRESENTATION_CONTEXT('2D SPACE',''
  ) );
#4696 = ORIENTED_EDGE('',*,*,#4697,.T.);
#4697 = EDGE_CURVE('',#4671,#4698,#4700,.T.);
#4698 = VERTEX_POINT('',#4699);
#4699 = CARTESIAN_POINT('',(-8.5,-1.886796226411,-8.8));
#4700 = SURFACE_CURVE('',#4701,(#4705,#4712),.PCURVE_S1.);
#4701 = LINE('',#4702,#4703);
#4702 = CARTESIAN_POINT('',(-8.5,1.789553016817,-8.8));
#4703 = VECTOR('',#4704,1.);
#4704 = DIRECTION('',(0.,-1.,0.));
#4705 = PCURVE('',#4381,#4706);
#4706 = DEFINITIONAL_REPRESENTATION('',(#4707),#4711);
#4707 = LINE('',#4708,#4709);
#4708 = CARTESIAN_POINT('',(1.789553016817,-6.));
#4709 = VECTOR('',#4710,1.);
#4710 = DIRECTION('',(1.,0.));
#4711 = ( GEOMETRIC_REPRESENTATION_CONTEXT(2) 
PARAMETRIC_REPRESENTATION_CONTEXT() REPRESENTATION_CONTEXT('2D SPACE',''
  ) );
#4712 = PCURVE('',#4490,#4713);
#4713 = DEFINITIONAL_REPRESENTATION('',(#4714),#4718);
#4714 = LINE('',#4715,#4716);
#4715 = CARTESIAN_POINT('',(-1.789553016817,-8.8));
#4716 = VECTOR('',#4717,1.);
#4717 = DIRECTION('',(1.,-0.));
#4718 = ( GEOMETRIC_REPRESENTATION_CONTEXT(2) 
PARAMETRIC_REPRESENTATION_CONTEXT() REPRESENTATION_CONTEXT('2D SPACE',''
  ) );
#4719 = ORIENTED_EDGE('',*,*,#4720,.F.);
#4720 = EDGE_CURVE('',#4721,#4698,#4723,.T.);
#4721 = VERTEX_POINT('',#4722);
#4722 = CARTESIAN_POINT('',(-8.,-3.579106033634,-8.8));
#4723 = SURFACE_CURVE('',#4724,(#4729,#4736),.PCURVE_S1.);
#4724 = HYPERBOLA('',#4725,8.8,8.8);
#4725 = AXIS2_PLACEMENT_3D('',#4726,#4727,#4728);
#4726 = CARTESIAN_POINT('',(-17.5,0.,-8.8));
#4727 = DIRECTION('',(0.,0.,1.));
#4728 = DIRECTION('',(1.,0.,0.));
#4729 = PCURVE('',#4381,#4730);
#4730 = DEFINITIONAL_REPRESENTATION('',(#4731),#4735);
#4731 = HYPERBOLA('',#4732,8.8,8.8);
#4732 = AXIS2_PLACEMENT_2D('',#4733,#4734);
#4733 = CARTESIAN_POINT('',(3.579106033635,-15.));
#4734 = DIRECTION('',(0.,1.));
#4735 = ( GEOMETRIC_REPRESENTATION_CONTEXT(2) 
PARAMETRIC_REPRESENTATION_CONTEXT() REPRESENTATION_CONTEXT('2D SPACE',''
  ) );
#4736 = PCURVE('',#4737,#4742);
#4737 = CONICAL_SURFACE('',#4738,9.,0.785398163397);
#4738 = AXIS2_PLACEMENT_3D('',#4739,#4740,#4741);
#4739 = CARTESIAN_POINT('',(-8.5,0.,0.));
#4740 = DIRECTION('',(1.,0.,0.));
#4741 = DIRECTION('',(0.,-1.,0.));
#4742 = DEFINITIONAL_REPRESENTATION('',(#4743),#4750);
#4743 = B_SPLINE_CURVE_WITH_KNOTS('',5,(#4744,#4745,#4746,#4747,#4748,
    #4749),.UNSPECIFIED.,.F.,.F.,(6,6),(-0.396264276157,-0.212798978092)
  ,.PIECEWISE_BEZIER_KNOTS.);
#4744 = CARTESIAN_POINT('',(-5.098672081681,0.5));
#4745 = CARTESIAN_POINT('',(-5.064682721197,0.368671648947));
#4746 = CARTESIAN_POINT('',(-5.030106038136,0.253331557083));
#4747 = CARTESIAN_POINT('',(-4.995010206925,0.153611424191));
#4748 = CARTESIAN_POINT('',(-4.959477519032,6.923232641327E-02));
#4749 = CARTESIAN_POINT('',(-4.923599860744,8.909545442951E-16));
#4750 = ( GEOMETRIC_REPRESENTATION_CONTEXT(2) 
PARAMETRIC_REPRESENTATION_CONTEXT() REPRESENTATION_CONTEXT('2D SPACE',''
  ) );
#4751 = ORIENTED_EDGE('',*,*,#4752,.F.);
#4752 = EDGE_CURVE('',#4597,#4721,#4753,.T.);
#4753 = SURFACE_CURVE('',#4754,(#4758,#4765),.PCURVE_S1.);
#4754 = LINE('',#4755,#4756);
#4755 = CARTESIAN_POINT('',(-2.5,-3.579106033635,-8.8));
#4756 = VECTOR('',#4757,1.);
#4757 = DIRECTION('',(-1.,-0.,-0.));
#4758 = PCURVE('',#4381,#4759);
#4759 = DEFINITIONAL_REPRESENTATION('',(#4760),#4764);
#4760 = LINE('',#4761,#4762);
#4761 = CARTESIAN_POINT('',(7.158212067269,0.));
#4762 = VECTOR('',#4763,1.);
#4763 = DIRECTION('',(0.,-1.));
#4764 = ( GEOMETRIC_REPRESENTATION_CONTEXT(2) 
PARAMETRIC_REPRESENTATION_CONTEXT() REPRESENTATION_CONTEXT('2D SPACE',''
  ) );
#4765 = PCURVE('',#4548,#4766);
#4766 = DEFINITIONAL_REPRESENTATION('',(#4767),#4771);
#4767 = LINE('',#4768,#4769);
#4768 = CARTESIAN_POINT('',(-5.098672081681,5.5));
#4769 = VECTOR('',#4770,1.);
#4770 = DIRECTION('',(-0.,-1.));
#4771 = ( GEOMETRIC_REPRESENTATION_CONTEXT(2) 
PARAMETRIC_REPRESENTATION_CONTEXT() REPRESENTATION_CONTEXT('2D SPACE',''
  ) );
#4772 = ADVANCED_FACE('',(#4773),#4353,.T.);
#4773 = FACE_BOUND('',#4774,.F.);
#4774 = EDGE_LOOP('',(#4775,#4776,#4798,#4799));
#4775 = ORIENTED_EDGE('',*,*,#4447,.F.);
#4776 = ORIENTED_EDGE('',*,*,#4777,.T.);
#4777 = EDGE_CURVE('',#4448,#4671,#4778,.T.);
#4778 = SURFACE_CURVE('',#4779,(#4784,#4791),.PCURVE_S1.);
#4779 = CIRCLE('',#4780,9.);
#4780 = AXIS2_PLACEMENT_3D('',#4781,#4782,#4783);
#4781 = CARTESIAN_POINT('',(-8.5,0.,0.));
#4782 = DIRECTION('',(-1.,0.,0.));
#4783 = DIRECTION('',(0.,-1.,0.));
#4784 = PCURVE('',#4353,#4785);
#4785 = DEFINITIONAL_REPRESENTATION('',(#4786),#4790);
#4786 = LINE('',#4787,#4788);
#4787 = CARTESIAN_POINT('',(-0.,0.));
#4788 = VECTOR('',#4789,1.);
#4789 = DIRECTION('',(-1.,0.));
#4790 = ( GEOMETRIC_REPRESENTATION_CONTEXT(2) 
PARAMETRIC_REPRESENTATION_CONTEXT() REPRESENTATION_CONTEXT('2D SPACE',''
  ) );
#4791 = PCURVE('',#4490,#4792);
#4792 = DEFINITIONAL_REPRESENTATION('',(#4793),#4797);
#4793 = CIRCLE('',#4794,9.);
#4794 = AXIS2_PLACEMENT_2D('',#4795,#4796);
#4795 = CARTESIAN_POINT('',(0.,0.));
#4796 = DIRECTION('',(1.,-0.));
#4797 = ( GEOMETRIC_REPRESENTATION_CONTEXT(2) 
PARAMETRIC_REPRESENTATION_CONTEXT() REPRESENTATION_CONTEXT('2D SPACE',''
  ) );
#4798 = ORIENTED_EDGE('',*,*,#4670,.T.);
#4799 = ORIENTED_EDGE('',*,*,#4336,.F.);
#4800 = ADVANCED_FACE('',(#4801),#4548,.T.);
#4801 = FACE_BOUND('',#4802,.F.);
#4802 = EDGE_LOOP('',(#4803,#4804,#4828,#4850,#4851,#4852));
#4803 = ORIENTED_EDGE('',*,*,#4752,.T.);
#4804 = ORIENTED_EDGE('',*,*,#4805,.T.);
#4805 = EDGE_CURVE('',#4721,#4806,#4808,.T.);
#4806 = VERTEX_POINT('',#4807);
#4807 = CARTESIAN_POINT('',(-8.,-9.5,0.));
#4808 = SURFACE_CURVE('',#4809,(#4814,#4821),.PCURVE_S1.);
#4809 = CIRCLE('',#4810,9.5);
#4810 = AXIS2_PLACEMENT_3D('',#4811,#4812,#4813);
#4811 = CARTESIAN_POINT('',(-8.,0.,0.));
#4812 = DIRECTION('',(-1.,0.,0.));
#4813 = DIRECTION('',(0.,-1.,0.));
#4814 = PCURVE('',#4548,#4815);
#4815 = DEFINITIONAL_REPRESENTATION('',(#4816),#4820);
#4816 = LINE('',#4817,#4818);
#4817 = CARTESIAN_POINT('',(-0.,0.));
#4818 = VECTOR('',#4819,1.);
#4819 = DIRECTION('',(-1.,0.));
#4820 = ( GEOMETRIC_REPRESENTATION_CONTEXT(2) 
PARAMETRIC_REPRESENTATION_CONTEXT() REPRESENTATION_CONTEXT('2D SPACE',''
  ) );
#4821 = PCURVE('',#4737,#4822);
#4822 = DEFINITIONAL_REPRESENTATION('',(#4823),#4827);
#4823 = LINE('',#4824,#4825);
#4824 = CARTESIAN_POINT('',(-0.,0.5));
#4825 = VECTOR('',#4826,1.);
#4826 = DIRECTION('',(-1.,0.));
#4827 = ( GEOMETRIC_REPRESENTATION_CONTEXT(2) 
PARAMETRIC_REPRESENTATION_CONTEXT() REPRESENTATION_CONTEXT('2D SPACE',''
  ) );
#4828 = ORIENTED_EDGE('',*,*,#4829,.T.);
#4829 = EDGE_CURVE('',#4806,#4503,#4830,.T.);
#4830 = SURFACE_CURVE('',#4831,(#4836,#4843),.PCURVE_S1.);
#4831 = CIRCLE('',#4832,9.5);
#4832 = AXIS2_PLACEMENT_3D('',#4833,#4834,#4835);
#4833 = CARTESIAN_POINT('',(-8.,0.,0.));
#4834 = DIRECTION('',(-1.,0.,0.));
#4835 = DIRECTION('',(0.,-1.,0.));
#4836 = PCURVE('',#4548,#4837);
#4837 = DEFINITIONAL_REPRESENTATION('',(#4838),#4842);
#4838 = LINE('',#4839,#4840);
#4839 = CARTESIAN_POINT('',(-6.28318530718,0.));
#4840 = VECTOR('',#4841,1.);
#4841 = DIRECTION('',(-1.,0.));
#4842 = ( GEOMETRIC_REPRESENTATION_CONTEXT(2) 
PARAMETRIC_REPRESENTATION_CONTEXT() REPRESENTATION_CONTEXT('2D SPACE',''
  ) );
#4843 = PCURVE('',#4519,#4844);
#4844 = DEFINITIONAL_REPRESENTATION('',(#4845),#4849);
#4845 = LINE('',#4846,#4847);
#4846 = CARTESIAN_POINT('',(-0.,0.5));
#4847 = VECTOR('',#4848,1.);
#4848 = DIRECTION('',(-1.,0.));
#4849 = ( GEOMETRIC_REPRESENTATION_CONTEXT(2) 
PARAMETRIC_REPRESENTATION_CONTEXT() REPRESENTATION_CONTEXT('2D SPACE',''
  ) );
#4850 = ORIENTED_EDGE('',*,*,#4534,.F.);
#4851 = ORIENTED_EDGE('',*,*,#4643,.F.);
#4852 = ORIENTED_EDGE('',*,*,#4619,.F.);
#4853 = ADVANCED_FACE('',(#4854),#4519,.T.);
#4854 = FACE_BOUND('',#4855,.F.);
#4855 = EDGE_LOOP('',(#4856,#4879,#4901,#4902));
#4856 = ORIENTED_EDGE('',*,*,#4857,.F.);
#4857 = EDGE_CURVE('',#4858,#4806,#4860,.T.);
#4858 = VERTEX_POINT('',#4859);
#4859 = CARTESIAN_POINT('',(-8.5,-9.,0.));
#4860 = SURFACE_CURVE('',#4861,(#4865,#4872),.PCURVE_S1.);
#4861 = LINE('',#4862,#4863);
#4862 = CARTESIAN_POINT('',(-8.5,-9.,0.));
#4863 = VECTOR('',#4864,1.);
#4864 = DIRECTION('',(0.707106781187,-0.707106781187,0.));
#4865 = PCURVE('',#4519,#4866);
#4866 = DEFINITIONAL_REPRESENTATION('',(#4867),#4871);
#4867 = LINE('',#4868,#4869);
#4868 = CARTESIAN_POINT('',(-0.,0.));
#4869 = VECTOR('',#4870,1.);
#4870 = DIRECTION('',(-0.,1.));
#4871 = ( GEOMETRIC_REPRESENTATION_CONTEXT(2) 
PARAMETRIC_REPRESENTATION_CONTEXT() REPRESENTATION_CONTEXT('2D SPACE',''
  ) );
#4872 = PCURVE('',#4737,#4873);
#4873 = DEFINITIONAL_REPRESENTATION('',(#4874),#4878);
#4874 = LINE('',#4875,#4876);
#4875 = CARTESIAN_POINT('',(-6.28318530718,0.));
#4876 = VECTOR('',#4877,1.);
#4877 = DIRECTION('',(-0.,1.));
#4878 = ( GEOMETRIC_REPRESENTATION_CONTEXT(2) 
PARAMETRIC_REPRESENTATION_CONTEXT() REPRESENTATION_CONTEXT('2D SPACE',''
  ) );
#4879 = ORIENTED_EDGE('',*,*,#4880,.T.);
#4880 = EDGE_CURVE('',#4858,#4475,#4881,.T.);
#4881 = SURFACE_CURVE('',#4882,(#4887,#4894),.PCURVE_S1.);
#4882 = CIRCLE('',#4883,9.);
#4883 = AXIS2_PLACEMENT_3D('',#4884,#4885,#4886);
#4884 = CARTESIAN_POINT('',(-8.5,0.,0.));
#4885 = DIRECTION('',(-1.,0.,0.));
#4886 = DIRECTION('',(0.,-1.,0.));
#4887 = PCURVE('',#4519,#4888);
#4888 = DEFINITIONAL_REPRESENTATION('',(#4889),#4893);
#4889 = LINE('',#4890,#4891);
#4890 = CARTESIAN_POINT('',(-0.,0.));
#4891 = VECTOR('',#4892,1.);
#4892 = DIRECTION('',(-1.,0.));
#4893 = ( GEOMETRIC_REPRESENTATION_CONTEXT(2) 
PARAMETRIC_REPRESENTATION_CONTEXT() REPRESENTATION_CONTEXT('2D SPACE',''
  ) );
#4894 = PCURVE('',#4490,#4895);
#4895 = DEFINITIONAL_REPRESENTATION('',(#4896),#4900);
#4896 = CIRCLE('',#4897,9.);
#4897 = AXIS2_PLACEMENT_2D('',#4898,#4899);
#4898 = CARTESIAN_POINT('',(0.,0.));
#4899 = DIRECTION('',(1.,-0.));
#4900 = ( GEOMETRIC_REPRESENTATION_CONTEXT(2) 
PARAMETRIC_REPRESENTATION_CONTEXT() REPRESENTATION_CONTEXT('2D SPACE',''
  ) );
#4901 = ORIENTED_EDGE('',*,*,#4502,.F.);
#4902 = ORIENTED_EDGE('',*,*,#4829,.F.);
#4903 = ADVANCED_FACE('',(#4904,#4932),#4490,.T.);
#4904 = FACE_BOUND('',#4905,.F.);
#4905 = EDGE_LOOP('',(#4906,#4907,#4929,#4930,#4931));
#4906 = ORIENTED_EDGE('',*,*,#4880,.F.);
#4907 = ORIENTED_EDGE('',*,*,#4908,.F.);
#4908 = EDGE_CURVE('',#4698,#4858,#4909,.T.);
#4909 = SURFACE_CURVE('',#4910,(#4915,#4922),.PCURVE_S1.);
#4910 = CIRCLE('',#4911,9.);
#4911 = AXIS2_PLACEMENT_3D('',#4912,#4913,#4914);
#4912 = CARTESIAN_POINT('',(-8.5,0.,0.));
#4913 = DIRECTION('',(-1.,0.,0.));
#4914 = DIRECTION('',(0.,-1.,0.));
#4915 = PCURVE('',#4490,#4916);
#4916 = DEFINITIONAL_REPRESENTATION('',(#4917),#4921);
#4917 = CIRCLE('',#4918,9.);
#4918 = AXIS2_PLACEMENT_2D('',#4919,#4920);
#4919 = CARTESIAN_POINT('',(0.,0.));
#4920 = DIRECTION('',(1.,-0.));
#4921 = ( GEOMETRIC_REPRESENTATION_CONTEXT(2) 
PARAMETRIC_REPRESENTATION_CONTEXT() REPRESENTATION_CONTEXT('2D SPACE',''
  ) );
#4922 = PCURVE('',#4737,#4923);
#4923 = DEFINITIONAL_REPRESENTATION('',(#4924),#4928);
#4924 = LINE('',#4925,#4926);
#4925 = CARTESIAN_POINT('',(-0.,0.));
#4926 = VECTOR('',#4927,1.);
#4927 = DIRECTION('',(-1.,0.));
#4928 = ( GEOMETRIC_REPRESENTATION_CONTEXT(2) 
PARAMETRIC_REPRESENTATION_CONTEXT() REPRESENTATION_CONTEXT('2D SPACE',''
  ) );
#4929 = ORIENTED_EDGE('',*,*,#4697,.F.);
#4930 = ORIENTED_EDGE('',*,*,#4777,.F.);
#4931 = ORIENTED_EDGE('',*,*,#4474,.T.);
#4932 = FACE_BOUND('',#4933,.F.);
#4933 = EDGE_LOOP('',(#4934));
#4934 = ORIENTED_EDGE('',*,*,#4935,.T.);
#4935 = EDGE_CURVE('',#4936,#4936,#4938,.T.);
#4936 = VERTEX_POINT('',#4937);
#4937 = CARTESIAN_POINT('',(-8.5,-8.25,0.));
#4938 = SURFACE_CURVE('',#4939,(#4944,#4951),.PCURVE_S1.);
#4939 = CIRCLE('',#4940,8.25);
#4940 = AXIS2_PLACEMENT_3D('',#4941,#4942,#4943);
#4941 = CARTESIAN_POINT('',(-8.5,0.,0.));
#4942 = DIRECTION('',(-1.,0.,0.));
#4943 = DIRECTION('',(0.,-1.,0.));
#4944 = PCURVE('',#4490,#4945);
#4945 = DEFINITIONAL_REPRESENTATION('',(#4946),#4950);
#4946 = CIRCLE('',#4947,8.25);
#4947 = AXIS2_PLACEMENT_2D('',#4948,#4949);
#4948 = CARTESIAN_POINT('',(0.,0.));
#4949 = DIRECTION('',(1.,-0.));
#4950 = ( GEOMETRIC_REPRESENTATION_CONTEXT(2) 
PARAMETRIC_REPRESENTATION_CONTEXT() REPRESENTATION_CONTEXT('2D SPACE',''
  ) );
#4951 = PCURVE('',#4952,#4957);
#4952 = CONICAL_SURFACE('',#4953,8.25,0.785398163397);
#4953 = AXIS2_PLACEMENT_3D('',#4954,#4955,#4956);
#4954 = CARTESIAN_POINT('',(-8.5,0.,0.));
#4955 = DIRECTION('',(-1.,-0.,-0.));
#4956 = DIRECTION('',(0.,-1.,0.));
#4957 = DEFINITIONAL_REPRESENTATION('',(#4958),#4962);
#4958 = LINE('',#4959,#4960);
#4959 = CARTESIAN_POINT('',(0.,-0.));
#4960 = VECTOR('',#4961,1.);
#4961 = DIRECTION('',(1.,-0.));
#4962 = ( GEOMETRIC_REPRESENTATION_CONTEXT(2) 
PARAMETRIC_REPRESENTATION_CONTEXT() REPRESENTATION_CONTEXT('2D SPACE',''
  ) );
#4963 = ADVANCED_FACE('',(#4964),#4580,.T.);
#4964 = FACE_BOUND('',#4965,.F.);
#4965 = EDGE_LOOP('',(#4966,#4989,#4990,#4991));
#4966 = ORIENTED_EDGE('',*,*,#4967,.F.);
#4967 = EDGE_CURVE('',#4564,#4968,#4970,.T.);
#4968 = VERTEX_POINT('',#4969);
#4969 = CARTESIAN_POINT('',(-2.15,-11.,0.));
#4970 = SEAM_CURVE('',#4971,(#4975,#4982),.PCURVE_S1.);
#4971 = LINE('',#4972,#4973);
#4972 = CARTESIAN_POINT('',(-2.15,-11.,0.));
#4973 = VECTOR('',#4974,1.);
#4974 = DIRECTION('',(0.707106781187,-0.707106781187,0.));
#4975 = PCURVE('',#4580,#4976);
#4976 = DEFINITIONAL_REPRESENTATION('',(#4977),#4981);
#4977 = LINE('',#4978,#4979);
#4978 = CARTESIAN_POINT('',(-0.,0.));
#4979 = VECTOR('',#4980,1.);
#4980 = DIRECTION('',(-0.,1.));
#4981 = ( GEOMETRIC_REPRESENTATION_CONTEXT(2) 
PARAMETRIC_REPRESENTATION_CONTEXT() REPRESENTATION_CONTEXT('2D SPACE',''
  ) );
#4982 = PCURVE('',#4580,#4983);
#4983 = DEFINITIONAL_REPRESENTATION('',(#4984),#4988);
#4984 = LINE('',#4985,#4986);
#4985 = CARTESIAN_POINT('',(-6.28318530718,0.));
#4986 = VECTOR('',#4987,1.);
#4987 = DIRECTION('',(-0.,1.));
#4988 = ( GEOMETRIC_REPRESENTATION_CONTEXT(2) 
PARAMETRIC_REPRESENTATION_CONTEXT() REPRESENTATION_CONTEXT('2D SPACE',''
  ) );
#4989 = ORIENTED_EDGE('',*,*,#4563,.T.);
#4990 = ORIENTED_EDGE('',*,*,#4967,.T.);
#4991 = ORIENTED_EDGE('',*,*,#4992,.F.);
#4992 = EDGE_CURVE('',#4968,#4968,#4993,.T.);
#4993 = SURFACE_CURVE('',#4994,(#4999,#5006),.PCURVE_S1.);
#4994 = CIRCLE('',#4995,11.);
#4995 = AXIS2_PLACEMENT_3D('',#4996,#4997,#4998);
#4996 = CARTESIAN_POINT('',(-2.15,0.,0.));
#4997 = DIRECTION('',(-1.,0.,0.));
#4998 = DIRECTION('',(0.,-1.,0.));
#4999 = PCURVE('',#4580,#5000);
#5000 = DEFINITIONAL_REPRESENTATION('',(#5001),#5005);
#5001 = LINE('',#5002,#5003);
#5002 = CARTESIAN_POINT('',(-0.,0.));
#5003 = VECTOR('',#5004,1.);
#5004 = DIRECTION('',(-1.,0.));
#5005 = ( GEOMETRIC_REPRESENTATION_CONTEXT(2) 
PARAMETRIC_REPRESENTATION_CONTEXT() REPRESENTATION_CONTEXT('2D SPACE',''
  ) );
#5006 = PCURVE('',#5007,#5012);
#5007 = CYLINDRICAL_SURFACE('',#5008,11.);
#5008 = AXIS2_PLACEMENT_3D('',#5009,#5010,#5011);
#5009 = CARTESIAN_POINT('',(-2.5,0.,0.));
#5010 = DIRECTION('',(1.,0.,0.));
#5011 = DIRECTION('',(0.,-1.,0.));
#5012 = DEFINITIONAL_REPRESENTATION('',(#5013),#5017);
#5013 = LINE('',#5014,#5015);
#5014 = CARTESIAN_POINT('',(-0.,0.35));
#5015 = VECTOR('',#5016,1.);
#5016 = DIRECTION('',(-1.,0.));
#5017 = ( GEOMETRIC_REPRESENTATION_CONTEXT(2) 
PARAMETRIC_REPRESENTATION_CONTEXT() REPRESENTATION_CONTEXT('2D SPACE',''
  ) );
#5018 = ADVANCED_FACE('',(#5019),#4737,.T.);
#5019 = FACE_BOUND('',#5020,.F.);
#5020 = EDGE_LOOP('',(#5021,#5022,#5023,#5024));
#5021 = ORIENTED_EDGE('',*,*,#4908,.T.);
#5022 = ORIENTED_EDGE('',*,*,#4857,.T.);
#5023 = ORIENTED_EDGE('',*,*,#4805,.F.);
#5024 = ORIENTED_EDGE('',*,*,#4720,.T.);
#5025 = ADVANCED_FACE('',(#5026),#4952,.F.);
#5026 = FACE_BOUND('',#5027,.T.);
#5027 = EDGE_LOOP('',(#5028,#5051,#5052,#5053));
#5028 = ORIENTED_EDGE('',*,*,#5029,.F.);
#5029 = EDGE_CURVE('',#4936,#5030,#5032,.T.);
#5030 = VERTEX_POINT('',#5031);
#5031 = CARTESIAN_POINT('',(-8.25,-8.,1.E-15));
#5032 = SEAM_CURVE('',#5033,(#5037,#5044),.PCURVE_S1.);
#5033 = LINE('',#5034,#5035);
#5034 = CARTESIAN_POINT('',(-8.5,-8.25,0.));
#5035 = VECTOR('',#5036,1.);
#5036 = DIRECTION('',(0.707106781187,0.707106781187,0.));
#5037 = PCURVE('',#4952,#5038);
#5038 = DEFINITIONAL_REPRESENTATION('',(#5039),#5043);
#5039 = LINE('',#5040,#5041);
#5040 = CARTESIAN_POINT('',(0.,-0.));
#5041 = VECTOR('',#5042,1.);
#5042 = DIRECTION('',(0.,-1.));
#5043 = ( GEOMETRIC_REPRESENTATION_CONTEXT(2) 
PARAMETRIC_REPRESENTATION_CONTEXT() REPRESENTATION_CONTEXT('2D SPACE',''
  ) );
#5044 = PCURVE('',#4952,#5045);
#5045 = DEFINITIONAL_REPRESENTATION('',(#5046),#5050);
#5046 = LINE('',#5047,#5048);
#5047 = CARTESIAN_POINT('',(6.28318530718,-0.));
#5048 = VECTOR('',#5049,1.);
#5049 = DIRECTION('',(0.,-1.));
#5050 = ( GEOMETRIC_REPRESENTATION_CONTEXT(2) 
PARAMETRIC_REPRESENTATION_CONTEXT() REPRESENTATION_CONTEXT('2D SPACE',''
  ) );
#5051 = ORIENTED_EDGE('',*,*,#4935,.T.);
#5052 = ORIENTED_EDGE('',*,*,#5029,.T.);
#5053 = ORIENTED_EDGE('',*,*,#5054,.F.);
#5054 = EDGE_CURVE('',#5030,#5030,#5055,.T.);
#5055 = SURFACE_CURVE('',#5056,(#5061,#5068),.PCURVE_S1.);
#5056 = CIRCLE('',#5057,8.);
#5057 = AXIS2_PLACEMENT_3D('',#5058,#5059,#5060);
#5058 = CARTESIAN_POINT('',(-8.25,0.,0.));
#5059 = DIRECTION('',(-1.,0.,0.));
#5060 = DIRECTION('',(0.,-1.,0.));
#5061 = PCURVE('',#4952,#5062);
#5062 = DEFINITIONAL_REPRESENTATION('',(#5063),#5067);
#5063 = LINE('',#5064,#5065);
#5064 = CARTESIAN_POINT('',(0.,-0.25));
#5065 = VECTOR('',#5066,1.);
#5066 = DIRECTION('',(1.,-0.));
#5067 = ( GEOMETRIC_REPRESENTATION_CONTEXT(2) 
PARAMETRIC_REPRESENTATION_CONTEXT() REPRESENTATION_CONTEXT('2D SPACE',''
  ) );
#5068 = PCURVE('',#5069,#5074);
#5069 = CYLINDRICAL_SURFACE('',#5070,8.);
#5070 = AXIS2_PLACEMENT_3D('',#5071,#5072,#5073);
#5071 = CARTESIAN_POINT('',(6.5,0.,0.));
#5072 = DIRECTION('',(-1.,-0.,-0.));
#5073 = DIRECTION('',(0.,-1.,0.));
#5074 = DEFINITIONAL_REPRESENTATION('',(#5075),#5079);
#5075 = LINE('',#5076,#5077);
#5076 = CARTESIAN_POINT('',(0.,14.75));
#5077 = VECTOR('',#5078,1.);
#5078 = DIRECTION('',(1.,0.));
#5079 = ( GEOMETRIC_REPRESENTATION_CONTEXT(2) 
PARAMETRIC_REPRESENTATION_CONTEXT() REPRESENTATION_CONTEXT('2D SPACE',''
  ) );
#5080 = ADVANCED_FACE('',(#5081),#5007,.T.);
#5081 = FACE_BOUND('',#5082,.F.);
#5082 = EDGE_LOOP('',(#5083,#5106,#5107,#5108));
#5083 = ORIENTED_EDGE('',*,*,#5084,.F.);
#5084 = EDGE_CURVE('',#4968,#5085,#5087,.T.);
#5085 = VERTEX_POINT('',#5086);
#5086 = CARTESIAN_POINT('',(-0.35,-11.,0.));
#5087 = SEAM_CURVE('',#5088,(#5092,#5099),.PCURVE_S1.);
#5088 = LINE('',#5089,#5090);
#5089 = CARTESIAN_POINT('',(-2.5,-11.,0.));
#5090 = VECTOR('',#5091,1.);
#5091 = DIRECTION('',(1.,0.,0.));
#5092 = PCURVE('',#5007,#5093);
#5093 = DEFINITIONAL_REPRESENTATION('',(#5094),#5098);
#5094 = LINE('',#5095,#5096);
#5095 = CARTESIAN_POINT('',(-0.,0.));
#5096 = VECTOR('',#5097,1.);
#5097 = DIRECTION('',(-0.,1.));
#5098 = ( GEOMETRIC_REPRESENTATION_CONTEXT(2) 
PARAMETRIC_REPRESENTATION_CONTEXT() REPRESENTATION_CONTEXT('2D SPACE',''
  ) );
#5099 = PCURVE('',#5007,#5100);
#5100 = DEFINITIONAL_REPRESENTATION('',(#5101),#5105);
#5101 = LINE('',#5102,#5103);
#5102 = CARTESIAN_POINT('',(-6.28318530718,0.));
#5103 = VECTOR('',#5104,1.);
#5104 = DIRECTION('',(-0.,1.));
#5105 = ( GEOMETRIC_REPRESENTATION_CONTEXT(2) 
PARAMETRIC_REPRESENTATION_CONTEXT() REPRESENTATION_CONTEXT('2D SPACE',''
  ) );
#5106 = ORIENTED_EDGE('',*,*,#4992,.T.);
#5107 = ORIENTED_EDGE('',*,*,#5084,.T.);
#5108 = ORIENTED_EDGE('',*,*,#5109,.F.);
#5109 = EDGE_CURVE('',#5085,#5085,#5110,.T.);
#5110 = SURFACE_CURVE('',#5111,(#5116,#5123),.PCURVE_S1.);
#5111 = CIRCLE('',#5112,11.);
#5112 = AXIS2_PLACEMENT_3D('',#5113,#5114,#5115);
#5113 = CARTESIAN_POINT('',(-0.35,0.,0.));
#5114 = DIRECTION('',(-1.,0.,0.));
#5115 = DIRECTION('',(0.,-1.,0.));
#5116 = PCURVE('',#5007,#5117);
#5117 = DEFINITIONAL_REPRESENTATION('',(#5118),#5122);
#5118 = LINE('',#5119,#5120);
#5119 = CARTESIAN_POINT('',(-0.,2.15));
#5120 = VECTOR('',#5121,1.);
#5121 = DIRECTION('',(-1.,0.));
#5122 = ( GEOMETRIC_REPRESENTATION_CONTEXT(2) 
PARAMETRIC_REPRESENTATION_CONTEXT() REPRESENTATION_CONTEXT('2D SPACE',''
  ) );
#5123 = PCURVE('',#5124,#5129);
#5124 = CONICAL_SURFACE('',#5125,11.,0.785398163397);
#5125 = AXIS2_PLACEMENT_3D('',#5126,#5127,#5128);
#5126 = CARTESIAN_POINT('',(-0.35,0.,0.));
#5127 = DIRECTION('',(-1.,-0.,-0.));
#5128 = DIRECTION('',(0.,-1.,0.));
#5129 = DEFINITIONAL_REPRESENTATION('',(#5130),#5134);
#5130 = LINE('',#5131,#5132);
#5131 = CARTESIAN_POINT('',(0.,-0.));
#5132 = VECTOR('',#5133,1.);
#5133 = DIRECTION('',(1.,-0.));
#5134 = ( GEOMETRIC_REPRESENTATION_CONTEXT(2) 
PARAMETRIC_REPRESENTATION_CONTEXT() REPRESENTATION_CONTEXT('2D SPACE',''
  ) );
#5135 = ADVANCED_FACE('',(#5136),#5069,.F.);
#5136 = FACE_BOUND('',#5137,.F.);
#5137 = EDGE_LOOP('',(#5138,#5168,#5197,#5220,#5280,#5281));
#5138 = ORIENTED_EDGE('',*,*,#5139,.T.);
#5139 = EDGE_CURVE('',#5140,#5142,#5144,.T.);
#5140 = VERTEX_POINT('',#5141);
#5141 = CARTESIAN_POINT('',(-7.,-7.90234375,1.246179464137));
#5142 = VERTEX_POINT('',#5143);
#5143 = CARTESIAN_POINT('',(6.5,-7.90234375,1.246179464137));
#5144 = SURFACE_CURVE('',#5145,(#5149,#5156),.PCURVE_S1.);
#5145 = LINE('',#5146,#5147);
#5146 = CARTESIAN_POINT('',(-7.,-7.90234375,1.246179464137));
#5147 = VECTOR('',#5148,1.);
#5148 = DIRECTION('',(1.,0.,0.));
#5149 = PCURVE('',#5069,#5150);
#5150 = DEFINITIONAL_REPRESENTATION('',(#5151),#5155);
#5151 = LINE('',#5152,#5153);
#5152 = CARTESIAN_POINT('',(0.15640938387,13.5));
#5153 = VECTOR('',#5154,1.);
#5154 = DIRECTION('',(0.,-1.));
#5155 = ( GEOMETRIC_REPRESENTATION_CONTEXT(2) 
PARAMETRIC_REPRESENTATION_CONTEXT() REPRESENTATION_CONTEXT('2D SPACE',''
  ) );
#5156 = PCURVE('',#5157,#5162);
#5157 = CYLINDRICAL_SURFACE('',#5158,1.25);
#5158 = AXIS2_PLACEMENT_3D('',#5159,#5160,#5161);
#5159 = CARTESIAN_POINT('',(-7.,-8.,1.78E-15));
#5160 = DIRECTION('',(1.,0.,0.));
#5161 = DIRECTION('',(0.,0.,1.));
#5162 = DEFINITIONAL_REPRESENTATION('',(#5163),#5167);
#5163 = LINE('',#5164,#5165);
#5164 = CARTESIAN_POINT('',(6.204980615245,0.));
#5165 = VECTOR('',#5166,1.);
#5166 = DIRECTION('',(0.,1.));
#5167 = ( GEOMETRIC_REPRESENTATION_CONTEXT(2) 
PARAMETRIC_REPRESENTATION_CONTEXT() REPRESENTATION_CONTEXT('2D SPACE',''
  ) );
#5168 = ORIENTED_EDGE('',*,*,#5169,.T.);
#5169 = EDGE_CURVE('',#5142,#5170,#5172,.T.);
#5170 = VERTEX_POINT('',#5171);
#5171 = CARTESIAN_POINT('',(6.5,-7.90234375,-1.246179464137));
#5172 = SURFACE_CURVE('',#5173,(#5178,#5185),.PCURVE_S1.);
#5173 = CIRCLE('',#5174,8.);
#5174 = AXIS2_PLACEMENT_3D('',#5175,#5176,#5177);
#5175 = CARTESIAN_POINT('',(6.5,0.,0.));
#5176 = DIRECTION('',(-1.,0.,0.));
#5177 = DIRECTION('',(0.,-1.,0.));
#5178 = PCURVE('',#5069,#5179);
#5179 = DEFINITIONAL_REPRESENTATION('',(#5180),#5184);
#5180 = LINE('',#5181,#5182);
#5181 = CARTESIAN_POINT('',(0.,0.));
#5182 = VECTOR('',#5183,1.);
#5183 = DIRECTION('',(1.,0.));
#5184 = ( GEOMETRIC_REPRESENTATION_CONTEXT(2) 
PARAMETRIC_REPRESENTATION_CONTEXT() REPRESENTATION_CONTEXT('2D SPACE',''
  ) );
#5185 = PCURVE('',#5186,#5191);
#5186 = PLANE('',#5187);
#5187 = AXIS2_PLACEMENT_3D('',#5188,#5189,#5190);
#5188 = CARTESIAN_POINT('',(6.5,0.,0.));
#5189 = DIRECTION('',(-1.,-0.,-0.));
#5190 = DIRECTION('',(-0.,-1.,-0.));
#5191 = DEFINITIONAL_REPRESENTATION('',(#5192),#5196);
#5192 = CIRCLE('',#5193,8.);
#5193 = AXIS2_PLACEMENT_2D('',#5194,#5195);
#5194 = CARTESIAN_POINT('',(0.,0.));
#5195 = DIRECTION('',(1.,-0.));
#5196 = ( GEOMETRIC_REPRESENTATION_CONTEXT(2) 
PARAMETRIC_REPRESENTATION_CONTEXT() REPRESENTATION_CONTEXT('2D SPACE',''
  ) );
#5197 = ORIENTED_EDGE('',*,*,#5198,.F.);
#5198 = EDGE_CURVE('',#5199,#5170,#5201,.T.);
#5199 = VERTEX_POINT('',#5200);
#5200 = CARTESIAN_POINT('',(-7.,-7.90234375,-1.246179464137));
#5201 = SURFACE_CURVE('',#5202,(#5206,#5213),.PCURVE_S1.);
#5202 = LINE('',#5203,#5204);
#5203 = CARTESIAN_POINT('',(-7.,-7.90234375,-1.246179464137));
#5204 = VECTOR('',#5205,1.);
#5205 = DIRECTION('',(1.,0.,0.));
#5206 = PCURVE('',#5069,#5207);
#5207 = DEFINITIONAL_REPRESENTATION('',(#5208),#5212);
#5208 = LINE('',#5209,#5210);
#5209 = CARTESIAN_POINT('',(6.12677592331,13.5));
#5210 = VECTOR('',#5211,1.);
#5211 = DIRECTION('',(0.,-1.));
#5212 = ( GEOMETRIC_REPRESENTATION_CONTEXT(2) 
PARAMETRIC_REPRESENTATION_CONTEXT() REPRESENTATION_CONTEXT('2D SPACE',''
  ) );
#5213 = PCURVE('',#5157,#5214);
#5214 = DEFINITIONAL_REPRESENTATION('',(#5215),#5219);
#5215 = LINE('',#5216,#5217);
#5216 = CARTESIAN_POINT('',(3.219797345525,0.));
#5217 = VECTOR('',#5218,1.);
#5218 = DIRECTION('',(0.,1.));
#5219 = ( GEOMETRIC_REPRESENTATION_CONTEXT(2) 
PARAMETRIC_REPRESENTATION_CONTEXT() REPRESENTATION_CONTEXT('2D SPACE',''
  ) );
#5220 = ORIENTED_EDGE('',*,*,#5221,.T.);
#5221 = EDGE_CURVE('',#5199,#5030,#5222,.T.);
#5222 = SURFACE_CURVE('',#5223,(#5244,#5257),.PCURVE_S1.);
#5223 = B_SPLINE_CURVE_WITH_KNOTS('',4,(#5224,#5225,#5226,#5227,#5228,
    #5229,#5230,#5231,#5232,#5233,#5234,#5235,#5236,#5237,#5238,#5239,
    #5240,#5241,#5242,#5243),.UNSPECIFIED.,.F.,.F.,(5,3,3,3,3,3,5),(0.,
    0.200315822079,0.390790643302,0.543074383514,0.607461766584,
    0.708175400544,1.),.UNSPECIFIED.);
#5224 = CARTESIAN_POINT('',(-7.,-7.90234375,-1.246179464137));
#5225 = CARTESIAN_POINT('',(-7.098554390282,-7.90234375,-1.246179464137)
  );
#5226 = CARTESIAN_POINT('',(-7.19686113489,-7.903961852559,
    -1.235925525202));
#5227 = CARTESIAN_POINT('',(-7.293577445171,-7.90718410051,
    -1.215471898484));
#5228 = CARTESIAN_POINT('',(-7.47598255088,-7.916009696002,
    -1.156561054111));
#5229 = CARTESIAN_POINT('',(-7.561990443261,-7.921490525221,
    -1.119041416285));
#5230 = CARTESIAN_POINT('',(-7.643761575896,-7.927880814716,
    -1.073134236112));
#5231 = CARTESIAN_POINT('',(-7.781230906006,-7.940255715183,
    -0.976831643821));
#5232 = CARTESIAN_POINT('',(-7.838871677746,-7.94606700759,
    -0.929180378258));
#5233 = CARTESIAN_POINT('',(-7.892496158492,-7.951977168248,
    -0.877060765639));
#5234 = CARTESIAN_POINT('',(-7.96241257764,-7.960206643354,
    -0.797294207053));
#5235 = CARTESIAN_POINT('',(-7.982387737724,-7.96262976538,
    -0.772885277511));
#5236 = CARTESIAN_POINT('',(-8.001525978091,-7.96501378032,
    -0.747810947412));
#5237 = CARTESIAN_POINT('',(-8.048374072354,-7.970985718669,
    -0.681920451391));
#5238 = CARTESIAN_POINT('',(-8.074828235568,-7.974494155983,
    -0.64020410546));
#5239 = CARTESIAN_POINT('',(-8.099039283905,-7.977806799926,
    -0.597131175586));
#5240 = CARTESIAN_POINT('',(-8.18430153411,-7.989753267262,
    -0.424684915482));
#5241 = CARTESIAN_POINT('',(-8.228093245786,-7.996566301101,
    -0.286615282678));
#5242 = CARTESIAN_POINT('',(-8.250000773338,-8.000003649226,
    -0.143291478027));
#5243 = CARTESIAN_POINT('',(-8.25,-8.,8.9E-16));
#5244 = PCURVE('',#5069,#5245);
#5245 = DEFINITIONAL_REPRESENTATION('',(#5246),#5256);
#5246 = B_SPLINE_CURVE_WITH_KNOTS('',8,(#5247,#5248,#5249,#5250,#5251,
    #5252,#5253,#5254,#5255),.UNSPECIFIED.,.F.,.F.,(9,9),(0.,1.),
  .PIECEWISE_BEZIER_KNOTS.);
#5247 = CARTESIAN_POINT('',(6.12677592331,13.5));
#5248 = CARTESIAN_POINT('',(6.12677592331,13.745997518466));
#5249 = CARTESIAN_POINT('',(6.133703888961,13.990599171702));
#5250 = CARTESIAN_POINT('',(6.147500688872,14.222769955355));
#5251 = CARTESIAN_POINT('',(6.167665065033,14.423576162211));
#5252 = CARTESIAN_POINT('',(6.192915340122,14.584812225519));
#5253 = CARTESIAN_POINT('',(6.221803153708,14.694858060302));
#5254 = CARTESIAN_POINT('',(6.252496607895,14.750001325005));
#5255 = CARTESIAN_POINT('',(6.28318530718,14.75));
#5256 = ( GEOMETRIC_REPRESENTATION_CONTEXT(2) 
PARAMETRIC_REPRESENTATION_CONTEXT() REPRESENTATION_CONTEXT('2D SPACE',''
  ) );
#5257 = PCURVE('',#5258,#5263);
#5258 = SPHERICAL_SURFACE('',#5259,1.25);
#5259 = AXIS2_PLACEMENT_3D('',#5260,#5261,#5262);
#5260 = CARTESIAN_POINT('',(-7.,-8.,1.78E-15));
#5261 = DIRECTION('',(-1.,-0.,-0.));
#5262 = DIRECTION('',(0.,0.,1.));
#5263 = DEFINITIONAL_REPRESENTATION('',(#5264),#5279);
#5264 = B_SPLINE_CURVE_WITH_KNOTS('',7,(#5265,#5266,#5267,#5268,#5269,
    #5270,#5271,#5272,#5273,#5274,#5275,#5276,#5277,#5278),
  .UNSPECIFIED.,.F.,.F.,(8,6,8),(0.,0.99000008821,1.),.UNSPECIFIED.);
#5265 = CARTESIAN_POINT('',(-3.219797345525,0.));
#5266 = CARTESIAN_POINT('',(-3.219797345525,0.222662896714));
#5267 = CARTESIAN_POINT('',(-3.215285061905,0.443981728162));
#5268 = CARTESIAN_POINT('',(-3.206194651755,0.667283348905));
#5269 = CARTESIAN_POINT('',(-3.193385116542,0.8881950026));
#5270 = CARTESIAN_POINT('',(-3.177362427934,1.110690445953));
#5271 = CARTESIAN_POINT('',(-3.160240942388,1.332858062218));
#5272 = CARTESIAN_POINT('',(-3.142624777452,1.557328235218));
#5273 = CARTESIAN_POINT('',(-3.142448617357,1.559572917147));
#5274 = CARTESIAN_POINT('',(-3.142272457262,1.561817599077));
#5275 = CARTESIAN_POINT('',(-3.142096297166,1.564062281006));
#5276 = CARTESIAN_POINT('',(-3.141920137071,1.566306962936));
#5277 = CARTESIAN_POINT('',(-3.141743976975,1.568551644865));
#5278 = CARTESIAN_POINT('',(-3.14156781688,1.570796326795));
#5279 = ( GEOMETRIC_REPRESENTATION_CONTEXT(2) 
PARAMETRIC_REPRESENTATION_CONTEXT() REPRESENTATION_CONTEXT('2D SPACE',''
  ) );
#5280 = ORIENTED_EDGE('',*,*,#5054,.F.);
#5281 = ORIENTED_EDGE('',*,*,#5282,.T.);
#5282 = EDGE_CURVE('',#5030,#5140,#5283,.T.);
#5283 = SURFACE_CURVE('',#5284,(#5308,#5319),.PCURVE_S1.);
#5284 = B_SPLINE_CURVE_WITH_KNOTS('',4,(#5285,#5286,#5287,#5288,#5289,
    #5290,#5291,#5292,#5293,#5294,#5295,#5296,#5297,#5298,#5299,#5300,
    #5301,#5302,#5303,#5304,#5305,#5306,#5307),.UNSPECIFIED.,.F.,.F.,(5,
    3,3,3,3,3,3,5),(0.,0.143808683962,0.292117389096,0.392508168175,
    0.456464963486,0.608603493435,0.801680078839,1.),.UNSPECIFIED.);
#5285 = CARTESIAN_POINT('',(-8.25,-8.,1.85E-15));
#5286 = CARTESIAN_POINT('',(-8.250000011471,-8.000000054884,
    7.06187032247E-02));
#5287 = CARTESIAN_POINT('',(-8.24468045011,-7.999168659745,
    0.141238372464));
#5288 = CARTESIAN_POINT('',(-8.234041682449,-7.997506787847,
    0.211238982671));
#5289 = CARTESIAN_POINT('',(-8.201906899379,-7.992613376161,
    0.350954737198));
#5290 = CARTESIAN_POINT('',(-8.18008104745,-7.989333725676,
    0.420594362373));
#5291 = CARTESIAN_POINT('',(-8.152896231136,-7.985351862119,
    0.488282387873));
#5292 = CARTESIAN_POINT('',(-8.098819624452,-7.977776754615,
    0.597521412982));
#5293 = CARTESIAN_POINT('',(-8.074670725511,-7.974473282438,
    0.640451702281));
#5294 = CARTESIAN_POINT('',(-8.048293054088,-7.970975421876,
    0.682033375192));
#5295 = CARTESIAN_POINT('',(-8.001655646427,-7.965030290005,
    0.747629226053));
#5296 = CARTESIAN_POINT('',(-7.98264979952,-7.962662397243,
    0.772542266394));
#5297 = CARTESIAN_POINT('',(-7.96281784023,-7.96025580398,0.796798958138
    ));
#5298 = CARTESIAN_POINT('',(-7.89313568505,-7.952049037669,
    0.876407895881));
#5299 = CARTESIAN_POINT('',(-7.83959733963,-7.94614395551,0.928522146865
    ));
#5300 = CARTESIAN_POINT('',(-7.782046282512,-7.940336078717,
    0.976178913551));
#5301 = CARTESIAN_POINT('',(-7.643666966223,-7.927863576892,
    1.07330261427));
#5302 = CARTESIAN_POINT('',(-7.560738599754,-7.921385246479,
    1.11980818274));
#5303 = CARTESIAN_POINT('',(-7.47346487129,-7.915845556921,
    1.157686645486));
#5304 = CARTESIAN_POINT('',(-7.290570010821,-7.907083921137,
    1.216108492834));
#5305 = CARTESIAN_POINT('',(-7.194779080377,-7.903925453755,
    1.236155231462));
#5306 = CARTESIAN_POINT('',(-7.097389134978,-7.90234375,1.246179464137)
  );
#5307 = CARTESIAN_POINT('',(-7.,-7.90234375,1.246179464137));
#5308 = PCURVE('',#5069,#5309);
#5309 = DEFINITIONAL_REPRESENTATION('',(#5310),#5318);
#5310 = B_SPLINE_CURVE_WITH_KNOTS('',6,(#5311,#5312,#5313,#5314,#5315,
    #5316,#5317),.UNSPECIFIED.,.F.,.F.,(7,7),(0.,1.),
  .PIECEWISE_BEZIER_KNOTS.);
#5311 = CARTESIAN_POINT('',(2.3E-16,14.75));
#5312 = CARTESIAN_POINT('',(4.092167297048E-02,14.750000053179));
#5313 = CARTESIAN_POINT('',(8.184742283539E-02,14.647105467833));
#5314 = CARTESIAN_POINT('',(0.117695839594,14.441302938117));
#5315 = CARTESIAN_POINT('',(0.143509597513,14.154783448567));
#5316 = CARTESIAN_POINT('',(0.15640938387,13.827380575815));
#5317 = CARTESIAN_POINT('',(0.15640938387,13.5));
#5318 = ( GEOMETRIC_REPRESENTATION_CONTEXT(2) 
PARAMETRIC_REPRESENTATION_CONTEXT() REPRESENTATION_CONTEXT('2D SPACE',''
  ) );
#5319 = PCURVE('',#5258,#5320);
#5320 = DEFINITIONAL_REPRESENTATION('',(#5321),#5332);
#5321 = B_SPLINE_CURVE_WITH_KNOTS('',5,(#5322,#5323,#5324,#5325,#5326,
    #5327,#5328,#5329,#5330,#5331),.UNSPECIFIED.,.F.,.F.,(6,4,6),(0.,
    9.999995980569E-03,1.),.UNSPECIFIED.);
#5322 = CARTESIAN_POINT('',(-6.283185922301,1.570796326795));
#5323 = CARTESIAN_POINT('',(-6.282940364027,1.567653539472));
#5324 = CARTESIAN_POINT('',(-6.282694805753,1.56451075215));
#5325 = CARTESIAN_POINT('',(-6.282449247479,1.561367964827));
#5326 = CARTESIAN_POINT('',(-6.282203689205,1.558225177505));
#5327 = CARTESIAN_POINT('',(-6.257647851926,1.24394631893));
#5328 = CARTESIAN_POINT('',(-6.233492020571,0.932788868077));
#5329 = CARTESIAN_POINT('',(-6.214446801174,0.622311744604));
#5330 = CARTESIAN_POINT('',(-6.204980615245,0.311142499255));
#5331 = CARTESIAN_POINT('',(-6.204980615245,0.));
#5332 = ( GEOMETRIC_REPRESENTATION_CONTEXT(2) 
PARAMETRIC_REPRESENTATION_CONTEXT() REPRESENTATION_CONTEXT('2D SPACE',''
  ) );
#5333 = ADVANCED_FACE('',(#5334),#5124,.T.);
#5334 = FACE_BOUND('',#5335,.F.);
#5335 = EDGE_LOOP('',(#5336,#5359,#5360,#5361));
#5336 = ORIENTED_EDGE('',*,*,#5337,.F.);
#5337 = EDGE_CURVE('',#5085,#5338,#5340,.T.);
#5338 = VERTEX_POINT('',#5339);
#5339 = CARTESIAN_POINT('',(0.,-10.65,0.));
#5340 = SEAM_CURVE('',#5341,(#5345,#5352),.PCURVE_S1.);
#5341 = LINE('',#5342,#5343);
#5342 = CARTESIAN_POINT('',(-0.35,-11.,0.));
#5343 = VECTOR('',#5344,1.);
#5344 = DIRECTION('',(0.707106781187,0.707106781187,0.));
#5345 = PCURVE('',#5124,#5346);
#5346 = DEFINITIONAL_REPRESENTATION('',(#5347),#5351);
#5347 = LINE('',#5348,#5349);
#5348 = CARTESIAN_POINT('',(0.,-0.));
#5349 = VECTOR('',#5350,1.);
#5350 = DIRECTION('',(0.,-1.));
#5351 = ( GEOMETRIC_REPRESENTATION_CONTEXT(2) 
PARAMETRIC_REPRESENTATION_CONTEXT() REPRESENTATION_CONTEXT('2D SPACE',''
  ) );
#5352 = PCURVE('',#5124,#5353);
#5353 = DEFINITIONAL_REPRESENTATION('',(#5354),#5358);
#5354 = LINE('',#5355,#5356);
#5355 = CARTESIAN_POINT('',(6.28318530718,-0.));
#5356 = VECTOR('',#5357,1.);
#5357 = DIRECTION('',(0.,-1.));
#5358 = ( GEOMETRIC_REPRESENTATION_CONTEXT(2) 
PARAMETRIC_REPRESENTATION_CONTEXT() REPRESENTATION_CONTEXT('2D SPACE',''
  ) );
#5359 = ORIENTED_EDGE('',*,*,#5109,.T.);
#5360 = ORIENTED_EDGE('',*,*,#5337,.T.);
#5361 = ORIENTED_EDGE('',*,*,#5362,.F.);
#5362 = EDGE_CURVE('',#5338,#5338,#5363,.T.);
#5363 = SURFACE_CURVE('',#5364,(#5369,#5376),.PCURVE_S1.);
#5364 = CIRCLE('',#5365,10.65);
#5365 = AXIS2_PLACEMENT_3D('',#5366,#5367,#5368);
#5366 = CARTESIAN_POINT('',(0.,0.,0.));
#5367 = DIRECTION('',(-1.,0.,0.));
#5368 = DIRECTION('',(0.,-1.,0.));
#5369 = PCURVE('',#5124,#5370);
#5370 = DEFINITIONAL_REPRESENTATION('',(#5371),#5375);
#5371 = LINE('',#5372,#5373);
#5372 = CARTESIAN_POINT('',(0.,-0.35));
#5373 = VECTOR('',#5374,1.);
#5374 = DIRECTION('',(1.,-0.));
#5375 = ( GEOMETRIC_REPRESENTATION_CONTEXT(2) 
PARAMETRIC_REPRESENTATION_CONTEXT() REPRESENTATION_CONTEXT('2D SPACE',''
  ) );
#5376 = PCURVE('',#5377,#5382);
#5377 = PLANE('',#5378);
#5378 = AXIS2_PLACEMENT_3D('',#5379,#5380,#5381);
#5379 = CARTESIAN_POINT('',(0.,0.,0.));
#5380 = DIRECTION('',(-1.,-0.,-0.));
#5381 = DIRECTION('',(0.,-1.,0.));
#5382 = DEFINITIONAL_REPRESENTATION('',(#5383),#5387);
#5383 = CIRCLE('',#5384,10.65);
#5384 = AXIS2_PLACEMENT_2D('',#5385,#5386);
#5385 = CARTESIAN_POINT('',(0.,0.));
#5386 = DIRECTION('',(1.,0.));
#5387 = ( GEOMETRIC_REPRESENTATION_CONTEXT(2) 
PARAMETRIC_REPRESENTATION_CONTEXT() REPRESENTATION_CONTEXT('2D SPACE',''
  ) );
#5388 = ADVANCED_FACE('',(#5389),#5157,.T.);
#5389 = FACE_BOUND('',#5390,.T.);
#5390 = EDGE_LOOP('',(#5391,#5392,#5414,#5415));
#5391 = ORIENTED_EDGE('',*,*,#5198,.F.);
#5392 = ORIENTED_EDGE('',*,*,#5393,.T.);
#5393 = EDGE_CURVE('',#5199,#5140,#5394,.T.);
#5394 = SURFACE_CURVE('',#5395,(#5400,#5407),.PCURVE_S1.);
#5395 = CIRCLE('',#5396,1.25);
#5396 = AXIS2_PLACEMENT_3D('',#5397,#5398,#5399);
#5397 = CARTESIAN_POINT('',(-7.,-8.,1.78E-15));
#5398 = DIRECTION('',(1.,0.,-0.));
#5399 = DIRECTION('',(0.,0.,1.));
#5400 = PCURVE('',#5157,#5401);
#5401 = DEFINITIONAL_REPRESENTATION('',(#5402),#5406);
#5402 = LINE('',#5403,#5404);
#5403 = CARTESIAN_POINT('',(0.,0.));
#5404 = VECTOR('',#5405,1.);
#5405 = DIRECTION('',(1.,0.));
#5406 = ( GEOMETRIC_REPRESENTATION_CONTEXT(2) 
PARAMETRIC_REPRESENTATION_CONTEXT() REPRESENTATION_CONTEXT('2D SPACE',''
  ) );
#5407 = PCURVE('',#5258,#5408);
#5408 = DEFINITIONAL_REPRESENTATION('',(#5409),#5413);
#5409 = LINE('',#5410,#5411);
#5410 = CARTESIAN_POINT('',(-0.,0.));
#5411 = VECTOR('',#5412,1.);
#5412 = DIRECTION('',(-1.,0.));
#5413 = ( GEOMETRIC_REPRESENTATION_CONTEXT(2) 
PARAMETRIC_REPRESENTATION_CONTEXT() REPRESENTATION_CONTEXT('2D SPACE',''
  ) );
#5414 = ORIENTED_EDGE('',*,*,#5139,.T.);
#5415 = ORIENTED_EDGE('',*,*,#5416,.F.);
#5416 = EDGE_CURVE('',#5170,#5142,#5417,.T.);
#5417 = SURFACE_CURVE('',#5418,(#5423,#5430),.PCURVE_S1.);
#5418 = CIRCLE('',#5419,1.25);
#5419 = AXIS2_PLACEMENT_3D('',#5420,#5421,#5422);
#5420 = CARTESIAN_POINT('',(6.5,-8.,1.78E-15));
#5421 = DIRECTION('',(1.,0.,-0.));
#5422 = DIRECTION('',(0.,0.,1.));
#5423 = PCURVE('',#5157,#5424);
#5424 = DEFINITIONAL_REPRESENTATION('',(#5425),#5429);
#5425 = LINE('',#5426,#5427);
#5426 = CARTESIAN_POINT('',(0.,13.5));
#5427 = VECTOR('',#5428,1.);
#5428 = DIRECTION('',(1.,0.));
#5429 = ( GEOMETRIC_REPRESENTATION_CONTEXT(2) 
PARAMETRIC_REPRESENTATION_CONTEXT() REPRESENTATION_CONTEXT('2D SPACE',''
  ) );
#5430 = PCURVE('',#5186,#5431);
#5431 = DEFINITIONAL_REPRESENTATION('',(#5432),#5440);
#5432 = ( BOUNDED_CURVE() B_SPLINE_CURVE(2,(#5433,#5434,#5435,#5436,
#5437,#5438,#5439),.UNSPECIFIED.,.T.,.F.) B_SPLINE_CURVE_WITH_KNOTS((1,2
    ,2,2,2,1),(-2.094395102393,0.,2.094395102393,4.188790204786,
6.28318530718,8.377580409573),.UNSPECIFIED.) CURVE() 
GEOMETRIC_REPRESENTATION_ITEM() RATIONAL_B_SPLINE_CURVE((1.,0.5,1.,0.5,
1.,0.5,1.)) REPRESENTATION_ITEM('') );
#5433 = CARTESIAN_POINT('',(8.,1.25));
#5434 = CARTESIAN_POINT('',(10.165063509461,1.25));
#5435 = CARTESIAN_POINT('',(9.082531754731,-0.625));
#5436 = CARTESIAN_POINT('',(8.,-2.5));
#5437 = CARTESIAN_POINT('',(6.917468245269,-0.625));
#5438 = CARTESIAN_POINT('',(5.834936490539,1.25));
#5439 = CARTESIAN_POINT('',(8.,1.25));
#5440 = ( GEOMETRIC_REPRESENTATION_CONTEXT(2) 
PARAMETRIC_REPRESENTATION_CONTEXT() REPRESENTATION_CONTEXT('2D SPACE',''
  ) );
#5441 = ADVANCED_FACE('',(#5442),#5258,.T.);
#5442 = FACE_BOUND('',#5443,.F.);
#5443 = EDGE_LOOP('',(#5444,#5445,#5446));
#5444 = ORIENTED_EDGE('',*,*,#5221,.F.);
#5445 = ORIENTED_EDGE('',*,*,#5393,.T.);
#5446 = ORIENTED_EDGE('',*,*,#5282,.F.);
#5447 = ADVANCED_FACE('',(#5448,#5527),#5186,.F.);
#5448 = FACE_BOUND('',#5449,.T.);
#5449 = EDGE_LOOP('',(#5450,#5481,#5505));
#5450 = ORIENTED_EDGE('',*,*,#5451,.F.);
#5451 = EDGE_CURVE('',#5452,#5454,#5456,.T.);
#5452 = VERTEX_POINT('',#5453);
#5453 = CARTESIAN_POINT('',(6.5,-8.41796875,-1.178050136464));
#5454 = VERTEX_POINT('',#5455);
#5455 = CARTESIAN_POINT('',(6.5,-8.5,0.));
#5456 = SURFACE_CURVE('',#5457,(#5462,#5469),.PCURVE_S1.);
#5457 = CIRCLE('',#5458,8.5);
#5458 = AXIS2_PLACEMENT_3D('',#5459,#5460,#5461);
#5459 = CARTESIAN_POINT('',(6.5,0.,0.));
#5460 = DIRECTION('',(-1.,0.,0.));
#5461 = DIRECTION('',(0.,-1.,0.));
#5462 = PCURVE('',#5186,#5463);
#5463 = DEFINITIONAL_REPRESENTATION('',(#5464),#5468);
#5464 = CIRCLE('',#5465,8.5);
#5465 = AXIS2_PLACEMENT_2D('',#5466,#5467);
#5466 = CARTESIAN_POINT('',(0.,0.));
#5467 = DIRECTION('',(1.,-0.));
#5468 = ( GEOMETRIC_REPRESENTATION_CONTEXT(2) 
PARAMETRIC_REPRESENTATION_CONTEXT() REPRESENTATION_CONTEXT('2D SPACE',''
  ) );
#5469 = PCURVE('',#5470,#5475);
#5470 = CYLINDRICAL_SURFACE('',#5471,8.5);
#5471 = AXIS2_PLACEMENT_3D('',#5472,#5473,#5474);
#5472 = CARTESIAN_POINT('',(6.5,0.,0.));
#5473 = DIRECTION('',(1.,0.,0.));
#5474 = DIRECTION('',(0.,-1.,0.));
#5475 = DEFINITIONAL_REPRESENTATION('',(#5476),#5480);
#5476 = LINE('',#5477,#5478);
#5477 = CARTESIAN_POINT('',(-0.,0.));
#5478 = VECTOR('',#5479,1.);
#5479 = DIRECTION('',(-1.,0.));
#5480 = ( GEOMETRIC_REPRESENTATION_CONTEXT(2) 
PARAMETRIC_REPRESENTATION_CONTEXT() REPRESENTATION_CONTEXT('2D SPACE',''
  ) );
#5481 = ORIENTED_EDGE('',*,*,#5482,.F.);
#5482 = EDGE_CURVE('',#5483,#5452,#5485,.T.);
#5483 = VERTEX_POINT('',#5484);
#5484 = CARTESIAN_POINT('',(6.5,-8.41796875,1.178050136464));
#5485 = SURFACE_CURVE('',#5486,(#5491,#5498),.PCURVE_S1.);
#5486 = CIRCLE('',#5487,8.5);
#5487 = AXIS2_PLACEMENT_3D('',#5488,#5489,#5490);
#5488 = CARTESIAN_POINT('',(6.5,0.,0.));
#5489 = DIRECTION('',(-1.,0.,0.));
#5490 = DIRECTION('',(0.,-1.,0.));
#5491 = PCURVE('',#5186,#5492);
#5492 = DEFINITIONAL_REPRESENTATION('',(#5493),#5497);
#5493 = CIRCLE('',#5494,8.5);
#5494 = AXIS2_PLACEMENT_2D('',#5495,#5496);
#5495 = CARTESIAN_POINT('',(0.,0.));
#5496 = DIRECTION('',(1.,-0.));
#5497 = ( GEOMETRIC_REPRESENTATION_CONTEXT(2) 
PARAMETRIC_REPRESENTATION_CONTEXT() REPRESENTATION_CONTEXT('2D SPACE',''
  ) );
#5498 = PCURVE('',#5470,#5499);
#5499 = DEFINITIONAL_REPRESENTATION('',(#5500),#5504);
#5500 = LINE('',#5501,#5502);
#5501 = CARTESIAN_POINT('',(-0.,0.));
#5502 = VECTOR('',#5503,1.);
#5503 = DIRECTION('',(-1.,0.));
#5504 = ( GEOMETRIC_REPRESENTATION_CONTEXT(2) 
PARAMETRIC_REPRESENTATION_CONTEXT() REPRESENTATION_CONTEXT('2D SPACE',''
  ) );
#5505 = ORIENTED_EDGE('',*,*,#5506,.F.);
#5506 = EDGE_CURVE('',#5454,#5483,#5507,.T.);
#5507 = SURFACE_CURVE('',#5508,(#5513,#5520),.PCURVE_S1.);
#5508 = CIRCLE('',#5509,8.5);
#5509 = AXIS2_PLACEMENT_3D('',#5510,#5511,#5512);
#5510 = CARTESIAN_POINT('',(6.5,0.,0.));
#5511 = DIRECTION('',(-1.,0.,0.));
#5512 = DIRECTION('',(0.,-1.,0.));
#5513 = PCURVE('',#5186,#5514);
#5514 = DEFINITIONAL_REPRESENTATION('',(#5515),#5519);
#5515 = CIRCLE('',#5516,8.5);
#5516 = AXIS2_PLACEMENT_2D('',#5517,#5518);
#5517 = CARTESIAN_POINT('',(0.,0.));
#5518 = DIRECTION('',(1.,-0.));
#5519 = ( GEOMETRIC_REPRESENTATION_CONTEXT(2) 
PARAMETRIC_REPRESENTATION_CONTEXT() REPRESENTATION_CONTEXT('2D SPACE',''
  ) );
#5520 = PCURVE('',#5470,#5521);
#5521 = DEFINITIONAL_REPRESENTATION('',(#5522),#5526);
#5522 = LINE('',#5523,#5524);
#5523 = CARTESIAN_POINT('',(-0.,0.));
#5524 = VECTOR('',#5525,1.);
#5525 = DIRECTION('',(-1.,0.));
#5526 = ( GEOMETRIC_REPRESENTATION_CONTEXT(2) 
PARAMETRIC_REPRESENTATION_CONTEXT() REPRESENTATION_CONTEXT('2D SPACE',''
  ) );
#5527 = FACE_BOUND('',#5528,.T.);
#5528 = EDGE_LOOP('',(#5529,#5530));
#5529 = ORIENTED_EDGE('',*,*,#5169,.T.);
#5530 = ORIENTED_EDGE('',*,*,#5416,.T.);
#5531 = ADVANCED_FACE('',(#5532),#5470,.F.);
#5532 = FACE_BOUND('',#5533,.T.);
#5533 = EDGE_LOOP('',(#5534,#5557,#5558,#5559,#5560,#5561));
#5534 = ORIENTED_EDGE('',*,*,#5535,.F.);
#5535 = EDGE_CURVE('',#5454,#5536,#5538,.T.);
#5536 = VERTEX_POINT('',#5537);
#5537 = CARTESIAN_POINT('',(9.3,-8.5,0.));
#5538 = SEAM_CURVE('',#5539,(#5543,#5550),.PCURVE_S1.);
#5539 = LINE('',#5540,#5541);
#5540 = CARTESIAN_POINT('',(6.5,-8.5,0.));
#5541 = VECTOR('',#5542,1.);
#5542 = DIRECTION('',(1.,0.,0.));
#5543 = PCURVE('',#5470,#5544);
#5544 = DEFINITIONAL_REPRESENTATION('',(#5545),#5549);
#5545 = LINE('',#5546,#5547);
#5546 = CARTESIAN_POINT('',(-0.,0.));
#5547 = VECTOR('',#5548,1.);
#5548 = DIRECTION('',(-0.,1.));
#5549 = ( GEOMETRIC_REPRESENTATION_CONTEXT(2) 
PARAMETRIC_REPRESENTATION_CONTEXT() REPRESENTATION_CONTEXT('2D SPACE',''
  ) );
#5550 = PCURVE('',#5470,#5551);
#5551 = DEFINITIONAL_REPRESENTATION('',(#5552),#5556);
#5552 = LINE('',#5553,#5554);
#5553 = CARTESIAN_POINT('',(-6.28318530718,0.));
#5554 = VECTOR('',#5555,1.);
#5555 = DIRECTION('',(-0.,1.));
#5556 = ( GEOMETRIC_REPRESENTATION_CONTEXT(2) 
PARAMETRIC_REPRESENTATION_CONTEXT() REPRESENTATION_CONTEXT('2D SPACE',''
  ) );
#5557 = ORIENTED_EDGE('',*,*,#5506,.T.);
#5558 = ORIENTED_EDGE('',*,*,#5482,.T.);
#5559 = ORIENTED_EDGE('',*,*,#5451,.T.);
#5560 = ORIENTED_EDGE('',*,*,#5535,.T.);
#5561 = ORIENTED_EDGE('',*,*,#5562,.F.);
#5562 = EDGE_CURVE('',#5536,#5536,#5563,.T.);
#5563 = SURFACE_CURVE('',#5564,(#5569,#5576),.PCURVE_S1.);
#5564 = CIRCLE('',#5565,8.5);
#5565 = AXIS2_PLACEMENT_3D('',#5566,#5567,#5568);
#5566 = CARTESIAN_POINT('',(9.3,0.,0.));
#5567 = DIRECTION('',(-1.,0.,0.));
#5568 = DIRECTION('',(0.,-1.,0.));
#5569 = PCURVE('',#5470,#5570);
#5570 = DEFINITIONAL_REPRESENTATION('',(#5571),#5575);
#5571 = LINE('',#5572,#5573);
#5572 = CARTESIAN_POINT('',(-0.,2.8));
#5573 = VECTOR('',#5574,1.);
#5574 = DIRECTION('',(-1.,0.));
#5575 = ( GEOMETRIC_REPRESENTATION_CONTEXT(2) 
PARAMETRIC_REPRESENTATION_CONTEXT() REPRESENTATION_CONTEXT('2D SPACE',''
  ) );
#5576 = PCURVE('',#5577,#5582);
#5577 = CONICAL_SURFACE('',#5578,8.5,0.211476519322);
#5578 = AXIS2_PLACEMENT_3D('',#5579,#5580,#5581);
#5579 = CARTESIAN_POINT('',(9.3,0.,0.));
#5580 = DIRECTION('',(-1.,-0.,-0.));
#5581 = DIRECTION('',(0.,-1.,0.));
#5582 = DEFINITIONAL_REPRESENTATION('',(#5583),#5587);
#5583 = LINE('',#5584,#5585);
#5584 = CARTESIAN_POINT('',(0.,-0.));
#5585 = VECTOR('',#5586,1.);
#5586 = DIRECTION('',(1.,-0.));
#5587 = ( GEOMETRIC_REPRESENTATION_CONTEXT(2) 
PARAMETRIC_REPRESENTATION_CONTEXT() REPRESENTATION_CONTEXT('2D SPACE',''
  ) );
#5588 = ADVANCED_FACE('',(#5589),#5577,.F.);
#5589 = FACE_BOUND('',#5590,.T.);
#5590 = EDGE_LOOP('',(#5591,#5592,#5615,#5642));
#5591 = ORIENTED_EDGE('',*,*,#5562,.T.);
#5592 = ORIENTED_EDGE('',*,*,#5593,.T.);
#5593 = EDGE_CURVE('',#5536,#5594,#5596,.T.);
#5594 = VERTEX_POINT('',#5595);
#5595 = CARTESIAN_POINT('',(10.697386235464,-8.2,0.));
#5596 = SEAM_CURVE('',#5597,(#5601,#5608),.PCURVE_S1.);
#5597 = LINE('',#5598,#5599);
#5598 = CARTESIAN_POINT('',(9.3,-8.5,0.));
#5599 = VECTOR('',#5600,1.);
#5600 = DIRECTION('',(0.977722053659,0.209903753632,0.));
#5601 = PCURVE('',#5577,#5602);
#5602 = DEFINITIONAL_REPRESENTATION('',(#5603),#5607);
#5603 = LINE('',#5604,#5605);
#5604 = CARTESIAN_POINT('',(0.,-0.));
#5605 = VECTOR('',#5606,1.);
#5606 = DIRECTION('',(0.,-1.));
#5607 = ( GEOMETRIC_REPRESENTATION_CONTEXT(2) 
PARAMETRIC_REPRESENTATION_CONTEXT() REPRESENTATION_CONTEXT('2D SPACE',''
  ) );
#5608 = PCURVE('',#5577,#5609);
#5609 = DEFINITIONAL_REPRESENTATION('',(#5610),#5614);
#5610 = LINE('',#5611,#5612);
#5611 = CARTESIAN_POINT('',(6.28318530718,-0.));
#5612 = VECTOR('',#5613,1.);
#5613 = DIRECTION('',(0.,-1.));
#5614 = ( GEOMETRIC_REPRESENTATION_CONTEXT(2) 
PARAMETRIC_REPRESENTATION_CONTEXT() REPRESENTATION_CONTEXT('2D SPACE',''
  ) );
#5615 = ORIENTED_EDGE('',*,*,#5616,.F.);
#5616 = EDGE_CURVE('',#5594,#5594,#5617,.T.);
#5617 = SURFACE_CURVE('',#5618,(#5623,#5630),.PCURVE_S1.);
#5618 = CIRCLE('',#5619,8.2);
#5619 = AXIS2_PLACEMENT_3D('',#5620,#5621,#5622);
#5620 = CARTESIAN_POINT('',(10.697386235464,0.,0.));
#5621 = DIRECTION('',(-1.,0.,0.));
#5622 = DIRECTION('',(0.,-1.,0.));
#5623 = PCURVE('',#5577,#5624);
#5624 = DEFINITIONAL_REPRESENTATION('',(#5625),#5629);
#5625 = LINE('',#5626,#5627);
#5626 = CARTESIAN_POINT('',(0.,-1.397386235464));
#5627 = VECTOR('',#5628,1.);
#5628 = DIRECTION('',(1.,-0.));
#5629 = ( GEOMETRIC_REPRESENTATION_CONTEXT(2) 
PARAMETRIC_REPRESENTATION_CONTEXT() REPRESENTATION_CONTEXT('2D SPACE',''
  ) );
#5630 = PCURVE('',#5631,#5636);
#5631 = CONICAL_SURFACE('',#5632,8.2,1.359319807473);
#5632 = AXIS2_PLACEMENT_3D('',#5633,#5634,#5635);
#5633 = CARTESIAN_POINT('',(10.697386235464,0.,0.));
#5634 = DIRECTION('',(1.,0.,0.));
#5635 = DIRECTION('',(0.,-1.,0.));
#5636 = DEFINITIONAL_REPRESENTATION('',(#5637),#5641);
#5637 = LINE('',#5638,#5639);
#5638 = CARTESIAN_POINT('',(-0.,0.));
#5639 = VECTOR('',#5640,1.);
#5640 = DIRECTION('',(-1.,0.));
#5641 = ( GEOMETRIC_REPRESENTATION_CONTEXT(2) 
PARAMETRIC_REPRESENTATION_CONTEXT() REPRESENTATION_CONTEXT('2D SPACE',''
  ) );
#5642 = ORIENTED_EDGE('',*,*,#5593,.F.);
#5643 = ADVANCED_FACE('',(#5644),#5631,.F.);
#5644 = FACE_BOUND('',#5645,.T.);
#5645 = EDGE_LOOP('',(#5646,#5647,#5670,#5697));
#5646 = ORIENTED_EDGE('',*,*,#5616,.T.);
#5647 = ORIENTED_EDGE('',*,*,#5648,.T.);
#5648 = EDGE_CURVE('',#5594,#5649,#5651,.T.);
#5649 = VERTEX_POINT('',#5650);
#5650 = CARTESIAN_POINT('',(10.8,-8.677970207106,0.));
#5651 = SEAM_CURVE('',#5652,(#5656,#5663),.PCURVE_S1.);
#5652 = LINE('',#5653,#5654);
#5653 = CARTESIAN_POINT('',(10.697386235464,-8.2,0.));
#5654 = VECTOR('',#5655,1.);
#5655 = DIRECTION('',(0.209903753632,-0.977722053659,0.));
#5656 = PCURVE('',#5631,#5657);
#5657 = DEFINITIONAL_REPRESENTATION('',(#5658),#5662);
#5658 = LINE('',#5659,#5660);
#5659 = CARTESIAN_POINT('',(-0.,0.));
#5660 = VECTOR('',#5661,1.);
#5661 = DIRECTION('',(-0.,1.));
#5662 = ( GEOMETRIC_REPRESENTATION_CONTEXT(2) 
PARAMETRIC_REPRESENTATION_CONTEXT() REPRESENTATION_CONTEXT('2D SPACE',''
  ) );
#5663 = PCURVE('',#5631,#5664);
#5664 = DEFINITIONAL_REPRESENTATION('',(#5665),#5669);
#5665 = LINE('',#5666,#5667);
#5666 = CARTESIAN_POINT('',(-6.28318530718,0.));
#5667 = VECTOR('',#5668,1.);
#5668 = DIRECTION('',(-0.,1.));
#5669 = ( GEOMETRIC_REPRESENTATION_CONTEXT(2) 
PARAMETRIC_REPRESENTATION_CONTEXT() REPRESENTATION_CONTEXT('2D SPACE',''
  ) );
#5670 = ORIENTED_EDGE('',*,*,#5671,.F.);
#5671 = EDGE_CURVE('',#5649,#5649,#5672,.T.);
#5672 = SURFACE_CURVE('',#5673,(#5678,#5685),.PCURVE_S1.);
#5673 = CIRCLE('',#5674,8.677970207106);
#5674 = AXIS2_PLACEMENT_3D('',#5675,#5676,#5677);
#5675 = CARTESIAN_POINT('',(10.8,0.,0.));
#5676 = DIRECTION('',(-1.,0.,0.));
#5677 = DIRECTION('',(0.,-1.,0.));
#5678 = PCURVE('',#5631,#5679);
#5679 = DEFINITIONAL_REPRESENTATION('',(#5680),#5684);
#5680 = LINE('',#5681,#5682);
#5681 = CARTESIAN_POINT('',(-0.,0.102613764536));
#5682 = VECTOR('',#5683,1.);
#5683 = DIRECTION('',(-1.,0.));
#5684 = ( GEOMETRIC_REPRESENTATION_CONTEXT(2) 
PARAMETRIC_REPRESENTATION_CONTEXT() REPRESENTATION_CONTEXT('2D SPACE',''
  ) );
#5685 = PCURVE('',#5686,#5691);
#5686 = CONICAL_SURFACE('',#5687,9.,0.211476519322);
#5687 = AXIS2_PLACEMENT_3D('',#5688,#5689,#5690);
#5688 = CARTESIAN_POINT('',(9.3,0.,0.));
#5689 = DIRECTION('',(-1.,-0.,-0.));
#5690 = DIRECTION('',(0.,-1.,0.));
#5691 = DEFINITIONAL_REPRESENTATION('',(#5692),#5696);
#5692 = LINE('',#5693,#5694);
#5693 = CARTESIAN_POINT('',(0.,-1.5));
#5694 = VECTOR('',#5695,1.);
#5695 = DIRECTION('',(1.,-0.));
#5696 = ( GEOMETRIC_REPRESENTATION_CONTEXT(2) 
PARAMETRIC_REPRESENTATION_CONTEXT() REPRESENTATION_CONTEXT('2D SPACE',''
  ) );
#5697 = ORIENTED_EDGE('',*,*,#5648,.F.);
#5698 = ADVANCED_FACE('',(#5699),#5686,.T.);
#5699 = FACE_BOUND('',#5700,.F.);
#5700 = EDGE_LOOP('',(#5701,#5724,#5753,#5786,#5815,#5848,#5875,#5876));
#5701 = ORIENTED_EDGE('',*,*,#5702,.F.);
#5702 = EDGE_CURVE('',#5703,#5649,#5705,.T.);
#5703 = VERTEX_POINT('',#5704);
#5704 = CARTESIAN_POINT('',(9.3,-9.,0.));
#5705 = SEAM_CURVE('',#5706,(#5710,#5717),.PCURVE_S1.);
#5706 = LINE('',#5707,#5708);
#5707 = CARTESIAN_POINT('',(9.3,-9.,0.));
#5708 = VECTOR('',#5709,1.);
#5709 = DIRECTION('',(0.977722053659,0.209903753632,0.));
#5710 = PCURVE('',#5686,#5711);
#5711 = DEFINITIONAL_REPRESENTATION('',(#5712),#5716);
#5712 = LINE('',#5713,#5714);
#5713 = CARTESIAN_POINT('',(0.,-0.));
#5714 = VECTOR('',#5715,1.);
#5715 = DIRECTION('',(0.,-1.));
#5716 = ( GEOMETRIC_REPRESENTATION_CONTEXT(2) 
PARAMETRIC_REPRESENTATION_CONTEXT() REPRESENTATION_CONTEXT('2D SPACE',''
  ) );
#5717 = PCURVE('',#5686,#5718);
#5718 = DEFINITIONAL_REPRESENTATION('',(#5719),#5723);
#5719 = LINE('',#5720,#5721);
#5720 = CARTESIAN_POINT('',(6.28318530718,-0.));
#5721 = VECTOR('',#5722,1.);
#5722 = DIRECTION('',(0.,-1.));
#5723 = ( GEOMETRIC_REPRESENTATION_CONTEXT(2) 
PARAMETRIC_REPRESENTATION_CONTEXT() REPRESENTATION_CONTEXT('2D SPACE',''
  ) );
#5724 = ORIENTED_EDGE('',*,*,#5725,.T.);
#5725 = EDGE_CURVE('',#5703,#5726,#5728,.T.);
#5726 = VERTEX_POINT('',#5727);
#5727 = CARTESIAN_POINT('',(9.3,-1.886796226411,8.8));
#5728 = SURFACE_CURVE('',#5729,(#5734,#5741),.PCURVE_S1.);
#5729 = CIRCLE('',#5730,9.);
#5730 = AXIS2_PLACEMENT_3D('',#5731,#5732,#5733);
#5731 = CARTESIAN_POINT('',(9.3,0.,0.));
#5732 = DIRECTION('',(-1.,0.,0.));
#5733 = DIRECTION('',(0.,-1.,0.));
#5734 = PCURVE('',#5686,#5735);
#5735 = DEFINITIONAL_REPRESENTATION('',(#5736),#5740);
#5736 = LINE('',#5737,#5738);
#5737 = CARTESIAN_POINT('',(0.,-0.));
#5738 = VECTOR('',#5739,1.);
#5739 = DIRECTION('',(1.,-0.));
#5740 = ( GEOMETRIC_REPRESENTATION_CONTEXT(2) 
PARAMETRIC_REPRESENTATION_CONTEXT() REPRESENTATION_CONTEXT('2D SPACE',''
  ) );
#5741 = PCURVE('',#5742,#5747);
#5742 = CONICAL_SURFACE('',#5743,9.,0.785398163397);
#5743 = AXIS2_PLACEMENT_3D('',#5744,#5745,#5746);
#5744 = CARTESIAN_POINT('',(9.3,0.,0.));
#5745 = DIRECTION('',(-1.,-0.,-0.));
#5746 = DIRECTION('',(0.,-1.,0.));
#5747 = DEFINITIONAL_REPRESENTATION('',(#5748),#5752);
#5748 = LINE('',#5749,#5750);
#5749 = CARTESIAN_POINT('',(0.,0.));
#5750 = VECTOR('',#5751,1.);
#5751 = DIRECTION('',(1.,0.));
#5752 = ( GEOMETRIC_REPRESENTATION_CONTEXT(2) 
PARAMETRIC_REPRESENTATION_CONTEXT() REPRESENTATION_CONTEXT('2D SPACE',''
  ) );
#5753 = ORIENTED_EDGE('',*,*,#5754,.F.);
#5754 = EDGE_CURVE('',#5755,#5726,#5757,.T.);
#5755 = VERTEX_POINT('',#5756);
#5756 = CARTESIAN_POINT('',(9.3,1.886796226411,8.8));
#5757 = SURFACE_CURVE('',#5758,(#5763,#5774),.PCURVE_S1.);
#5758 = HYPERBOLA('',#5759,40.989996240279,8.8);
#5759 = AXIS2_PLACEMENT_3D('',#5760,#5761,#5762);
#5760 = CARTESIAN_POINT('',(51.221587063922,0.,8.8));
#5761 = DIRECTION('',(0.,0.,1.));
#5762 = DIRECTION('',(-1.,0.,0.));
#5763 = PCURVE('',#5686,#5764);
#5764 = DEFINITIONAL_REPRESENTATION('',(#5765),#5773);
#5765 = B_SPLINE_CURVE_WITH_KNOTS('',6,(#5766,#5767,#5768,#5769,#5770,
    #5771,#5772),.UNSPECIFIED.,.F.,.F.,(7,7),(-0.212798978092,
    0.212798978092),.PIECEWISE_BEZIER_KNOTS.);
#5766 = CARTESIAN_POINT('',(1.782007207154,3.392695526197E-15));
#5767 = CARTESIAN_POINT('',(1.712650503183,-0.623402426898));
#5768 = CARTESIAN_POINT('',(1.642056311193,-0.993691228309));
#5769 = CARTESIAN_POINT('',(1.570796326795,-1.116512337428));
#5770 = CARTESIAN_POINT('',(1.499536342396,-0.993691228309));
#5771 = CARTESIAN_POINT('',(1.428942150406,-0.623402426898));
#5772 = CARTESIAN_POINT('',(1.359585446436,3.392695526197E-15));
#5773 = ( GEOMETRIC_REPRESENTATION_CONTEXT(2) 
PARAMETRIC_REPRESENTATION_CONTEXT() REPRESENTATION_CONTEXT('2D SPACE',''
  ) );
#5774 = PCURVE('',#5775,#5780);
#5775 = PLANE('',#5776);
#5776 = AXIS2_PLACEMENT_3D('',#5777,#5778,#5779);
#5777 = CARTESIAN_POINT('',(0.,-3.579106033635,8.8));
#5778 = DIRECTION('',(0.,0.,1.));
#5779 = DIRECTION('',(0.,1.,0.));
#5780 = DEFINITIONAL_REPRESENTATION('',(#5781),#5785);
#5781 = HYPERBOLA('',#5782,40.989996240279,8.8);
#5782 = AXIS2_PLACEMENT_2D('',#5783,#5784);
#5783 = CARTESIAN_POINT('',(3.579106033635,-51.22158706392));
#5784 = DIRECTION('',(0.,1.));
#5785 = ( GEOMETRIC_REPRESENTATION_CONTEXT(2) 
PARAMETRIC_REPRESENTATION_CONTEXT() REPRESENTATION_CONTEXT('2D SPACE',''
  ) );
#5786 = ORIENTED_EDGE('',*,*,#5787,.T.);
#5787 = EDGE_CURVE('',#5755,#5788,#5790,.T.);
#5788 = VERTEX_POINT('',#5789);
#5789 = CARTESIAN_POINT('',(9.3,1.886796226411,-8.8));
#5790 = SURFACE_CURVE('',#5791,(#5796,#5803),.PCURVE_S1.);
#5791 = CIRCLE('',#5792,9.);
#5792 = AXIS2_PLACEMENT_3D('',#5793,#5794,#5795);
#5793 = CARTESIAN_POINT('',(9.3,0.,0.));
#5794 = DIRECTION('',(-1.,0.,0.));
#5795 = DIRECTION('',(0.,-1.,0.));
#5796 = PCURVE('',#5686,#5797);
#5797 = DEFINITIONAL_REPRESENTATION('',(#5798),#5802);
#5798 = LINE('',#5799,#5800);
#5799 = CARTESIAN_POINT('',(0.,-0.));
#5800 = VECTOR('',#5801,1.);
#5801 = DIRECTION('',(1.,-0.));
#5802 = ( GEOMETRIC_REPRESENTATION_CONTEXT(2) 
PARAMETRIC_REPRESENTATION_CONTEXT() REPRESENTATION_CONTEXT('2D SPACE',''
  ) );
#5803 = PCURVE('',#5804,#5809);
#5804 = CONICAL_SURFACE('',#5805,9.,0.785398163397);
#5805 = AXIS2_PLACEMENT_3D('',#5806,#5807,#5808);
#5806 = CARTESIAN_POINT('',(9.3,0.,0.));
#5807 = DIRECTION('',(-1.,-0.,-0.));
#5808 = DIRECTION('',(0.,-1.,0.));
#5809 = DEFINITIONAL_REPRESENTATION('',(#5810),#5814);
#5810 = LINE('',#5811,#5812);
#5811 = CARTESIAN_POINT('',(0.,0.));
#5812 = VECTOR('',#5813,1.);
#5813 = DIRECTION('',(1.,0.));
#5814 = ( GEOMETRIC_REPRESENTATION_CONTEXT(2) 
PARAMETRIC_REPRESENTATION_CONTEXT() REPRESENTATION_CONTEXT('2D SPACE',''
  ) );
#5815 = ORIENTED_EDGE('',*,*,#5816,.T.);
#5816 = EDGE_CURVE('',#5788,#5817,#5819,.T.);
#5817 = VERTEX_POINT('',#5818);
#5818 = CARTESIAN_POINT('',(9.3,-1.886796226411,-8.8));
#5819 = SURFACE_CURVE('',#5820,(#5825,#5836),.PCURVE_S1.);
#5820 = HYPERBOLA('',#5821,40.989996240279,8.8);
#5821 = AXIS2_PLACEMENT_3D('',#5822,#5823,#5824);
#5822 = CARTESIAN_POINT('',(51.221587063922,0.,-8.8));
#5823 = DIRECTION('',(0.,0.,1.));
#5824 = DIRECTION('',(-1.,0.,0.));
#5825 = PCURVE('',#5686,#5826);
#5826 = DEFINITIONAL_REPRESENTATION('',(#5827),#5835);
#5827 = B_SPLINE_CURVE_WITH_KNOTS('',6,(#5828,#5829,#5830,#5831,#5832,
    #5833,#5834),.UNSPECIFIED.,.F.,.F.,(7,7),(-0.212798978092,
    0.212798978092),.PIECEWISE_BEZIER_KNOTS.);
#5828 = CARTESIAN_POINT('',(4.501178100026,3.764229906587E-15));
#5829 = CARTESIAN_POINT('',(4.570534803996,-0.623402426898));
#5830 = CARTESIAN_POINT('',(4.641128995986,-0.993691228309));
#5831 = CARTESIAN_POINT('',(4.712388980385,-1.116512337428));
#5832 = CARTESIAN_POINT('',(4.783648964783,-0.993691228309));
#5833 = CARTESIAN_POINT('',(4.854243156773,-0.623402426898));
#5834 = CARTESIAN_POINT('',(4.923599860744,3.392695526197E-15));
#5835 = ( GEOMETRIC_REPRESENTATION_CONTEXT(2) 
PARAMETRIC_REPRESENTATION_CONTEXT() REPRESENTATION_CONTEXT('2D SPACE',''
  ) );
#5836 = PCURVE('',#5837,#5842);
#5837 = PLANE('',#5838);
#5838 = AXIS2_PLACEMENT_3D('',#5839,#5840,#5841);
#5839 = CARTESIAN_POINT('',(0.,-3.579106033635,-8.8));
#5840 = DIRECTION('',(0.,0.,1.));
#5841 = DIRECTION('',(0.,1.,0.));
#5842 = DEFINITIONAL_REPRESENTATION('',(#5843),#5847);
#5843 = HYPERBOLA('',#5844,40.989996240279,8.8);
#5844 = AXIS2_PLACEMENT_2D('',#5845,#5846);
#5845 = CARTESIAN_POINT('',(3.579106033635,-51.22158706392));
#5846 = DIRECTION('',(0.,1.));
#5847 = ( GEOMETRIC_REPRESENTATION_CONTEXT(2) 
PARAMETRIC_REPRESENTATION_CONTEXT() REPRESENTATION_CONTEXT('2D SPACE',''
  ) );
#5848 = ORIENTED_EDGE('',*,*,#5849,.T.);
#5849 = EDGE_CURVE('',#5817,#5703,#5850,.T.);
#5850 = SURFACE_CURVE('',#5851,(#5856,#5863),.PCURVE_S1.);
#5851 = CIRCLE('',#5852,9.);
#5852 = AXIS2_PLACEMENT_3D('',#5853,#5854,#5855);
#5853 = CARTESIAN_POINT('',(9.3,0.,0.));
#5854 = DIRECTION('',(-1.,0.,0.));
#5855 = DIRECTION('',(0.,-1.,0.));
#5856 = PCURVE('',#5686,#5857);
#5857 = DEFINITIONAL_REPRESENTATION('',(#5858),#5862);
#5858 = LINE('',#5859,#5860);
#5859 = CARTESIAN_POINT('',(0.,-0.));
#5860 = VECTOR('',#5861,1.);
#5861 = DIRECTION('',(1.,-0.));
#5862 = ( GEOMETRIC_REPRESENTATION_CONTEXT(2) 
PARAMETRIC_REPRESENTATION_CONTEXT() REPRESENTATION_CONTEXT('2D SPACE',''
  ) );
#5863 = PCURVE('',#5864,#5869);
#5864 = CONICAL_SURFACE('',#5865,9.,0.785398163397);
#5865 = AXIS2_PLACEMENT_3D('',#5866,#5867,#5868);
#5866 = CARTESIAN_POINT('',(9.3,0.,0.));
#5867 = DIRECTION('',(-1.,-0.,-0.));
#5868 = DIRECTION('',(0.,-1.,0.));
#5869 = DEFINITIONAL_REPRESENTATION('',(#5870),#5874);
#5870 = LINE('',#5871,#5872);
#5871 = CARTESIAN_POINT('',(0.,0.));
#5872 = VECTOR('',#5873,1.);
#5873 = DIRECTION('',(1.,0.));
#5874 = ( GEOMETRIC_REPRESENTATION_CONTEXT(2) 
PARAMETRIC_REPRESENTATION_CONTEXT() REPRESENTATION_CONTEXT('2D SPACE',''
  ) );
#5875 = ORIENTED_EDGE('',*,*,#5702,.T.);
#5876 = ORIENTED_EDGE('',*,*,#5671,.F.);
#5877 = ADVANCED_FACE('',(#5878),#5892,.T.);
#5878 = FACE_BOUND('',#5879,.T.);
#5879 = EDGE_LOOP('',(#5880,#5910,#5934,#5957));
#5880 = ORIENTED_EDGE('',*,*,#5881,.T.);
#5881 = EDGE_CURVE('',#5882,#5884,#5886,.T.);
#5882 = VERTEX_POINT('',#5883);
#5883 = CARTESIAN_POINT('',(0.,3.579106033635,8.8));
#5884 = VERTEX_POINT('',#5885);
#5885 = CARTESIAN_POINT('',(8.8,3.579106033635,8.8));
#5886 = SURFACE_CURVE('',#5887,(#5891,#5903),.PCURVE_S1.);
#5887 = LINE('',#5888,#5889);
#5888 = CARTESIAN_POINT('',(0.,3.579106033635,8.8));
#5889 = VECTOR('',#5890,1.);
#5890 = DIRECTION('',(1.,0.,0.));
#5891 = PCURVE('',#5892,#5897);
#5892 = CYLINDRICAL_SURFACE('',#5893,9.5);
#5893 = AXIS2_PLACEMENT_3D('',#5894,#5895,#5896);
#5894 = CARTESIAN_POINT('',(8.8,0.,0.));
#5895 = DIRECTION('',(-1.,-0.,-0.));
#5896 = DIRECTION('',(0.,-1.,0.));
#5897 = DEFINITIONAL_REPRESENTATION('',(#5898),#5902);
#5898 = LINE('',#5899,#5900);
#5899 = CARTESIAN_POINT('',(1.957079428091,8.8));
#5900 = VECTOR('',#5901,1.);
#5901 = DIRECTION('',(0.,-1.));
#5902 = ( GEOMETRIC_REPRESENTATION_CONTEXT(2) 
PARAMETRIC_REPRESENTATION_CONTEXT() REPRESENTATION_CONTEXT('2D SPACE',''
  ) );
#5903 = PCURVE('',#5775,#5904);
#5904 = DEFINITIONAL_REPRESENTATION('',(#5905),#5909);
#5905 = LINE('',#5906,#5907);
#5906 = CARTESIAN_POINT('',(7.158212067269,0.));
#5907 = VECTOR('',#5908,1.);
#5908 = DIRECTION('',(0.,-1.));
#5909 = ( GEOMETRIC_REPRESENTATION_CONTEXT(2) 
PARAMETRIC_REPRESENTATION_CONTEXT() REPRESENTATION_CONTEXT('2D SPACE',''
  ) );
#5910 = ORIENTED_EDGE('',*,*,#5911,.T.);
#5911 = EDGE_CURVE('',#5884,#5912,#5914,.T.);
#5912 = VERTEX_POINT('',#5913);
#5913 = CARTESIAN_POINT('',(8.8,3.579106033635,-8.8));
#5914 = SURFACE_CURVE('',#5915,(#5920,#5927),.PCURVE_S1.);
#5915 = CIRCLE('',#5916,9.5);
#5916 = AXIS2_PLACEMENT_3D('',#5917,#5918,#5919);
#5917 = CARTESIAN_POINT('',(8.8,0.,0.));
#5918 = DIRECTION('',(-1.,0.,0.));
#5919 = DIRECTION('',(0.,-1.,0.));
#5920 = PCURVE('',#5892,#5921);
#5921 = DEFINITIONAL_REPRESENTATION('',(#5922),#5926);
#5922 = LINE('',#5923,#5924);
#5923 = CARTESIAN_POINT('',(0.,0.));
#5924 = VECTOR('',#5925,1.);
#5925 = DIRECTION('',(1.,0.));
#5926 = ( GEOMETRIC_REPRESENTATION_CONTEXT(2) 
PARAMETRIC_REPRESENTATION_CONTEXT() REPRESENTATION_CONTEXT('2D SPACE',''
  ) );
#5927 = PCURVE('',#5804,#5928);
#5928 = DEFINITIONAL_REPRESENTATION('',(#5929),#5933);
#5929 = LINE('',#5930,#5931);
#5930 = CARTESIAN_POINT('',(0.,0.5));
#5931 = VECTOR('',#5932,1.);
#5932 = DIRECTION('',(1.,0.));
#5933 = ( GEOMETRIC_REPRESENTATION_CONTEXT(2) 
PARAMETRIC_REPRESENTATION_CONTEXT() REPRESENTATION_CONTEXT('2D SPACE',''
  ) );
#5934 = ORIENTED_EDGE('',*,*,#5935,.F.);
#5935 = EDGE_CURVE('',#5936,#5912,#5938,.T.);
#5936 = VERTEX_POINT('',#5937);
#5937 = CARTESIAN_POINT('',(0.,3.579106033635,-8.8));
#5938 = SURFACE_CURVE('',#5939,(#5943,#5950),.PCURVE_S1.);
#5939 = LINE('',#5940,#5941);
#5940 = CARTESIAN_POINT('',(0.,3.579106033635,-8.8));
#5941 = VECTOR('',#5942,1.);
#5942 = DIRECTION('',(1.,0.,0.));
#5943 = PCURVE('',#5892,#5944);
#5944 = DEFINITIONAL_REPRESENTATION('',(#5945),#5949);
#5945 = LINE('',#5946,#5947);
#5946 = CARTESIAN_POINT('',(4.326105879089,8.8));
#5947 = VECTOR('',#5948,1.);
#5948 = DIRECTION('',(0.,-1.));
#5949 = ( GEOMETRIC_REPRESENTATION_CONTEXT(2) 
PARAMETRIC_REPRESENTATION_CONTEXT() REPRESENTATION_CONTEXT('2D SPACE',''
  ) );
#5950 = PCURVE('',#5837,#5951);
#5951 = DEFINITIONAL_REPRESENTATION('',(#5952),#5956);
#5952 = LINE('',#5953,#5954);
#5953 = CARTESIAN_POINT('',(7.158212067269,0.));
#5954 = VECTOR('',#5955,1.);
#5955 = DIRECTION('',(0.,-1.));
#5956 = ( GEOMETRIC_REPRESENTATION_CONTEXT(2) 
PARAMETRIC_REPRESENTATION_CONTEXT() REPRESENTATION_CONTEXT('2D SPACE',''
  ) );
#5957 = ORIENTED_EDGE('',*,*,#5958,.F.);
#5958 = EDGE_CURVE('',#5882,#5936,#5959,.T.);
#5959 = SURFACE_CURVE('',#5960,(#5965,#5972),.PCURVE_S1.);
#5960 = CIRCLE('',#5961,9.5);
#5961 = AXIS2_PLACEMENT_3D('',#5962,#5963,#5964);
#5962 = CARTESIAN_POINT('',(0.,0.,0.));
#5963 = DIRECTION('',(-1.,0.,0.));
#5964 = DIRECTION('',(0.,-1.,0.));
#5965 = PCURVE('',#5892,#5966);
#5966 = DEFINITIONAL_REPRESENTATION('',(#5967),#5971);
#5967 = LINE('',#5968,#5969);
#5968 = CARTESIAN_POINT('',(0.,8.8));
#5969 = VECTOR('',#5970,1.);
#5970 = DIRECTION('',(1.,0.));
#5971 = ( GEOMETRIC_REPRESENTATION_CONTEXT(2) 
PARAMETRIC_REPRESENTATION_CONTEXT() REPRESENTATION_CONTEXT('2D SPACE',''
  ) );
#5972 = PCURVE('',#5377,#5973);
#5973 = DEFINITIONAL_REPRESENTATION('',(#5974),#5978);
#5974 = CIRCLE('',#5975,9.5);
#5975 = AXIS2_PLACEMENT_2D('',#5976,#5977);
#5976 = CARTESIAN_POINT('',(0.,0.));
#5977 = DIRECTION('',(1.,0.));
#5978 = ( GEOMETRIC_REPRESENTATION_CONTEXT(2) 
PARAMETRIC_REPRESENTATION_CONTEXT() REPRESENTATION_CONTEXT('2D SPACE',''
  ) );
#5979 = ADVANCED_FACE('',(#5980),#5775,.T.);
#5980 = FACE_BOUND('',#5981,.T.);
#5981 = EDGE_LOOP('',(#5982,#6005,#6033,#6058,#6059,#6084));
#5982 = ORIENTED_EDGE('',*,*,#5983,.F.);
#5983 = EDGE_CURVE('',#5984,#5882,#5986,.T.);
#5984 = VERTEX_POINT('',#5985);
#5985 = CARTESIAN_POINT('',(0.,-3.579106033635,8.8));
#5986 = SURFACE_CURVE('',#5987,(#5991,#5998),.PCURVE_S1.);
#5987 = LINE('',#5988,#5989);
#5988 = CARTESIAN_POINT('',(0.,-3.579106033635,8.8));
#5989 = VECTOR('',#5990,1.);
#5990 = DIRECTION('',(0.,1.,0.));
#5991 = PCURVE('',#5775,#5992);
#5992 = DEFINITIONAL_REPRESENTATION('',(#5993),#5997);
#5993 = LINE('',#5994,#5995);
#5994 = CARTESIAN_POINT('',(0.,0.));
#5995 = VECTOR('',#5996,1.);
#5996 = DIRECTION('',(1.,0.));
#5997 = ( GEOMETRIC_REPRESENTATION_CONTEXT(2) 
PARAMETRIC_REPRESENTATION_CONTEXT() REPRESENTATION_CONTEXT('2D SPACE',''
  ) );
#5998 = PCURVE('',#5377,#5999);
#5999 = DEFINITIONAL_REPRESENTATION('',(#6000),#6004);
#6000 = LINE('',#6001,#6002);
#6001 = CARTESIAN_POINT('',(3.579106033635,8.8));
#6002 = VECTOR('',#6003,1.);
#6003 = DIRECTION('',(-1.,0.));
#6004 = ( GEOMETRIC_REPRESENTATION_CONTEXT(2) 
PARAMETRIC_REPRESENTATION_CONTEXT() REPRESENTATION_CONTEXT('2D SPACE',''
  ) );
#6005 = ORIENTED_EDGE('',*,*,#6006,.T.);
#6006 = EDGE_CURVE('',#5984,#6007,#6009,.T.);
#6007 = VERTEX_POINT('',#6008);
#6008 = CARTESIAN_POINT('',(8.8,-3.579106033635,8.8));
#6009 = SURFACE_CURVE('',#6010,(#6014,#6021),.PCURVE_S1.);
#6010 = LINE('',#6011,#6012);
#6011 = CARTESIAN_POINT('',(0.,-3.579106033635,8.8));
#6012 = VECTOR('',#6013,1.);
#6013 = DIRECTION('',(1.,0.,0.));
#6014 = PCURVE('',#5775,#6015);
#6015 = DEFINITIONAL_REPRESENTATION('',(#6016),#6020);
#6016 = LINE('',#6017,#6018);
#6017 = CARTESIAN_POINT('',(-4.440892098501E-16,0.));
#6018 = VECTOR('',#6019,1.);
#6019 = DIRECTION('',(0.,-1.));
#6020 = ( GEOMETRIC_REPRESENTATION_CONTEXT(2) 
PARAMETRIC_REPRESENTATION_CONTEXT() REPRESENTATION_CONTEXT('2D SPACE',''
  ) );
#6021 = PCURVE('',#6022,#6027);
#6022 = CYLINDRICAL_SURFACE('',#6023,9.5);
#6023 = AXIS2_PLACEMENT_3D('',#6024,#6025,#6026);
#6024 = CARTESIAN_POINT('',(8.8,0.,0.));
#6025 = DIRECTION('',(-1.,-0.,-0.));
#6026 = DIRECTION('',(0.,-1.,0.));
#6027 = DEFINITIONAL_REPRESENTATION('',(#6028),#6032);
#6028 = LINE('',#6029,#6030);
#6029 = CARTESIAN_POINT('',(1.184513225499,8.8));
#6030 = VECTOR('',#6031,1.);
#6031 = DIRECTION('',(0.,-1.));
#6032 = ( GEOMETRIC_REPRESENTATION_CONTEXT(2) 
PARAMETRIC_REPRESENTATION_CONTEXT() REPRESENTATION_CONTEXT('2D SPACE',''
  ) );
#6033 = ORIENTED_EDGE('',*,*,#6034,.F.);
#6034 = EDGE_CURVE('',#5726,#6007,#6035,.T.);
#6035 = SURFACE_CURVE('',#6036,(#6041,#6048),.PCURVE_S1.);
#6036 = HYPERBOLA('',#6037,8.8,8.8);
#6037 = AXIS2_PLACEMENT_3D('',#6038,#6039,#6040);
#6038 = CARTESIAN_POINT('',(18.3,0.,8.8));
#6039 = DIRECTION('',(0.,0.,1.));
#6040 = DIRECTION('',(-1.,0.,0.));
#6041 = PCURVE('',#5775,#6042);
#6042 = DEFINITIONAL_REPRESENTATION('',(#6043),#6047);
#6043 = HYPERBOLA('',#6044,8.8,8.8);
#6044 = AXIS2_PLACEMENT_2D('',#6045,#6046);
#6045 = CARTESIAN_POINT('',(3.579106033635,-18.3));
#6046 = DIRECTION('',(0.,1.));
#6047 = ( GEOMETRIC_REPRESENTATION_CONTEXT(2) 
PARAMETRIC_REPRESENTATION_CONTEXT() REPRESENTATION_CONTEXT('2D SPACE',''
  ) );
#6048 = PCURVE('',#5742,#6049);
#6049 = DEFINITIONAL_REPRESENTATION('',(#6050),#6057);
#6050 = B_SPLINE_CURVE_WITH_KNOTS('',5,(#6051,#6052,#6053,#6054,#6055,
    #6056),.UNSPECIFIED.,.F.,.F.,(6,6),(0.212798978092,0.396264276157),
  .PIECEWISE_BEZIER_KNOTS.);
#6051 = CARTESIAN_POINT('',(1.359585446436,-8.909545442951E-16));
#6052 = CARTESIAN_POINT('',(1.323707788147,6.923232641327E-02));
#6053 = CARTESIAN_POINT('',(1.288175100254,0.153611424191));
#6054 = CARTESIAN_POINT('',(1.253079269044,0.253331557083));
#6055 = CARTESIAN_POINT('',(1.218502585983,0.368671648947));
#6056 = CARTESIAN_POINT('',(1.184513225499,0.5));
#6057 = ( GEOMETRIC_REPRESENTATION_CONTEXT(2) 
PARAMETRIC_REPRESENTATION_CONTEXT() REPRESENTATION_CONTEXT('2D SPACE',''
  ) );
#6058 = ORIENTED_EDGE('',*,*,#5754,.F.);
#6059 = ORIENTED_EDGE('',*,*,#6060,.F.);
#6060 = EDGE_CURVE('',#5884,#5755,#6061,.T.);
#6061 = SURFACE_CURVE('',#6062,(#6067,#6074),.PCURVE_S1.);
#6062 = HYPERBOLA('',#6063,8.8,8.8);
#6063 = AXIS2_PLACEMENT_3D('',#6064,#6065,#6066);
#6064 = CARTESIAN_POINT('',(18.3,0.,8.8));
#6065 = DIRECTION('',(0.,0.,1.));
#6066 = DIRECTION('',(-1.,0.,0.));
#6067 = PCURVE('',#5775,#6068);
#6068 = DEFINITIONAL_REPRESENTATION('',(#6069),#6073);
#6069 = HYPERBOLA('',#6070,8.8,8.8);
#6070 = AXIS2_PLACEMENT_2D('',#6071,#6072);
#6071 = CARTESIAN_POINT('',(3.579106033635,-18.3));
#6072 = DIRECTION('',(0.,1.));
#6073 = ( GEOMETRIC_REPRESENTATION_CONTEXT(2) 
PARAMETRIC_REPRESENTATION_CONTEXT() REPRESENTATION_CONTEXT('2D SPACE',''
  ) );
#6074 = PCURVE('',#5804,#6075);
#6075 = DEFINITIONAL_REPRESENTATION('',(#6076),#6083);
#6076 = B_SPLINE_CURVE_WITH_KNOTS('',5,(#6077,#6078,#6079,#6080,#6081,
    #6082),.UNSPECIFIED.,.F.,.F.,(6,6),(-0.396264276157,-0.212798978092)
  ,.PIECEWISE_BEZIER_KNOTS.);
#6077 = CARTESIAN_POINT('',(1.957079428091,0.5));
#6078 = CARTESIAN_POINT('',(1.923090067607,0.368671648947));
#6079 = CARTESIAN_POINT('',(1.888513384546,0.253331557083));
#6080 = CARTESIAN_POINT('',(1.853417553335,0.153611424191));
#6081 = CARTESIAN_POINT('',(1.817884865442,6.923232641327E-02));
#6082 = CARTESIAN_POINT('',(1.782007207154,-8.909545442951E-16));
#6083 = ( GEOMETRIC_REPRESENTATION_CONTEXT(2) 
PARAMETRIC_REPRESENTATION_CONTEXT() REPRESENTATION_CONTEXT('2D SPACE',''
  ) );
#6084 = ORIENTED_EDGE('',*,*,#5881,.F.);
#6085 = ADVANCED_FACE('',(#6086),#5742,.T.);
#6086 = FACE_BOUND('',#6087,.T.);
#6087 = EDGE_LOOP('',(#6088,#6111,#6112,#6113));
#6088 = ORIENTED_EDGE('',*,*,#6089,.F.);
#6089 = EDGE_CURVE('',#5703,#6090,#6092,.T.);
#6090 = VERTEX_POINT('',#6091);
#6091 = CARTESIAN_POINT('',(8.8,-9.5,0.));
#6092 = SURFACE_CURVE('',#6093,(#6097,#6104),.PCURVE_S1.);
#6093 = LINE('',#6094,#6095);
#6094 = CARTESIAN_POINT('',(9.3,-9.,0.));
#6095 = VECTOR('',#6096,1.);
#6096 = DIRECTION('',(-0.707106781187,-0.707106781187,0.));
#6097 = PCURVE('',#5742,#6098);
#6098 = DEFINITIONAL_REPRESENTATION('',(#6099),#6103);
#6099 = LINE('',#6100,#6101);
#6100 = CARTESIAN_POINT('',(0.,0.));
#6101 = VECTOR('',#6102,1.);
#6102 = DIRECTION('',(0.,1.));
#6103 = ( GEOMETRIC_REPRESENTATION_CONTEXT(2) 
PARAMETRIC_REPRESENTATION_CONTEXT() REPRESENTATION_CONTEXT('2D SPACE',''
  ) );
#6104 = PCURVE('',#5864,#6105);
#6105 = DEFINITIONAL_REPRESENTATION('',(#6106),#6110);
#6106 = LINE('',#6107,#6108);
#6107 = CARTESIAN_POINT('',(6.28318530718,0.));
#6108 = VECTOR('',#6109,1.);
#6109 = DIRECTION('',(0.,1.));
#6110 = ( GEOMETRIC_REPRESENTATION_CONTEXT(2) 
PARAMETRIC_REPRESENTATION_CONTEXT() REPRESENTATION_CONTEXT('2D SPACE',''
  ) );
#6111 = ORIENTED_EDGE('',*,*,#5725,.T.);
#6112 = ORIENTED_EDGE('',*,*,#6034,.T.);
#6113 = ORIENTED_EDGE('',*,*,#6114,.F.);
#6114 = EDGE_CURVE('',#6090,#6007,#6115,.T.);
#6115 = SURFACE_CURVE('',#6116,(#6121,#6128),.PCURVE_S1.);
#6116 = CIRCLE('',#6117,9.5);
#6117 = AXIS2_PLACEMENT_3D('',#6118,#6119,#6120);
#6118 = CARTESIAN_POINT('',(8.8,0.,0.));
#6119 = DIRECTION('',(-1.,0.,0.));
#6120 = DIRECTION('',(0.,-1.,0.));
#6121 = PCURVE('',#5742,#6122);
#6122 = DEFINITIONAL_REPRESENTATION('',(#6123),#6127);
#6123 = LINE('',#6124,#6125);
#6124 = CARTESIAN_POINT('',(0.,0.5));
#6125 = VECTOR('',#6126,1.);
#6126 = DIRECTION('',(1.,0.));
#6127 = ( GEOMETRIC_REPRESENTATION_CONTEXT(2) 
PARAMETRIC_REPRESENTATION_CONTEXT() REPRESENTATION_CONTEXT('2D SPACE',''
  ) );
#6128 = PCURVE('',#6022,#6129);
#6129 = DEFINITIONAL_REPRESENTATION('',(#6130),#6134);
#6130 = LINE('',#6131,#6132);
#6131 = CARTESIAN_POINT('',(0.,0.));
#6132 = VECTOR('',#6133,1.);
#6133 = DIRECTION('',(1.,0.));
#6134 = ( GEOMETRIC_REPRESENTATION_CONTEXT(2) 
PARAMETRIC_REPRESENTATION_CONTEXT() REPRESENTATION_CONTEXT('2D SPACE',''
  ) );
#6135 = ADVANCED_FACE('',(#6136),#5837,.F.);
#6136 = FACE_BOUND('',#6137,.F.);
#6137 = EDGE_LOOP('',(#6138,#6161,#6184,#6209,#6210,#6235));
#6138 = ORIENTED_EDGE('',*,*,#6139,.F.);
#6139 = EDGE_CURVE('',#6140,#5936,#6142,.T.);
#6140 = VERTEX_POINT('',#6141);
#6141 = CARTESIAN_POINT('',(0.,-3.579106033635,-8.8));
#6142 = SURFACE_CURVE('',#6143,(#6147,#6154),.PCURVE_S1.);
#6143 = LINE('',#6144,#6145);
#6144 = CARTESIAN_POINT('',(0.,-3.579106033635,-8.8));
#6145 = VECTOR('',#6146,1.);
#6146 = DIRECTION('',(0.,1.,0.));
#6147 = PCURVE('',#5837,#6148);
#6148 = DEFINITIONAL_REPRESENTATION('',(#6149),#6153);
#6149 = LINE('',#6150,#6151);
#6150 = CARTESIAN_POINT('',(0.,0.));
#6151 = VECTOR('',#6152,1.);
#6152 = DIRECTION('',(1.,0.));
#6153 = ( GEOMETRIC_REPRESENTATION_CONTEXT(2) 
PARAMETRIC_REPRESENTATION_CONTEXT() REPRESENTATION_CONTEXT('2D SPACE',''
  ) );
#6154 = PCURVE('',#5377,#6155);
#6155 = DEFINITIONAL_REPRESENTATION('',(#6156),#6160);
#6156 = LINE('',#6157,#6158);
#6157 = CARTESIAN_POINT('',(3.579106033635,-8.8));
#6158 = VECTOR('',#6159,1.);
#6159 = DIRECTION('',(-1.,0.));
#6160 = ( GEOMETRIC_REPRESENTATION_CONTEXT(2) 
PARAMETRIC_REPRESENTATION_CONTEXT() REPRESENTATION_CONTEXT('2D SPACE',''
  ) );
#6161 = ORIENTED_EDGE('',*,*,#6162,.T.);
#6162 = EDGE_CURVE('',#6140,#6163,#6165,.T.);
#6163 = VERTEX_POINT('',#6164);
#6164 = CARTESIAN_POINT('',(8.8,-3.579106033635,-8.8));
#6165 = SURFACE_CURVE('',#6166,(#6170,#6177),.PCURVE_S1.);
#6166 = LINE('',#6167,#6168);
#6167 = CARTESIAN_POINT('',(0.,-3.579106033635,-8.8));
#6168 = VECTOR('',#6169,1.);
#6169 = DIRECTION('',(1.,0.,0.));
#6170 = PCURVE('',#5837,#6171);
#6171 = DEFINITIONAL_REPRESENTATION('',(#6172),#6176);
#6172 = LINE('',#6173,#6174);
#6173 = CARTESIAN_POINT('',(0.,0.));
#6174 = VECTOR('',#6175,1.);
#6175 = DIRECTION('',(0.,-1.));
#6176 = ( GEOMETRIC_REPRESENTATION_CONTEXT(2) 
PARAMETRIC_REPRESENTATION_CONTEXT() REPRESENTATION_CONTEXT('2D SPACE',''
  ) );
#6177 = PCURVE('',#6022,#6178);
#6178 = DEFINITIONAL_REPRESENTATION('',(#6179),#6183);
#6179 = LINE('',#6180,#6181);
#6180 = CARTESIAN_POINT('',(-1.184513225499,8.8));
#6181 = VECTOR('',#6182,1.);
#6182 = DIRECTION('',(0.,-1.));
#6183 = ( GEOMETRIC_REPRESENTATION_CONTEXT(2) 
PARAMETRIC_REPRESENTATION_CONTEXT() REPRESENTATION_CONTEXT('2D SPACE',''
  ) );
#6184 = ORIENTED_EDGE('',*,*,#6185,.F.);
#6185 = EDGE_CURVE('',#5817,#6163,#6186,.T.);
#6186 = SURFACE_CURVE('',#6187,(#6192,#6199),.PCURVE_S1.);
#6187 = HYPERBOLA('',#6188,8.8,8.8);
#6188 = AXIS2_PLACEMENT_3D('',#6189,#6190,#6191);
#6189 = CARTESIAN_POINT('',(18.3,0.,-8.8));
#6190 = DIRECTION('',(0.,0.,1.));
#6191 = DIRECTION('',(-1.,0.,0.));
#6192 = PCURVE('',#5837,#6193);
#6193 = DEFINITIONAL_REPRESENTATION('',(#6194),#6198);
#6194 = HYPERBOLA('',#6195,8.8,8.8);
#6195 = AXIS2_PLACEMENT_2D('',#6196,#6197);
#6196 = CARTESIAN_POINT('',(3.579106033635,-18.3));
#6197 = DIRECTION('',(0.,1.));
#6198 = ( GEOMETRIC_REPRESENTATION_CONTEXT(2) 
PARAMETRIC_REPRESENTATION_CONTEXT() REPRESENTATION_CONTEXT('2D SPACE',''
  ) );
#6199 = PCURVE('',#5864,#6200);
#6200 = DEFINITIONAL_REPRESENTATION('',(#6201),#6208);
#6201 = B_SPLINE_CURVE_WITH_KNOTS('',5,(#6202,#6203,#6204,#6205,#6206,
    #6207),.UNSPECIFIED.,.F.,.F.,(6,6),(0.212798978092,0.396264276157),
  .PIECEWISE_BEZIER_KNOTS.);
#6202 = CARTESIAN_POINT('',(4.923599860744,-8.909545442951E-16));
#6203 = CARTESIAN_POINT('',(4.959477519032,6.923232641327E-02));
#6204 = CARTESIAN_POINT('',(4.995010206925,0.153611424191));
#6205 = CARTESIAN_POINT('',(5.030106038136,0.253331557083));
#6206 = CARTESIAN_POINT('',(5.064682721197,0.368671648947));
#6207 = CARTESIAN_POINT('',(5.098672081681,0.5));
#6208 = ( GEOMETRIC_REPRESENTATION_CONTEXT(2) 
PARAMETRIC_REPRESENTATION_CONTEXT() REPRESENTATION_CONTEXT('2D SPACE',''
  ) );
#6209 = ORIENTED_EDGE('',*,*,#5816,.F.);
#6210 = ORIENTED_EDGE('',*,*,#6211,.F.);
#6211 = EDGE_CURVE('',#5912,#5788,#6212,.T.);
#6212 = SURFACE_CURVE('',#6213,(#6218,#6225),.PCURVE_S1.);
#6213 = HYPERBOLA('',#6214,8.8,8.8);
#6214 = AXIS2_PLACEMENT_3D('',#6215,#6216,#6217);
#6215 = CARTESIAN_POINT('',(18.3,0.,-8.8));
#6216 = DIRECTION('',(0.,0.,1.));
#6217 = DIRECTION('',(-1.,0.,0.));
#6218 = PCURVE('',#5837,#6219);
#6219 = DEFINITIONAL_REPRESENTATION('',(#6220),#6224);
#6220 = HYPERBOLA('',#6221,8.8,8.8);
#6221 = AXIS2_PLACEMENT_2D('',#6222,#6223);
#6222 = CARTESIAN_POINT('',(3.579106033635,-18.3));
#6223 = DIRECTION('',(0.,1.));
#6224 = ( GEOMETRIC_REPRESENTATION_CONTEXT(2) 
PARAMETRIC_REPRESENTATION_CONTEXT() REPRESENTATION_CONTEXT('2D SPACE',''
  ) );
#6225 = PCURVE('',#5804,#6226);
#6226 = DEFINITIONAL_REPRESENTATION('',(#6227),#6234);
#6227 = B_SPLINE_CURVE_WITH_KNOTS('',5,(#6228,#6229,#6230,#6231,#6232,
    #6233),.UNSPECIFIED.,.F.,.F.,(6,6),(-0.396264276157,-0.212798978092)
  ,.PIECEWISE_BEZIER_KNOTS.);
#6228 = CARTESIAN_POINT('',(4.326105879089,0.5));
#6229 = CARTESIAN_POINT('',(4.360095239572,0.368671648947));
#6230 = CARTESIAN_POINT('',(4.394671922634,0.253331557083));
#6231 = CARTESIAN_POINT('',(4.429767753844,0.153611424191));
#6232 = CARTESIAN_POINT('',(4.465300441737,6.923232641327E-02));
#6233 = CARTESIAN_POINT('',(4.501178100026,0.));
#6234 = ( GEOMETRIC_REPRESENTATION_CONTEXT(2) 
PARAMETRIC_REPRESENTATION_CONTEXT() REPRESENTATION_CONTEXT('2D SPACE',''
  ) );
#6235 = ORIENTED_EDGE('',*,*,#5935,.F.);
#6236 = ADVANCED_FACE('',(#6237),#5804,.T.);
#6237 = FACE_BOUND('',#6238,.T.);
#6238 = EDGE_LOOP('',(#6239,#6240,#6241,#6242));
#6239 = ORIENTED_EDGE('',*,*,#6060,.T.);
#6240 = ORIENTED_EDGE('',*,*,#5787,.T.);
#6241 = ORIENTED_EDGE('',*,*,#6211,.F.);
#6242 = ORIENTED_EDGE('',*,*,#5911,.F.);
#6243 = ADVANCED_FACE('',(#6244),#5864,.T.);
#6244 = FACE_BOUND('',#6245,.T.);
#6245 = EDGE_LOOP('',(#6246,#6247,#6248,#6270));
#6246 = ORIENTED_EDGE('',*,*,#5849,.T.);
#6247 = ORIENTED_EDGE('',*,*,#6089,.T.);
#6248 = ORIENTED_EDGE('',*,*,#6249,.F.);
#6249 = EDGE_CURVE('',#6163,#6090,#6250,.T.);
#6250 = SURFACE_CURVE('',#6251,(#6256,#6263),.PCURVE_S1.);
#6251 = CIRCLE('',#6252,9.5);
#6252 = AXIS2_PLACEMENT_3D('',#6253,#6254,#6255);
#6253 = CARTESIAN_POINT('',(8.8,0.,0.));
#6254 = DIRECTION('',(-1.,0.,0.));
#6255 = DIRECTION('',(0.,-1.,0.));
#6256 = PCURVE('',#5864,#6257);
#6257 = DEFINITIONAL_REPRESENTATION('',(#6258),#6262);
#6258 = LINE('',#6259,#6260);
#6259 = CARTESIAN_POINT('',(0.,0.5));
#6260 = VECTOR('',#6261,1.);
#6261 = DIRECTION('',(1.,0.));
#6262 = ( GEOMETRIC_REPRESENTATION_CONTEXT(2) 
PARAMETRIC_REPRESENTATION_CONTEXT() REPRESENTATION_CONTEXT('2D SPACE',''
  ) );
#6263 = PCURVE('',#6022,#6264);
#6264 = DEFINITIONAL_REPRESENTATION('',(#6265),#6269);
#6265 = LINE('',#6266,#6267);
#6266 = CARTESIAN_POINT('',(-6.28318530718,0.));
#6267 = VECTOR('',#6268,1.);
#6268 = DIRECTION('',(1.,0.));
#6269 = ( GEOMETRIC_REPRESENTATION_CONTEXT(2) 
PARAMETRIC_REPRESENTATION_CONTEXT() REPRESENTATION_CONTEXT('2D SPACE',''
  ) );
#6270 = ORIENTED_EDGE('',*,*,#6185,.F.);
#6271 = ADVANCED_FACE('',(#6272,#6275),#5377,.F.);
#6272 = FACE_BOUND('',#6273,.T.);
#6273 = EDGE_LOOP('',(#6274));
#6274 = ORIENTED_EDGE('',*,*,#5362,.F.);
#6275 = FACE_BOUND('',#6276,.F.);
#6276 = EDGE_LOOP('',(#6277,#6301,#6302,#6303,#6304));
#6277 = ORIENTED_EDGE('',*,*,#6278,.F.);
#6278 = EDGE_CURVE('',#6140,#6279,#6281,.T.);
#6279 = VERTEX_POINT('',#6280);
#6280 = CARTESIAN_POINT('',(0.,-9.5,0.));
#6281 = SURFACE_CURVE('',#6282,(#6287,#6294),.PCURVE_S1.);
#6282 = CIRCLE('',#6283,9.5);
#6283 = AXIS2_PLACEMENT_3D('',#6284,#6285,#6286);
#6284 = CARTESIAN_POINT('',(0.,0.,0.));
#6285 = DIRECTION('',(-1.,0.,0.));
#6286 = DIRECTION('',(0.,-1.,0.));
#6287 = PCURVE('',#5377,#6288);
#6288 = DEFINITIONAL_REPRESENTATION('',(#6289),#6293);
#6289 = CIRCLE('',#6290,9.5);
#6290 = AXIS2_PLACEMENT_2D('',#6291,#6292);
#6291 = CARTESIAN_POINT('',(0.,0.));
#6292 = DIRECTION('',(1.,0.));
#6293 = ( GEOMETRIC_REPRESENTATION_CONTEXT(2) 
PARAMETRIC_REPRESENTATION_CONTEXT() REPRESENTATION_CONTEXT('2D SPACE',''
  ) );
#6294 = PCURVE('',#6022,#6295);
#6295 = DEFINITIONAL_REPRESENTATION('',(#6296),#6300);
#6296 = LINE('',#6297,#6298);
#6297 = CARTESIAN_POINT('',(-6.28318530718,8.8));
#6298 = VECTOR('',#6299,1.);
#6299 = DIRECTION('',(1.,0.));
#6300 = ( GEOMETRIC_REPRESENTATION_CONTEXT(2) 
PARAMETRIC_REPRESENTATION_CONTEXT() REPRESENTATION_CONTEXT('2D SPACE',''
  ) );
#6301 = ORIENTED_EDGE('',*,*,#6139,.T.);
#6302 = ORIENTED_EDGE('',*,*,#5958,.F.);
#6303 = ORIENTED_EDGE('',*,*,#5983,.F.);
#6304 = ORIENTED_EDGE('',*,*,#6305,.F.);
#6305 = EDGE_CURVE('',#6279,#5984,#6306,.T.);
#6306 = SURFACE_CURVE('',#6307,(#6312,#6319),.PCURVE_S1.);
#6307 = CIRCLE('',#6308,9.5);
#6308 = AXIS2_PLACEMENT_3D('',#6309,#6310,#6311);
#6309 = CARTESIAN_POINT('',(0.,0.,0.));
#6310 = DIRECTION('',(-1.,0.,0.));
#6311 = DIRECTION('',(0.,-1.,0.));
#6312 = PCURVE('',#5377,#6313);
#6313 = DEFINITIONAL_REPRESENTATION('',(#6314),#6318);
#6314 = CIRCLE('',#6315,9.5);
#6315 = AXIS2_PLACEMENT_2D('',#6316,#6317);
#6316 = CARTESIAN_POINT('',(0.,0.));
#6317 = DIRECTION('',(1.,0.));
#6318 = ( GEOMETRIC_REPRESENTATION_CONTEXT(2) 
PARAMETRIC_REPRESENTATION_CONTEXT() REPRESENTATION_CONTEXT('2D SPACE',''
  ) );
#6319 = PCURVE('',#6022,#6320);
#6320 = DEFINITIONAL_REPRESENTATION('',(#6321),#6325);
#6321 = LINE('',#6322,#6323);
#6322 = CARTESIAN_POINT('',(0.,8.8));
#6323 = VECTOR('',#6324,1.);
#6324 = DIRECTION('',(1.,0.));
#6325 = ( GEOMETRIC_REPRESENTATION_CONTEXT(2) 
PARAMETRIC_REPRESENTATION_CONTEXT() REPRESENTATION_CONTEXT('2D SPACE',''
  ) );
#6326 = ADVANCED_FACE('',(#6327),#6022,.T.);
#6327 = FACE_BOUND('',#6328,.T.);
#6328 = EDGE_LOOP('',(#6329,#6330,#6331,#6332,#6333,#6334));
#6329 = ORIENTED_EDGE('',*,*,#6278,.F.);
#6330 = ORIENTED_EDGE('',*,*,#6162,.T.);
#6331 = ORIENTED_EDGE('',*,*,#6249,.T.);
#6332 = ORIENTED_EDGE('',*,*,#6114,.T.);
#6333 = ORIENTED_EDGE('',*,*,#6006,.F.);
#6334 = ORIENTED_EDGE('',*,*,#6305,.F.);
#6335 = ( GEOMETRIC_REPRESENTATION_CONTEXT(3) 
GLOBAL_UNCERTAINTY_ASSIGNED_CONTEXT((#6339)) 
GLOBAL_UNIT_ASSIGNED_CONTEXT((#6336,#6337,#6338)) REPRESENTATION_CONTEXT
('Context #1','3D Context with UNIT and UNCERTAINTY') );
#6336 = ( LENGTH_UNIT() NAMED_UNIT(*) SI_UNIT(.MILLI.,.METRE.) );
#6337 = ( NAMED_UNIT(*) PLANE_ANGLE_UNIT() SI_UNIT($,.RADIAN.) );
#6338 = ( NAMED_UNIT(*) SI_UNIT($,.STERADIAN.) SOLID_ANGLE_UNIT() );
#6339 = UNCERTAINTY_MEASURE_WITH_UNIT(LENGTH_MEASURE(5.E-06),#6336,
  'distance_accuracy_value','confusion accuracy');
#6340 = CONTEXT_DEPENDENT_SHAPE_REPRESENTATION(#6341,#6343);
#6341 = ( REPRESENTATION_RELATIONSHIP('','',#4294,#10) 
REPRESENTATION_RELATIONSHIP_WITH_TRANSFORMATION(#6342) 
SHAPE_REPRESENTATION_RELATIONSHIP() );
#6342 = ITEM_DEFINED_TRANSFORMATION('','',#11,#27);
#6343 = PRODUCT_DEFINITION_SHAPE('Placement','Placement of an item',
  #6344);
#6344 = NEXT_ASSEMBLY_USAGE_OCCURRENCE('292','Body','',#5,#4289,$);
#6345 = PRODUCT_RELATED_PRODUCT_CATEGORY('part',$,(#4291));
#6346 = SHAPE_DEFINITION_REPRESENTATION(#6347,#6353);
#6347 = PRODUCT_DEFINITION_SHAPE('','',#6348);
#6348 = PRODUCT_DEFINITION('design','',#6349,#6352);
#6349 = PRODUCT_DEFINITION_FORMATION('','',#6350);
#6350 = PRODUCT('Array','Array','',(#6351));
#6351 = PRODUCT_CONTEXT('',#2,'mechanical');
#6352 = PRODUCT_DEFINITION_CONTEXT('part definition',#2,'design');
#6353 = SHAPE_REPRESENTATION('',(#11,#6354,#6358,#6362,#6366,#6370),
  #6374);
#6354 = AXIS2_PLACEMENT_3D('',#6355,#6356,#6357);
#6355 = CARTESIAN_POINT('',(0.,2.75,0.));
#6356 = DIRECTION('',(0.,-4.440892098501E-16,-1.));
#6357 = DIRECTION('',(1.,0.,0.));
#6358 = AXIS2_PLACEMENT_3D('',#6359,#6360,#6361);
#6359 = CARTESIAN_POINT('',(0.,0.849796734531,2.615405419812));
#6360 = DIRECTION('',(0.,0.951056516295,-0.309016994375));
#6361 = DIRECTION('',(1.,0.,0.));
#6362 = AXIS2_PLACEMENT_3D('',#6363,#6364,#6365);
#6363 = CARTESIAN_POINT('',(0.,-2.224796734531,1.616409443804));
#6364 = DIRECTION('',(-0.,0.587785252292,0.809016994375));
#6365 = DIRECTION('',(1.,0.,0.));
#6366 = AXIS2_PLACEMENT_3D('',#6367,#6368,#6369);
#6367 = CARTESIAN_POINT('',(0.,-2.224796734531,-1.616409443804));
#6368 = DIRECTION('',(0.,-0.587785252292,0.809016994375));
#6369 = DIRECTION('',(1.,0.,0.));
#6370 = AXIS2_PLACEMENT_3D('',#6371,#6372,#6373);
#6371 = CARTESIAN_POINT('',(0.,0.849796734531,-2.615405419812));
#6372 = DIRECTION('',(0.,-0.951056516295,-0.309016994375));
#6373 = DIRECTION('',(1.,0.,0.));
#6374 = ( GEOMETRIC_REPRESENTATION_CONTEXT(3) 
GLOBAL_UNCERTAINTY_ASSIGNED_CONTEXT((#6378)) 
GLOBAL_UNIT_ASSIGNED_CONTEXT((#6375,#6376,#6377)) REPRESENTATION_CONTEXT
('Context #1','3D Context with UNIT and UNCERTAINTY') );
#6375 = ( LENGTH_UNIT() NAMED_UNIT(*) SI_UNIT(.MILLI.,.METRE.) );
#6376 = ( NAMED_UNIT(*) PLANE_ANGLE_UNIT() SI_UNIT($,.RADIAN.) );
#6377 = ( NAMED_UNIT(*) SI_UNIT($,.STERADIAN.) SOLID_ANGLE_UNIT() );
#6378 = UNCERTAINTY_MEASURE_WITH_UNIT(LENGTH_MEASURE(5.E-06),#6375,
  'distance_accuracy_value','confusion accuracy');
#6379 = CONTEXT_DEPENDENT_SHAPE_REPRESENTATION(#6380,#6382);
#6380 = ( REPRESENTATION_RELATIONSHIP('','',#6353,#10) 
REPRESENTATION_RELATIONSHIP_WITH_TRANSFORMATION(#6381) 
SHAPE_REPRESENTATION_RELATIONSHIP() );
#6381 = ITEM_DEFINED_TRANSFORMATION('','',#11,#31);
#6382 = PRODUCT_DEFINITION_SHAPE('Placement','Placement of an item',
  #6383);
#6383 = NEXT_ASSEMBLY_USAGE_OCCURRENCE('298','Array','',#5,#6348,$);
#6384 = PRODUCT_RELATED_PRODUCT_CATEGORY('part',$,(#6350));
#6385 = SHAPE_DEFINITION_REPRESENTATION(#6386,#6392);
#6386 = PRODUCT_DEFINITION_SHAPE('','',#6387);
#6387 = PRODUCT_DEFINITION('design','',#6388,#6391);
#6388 = PRODUCT_DEFINITION_FORMATION('','',#6389);
#6389 = PRODUCT('Body005','Body005','',(#6390));
#6390 = PRODUCT_CONTEXT('',#2,'mechanical');
#6391 = PRODUCT_DEFINITION_CONTEXT('part definition',#2,'design');
#6392 = ADVANCED_BREP_SHAPE_REPRESENTATION('',(#11,#6393),#7920);
#6393 = MANIFOLD_SOLID_BREP('',#6394);
#6394 = CLOSED_SHELL('',(#6395,#6463,#6824,#6879,#7132,#7181,#7231,#7258
    ,#7293,#7351,#7626,#7654,#7702,#7806,#7811,#7915));
#6395 = ADVANCED_FACE('',(#6396,#6432),#6409,.T.);
#6396 = FACE_BOUND('',#6397,.F.);
#6397 = EDGE_LOOP('',(#6398));
#6398 = ORIENTED_EDGE('',*,*,#6399,.T.);
#6399 = EDGE_CURVE('',#6400,#6400,#6402,.T.);
#6400 = VERTEX_POINT('',#6401);
#6401 = CARTESIAN_POINT('',(11.,0.,0.75));
#6402 = SURFACE_CURVE('',#6403,(#6408,#6420),.PCURVE_S1.);
#6403 = CIRCLE('',#6404,0.75);
#6404 = AXIS2_PLACEMENT_3D('',#6405,#6406,#6407);
#6405 = CARTESIAN_POINT('',(11.,0.,0.));
#6406 = DIRECTION('',(1.,0.,-0.));
#6407 = DIRECTION('',(0.,2.2E-16,1.));
#6408 = PCURVE('',#6409,#6414);
#6409 = PLANE('',#6410);
#6410 = AXIS2_PLACEMENT_3D('',#6411,#6412,#6413);
#6411 = CARTESIAN_POINT('',(11.,0.,0.));
#6412 = DIRECTION('',(1.,0.,0.));
#6413 = DIRECTION('',(0.,2.2E-16,1.));
#6414 = DEFINITIONAL_REPRESENTATION('',(#6415),#6419);
#6415 = CIRCLE('',#6416,0.75);
#6416 = AXIS2_PLACEMENT_2D('',#6417,#6418);
#6417 = CARTESIAN_POINT('',(0.,0.));
#6418 = DIRECTION('',(1.,-0.));
#6419 = ( GEOMETRIC_REPRESENTATION_CONTEXT(2) 
PARAMETRIC_REPRESENTATION_CONTEXT() REPRESENTATION_CONTEXT('2D SPACE',''
  ) );
#6420 = PCURVE('',#6421,#6426);
#6421 = CYLINDRICAL_SURFACE('',#6422,0.75);
#6422 = AXIS2_PLACEMENT_3D('',#6423,#6424,#6425);
#6423 = CARTESIAN_POINT('',(11.,0.,0.));
#6424 = DIRECTION('',(1.,0.,0.));
#6425 = DIRECTION('',(0.,2.2E-16,1.));
#6426 = DEFINITIONAL_REPRESENTATION('',(#6427),#6431);
#6427 = LINE('',#6428,#6429);
#6428 = CARTESIAN_POINT('',(0.,0.));
#6429 = VECTOR('',#6430,1.);
#6430 = DIRECTION('',(1.,0.));
#6431 = ( GEOMETRIC_REPRESENTATION_CONTEXT(2) 
PARAMETRIC_REPRESENTATION_CONTEXT() REPRESENTATION_CONTEXT('2D SPACE',''
  ) );
#6432 = FACE_BOUND('',#6433,.F.);
#6433 = EDGE_LOOP('',(#6434));
#6434 = ORIENTED_EDGE('',*,*,#6435,.F.);
#6435 = EDGE_CURVE('',#6436,#6436,#6438,.T.);
#6436 = VERTEX_POINT('',#6437);
#6437 = CARTESIAN_POINT('',(11.,0.,1.));
#6438 = SURFACE_CURVE('',#6439,(#6444,#6451),.PCURVE_S1.);
#6439 = CIRCLE('',#6440,1.);
#6440 = AXIS2_PLACEMENT_3D('',#6441,#6442,#6443);
#6441 = CARTESIAN_POINT('',(11.,0.,0.));
#6442 = DIRECTION('',(1.,0.,-0.));
#6443 = DIRECTION('',(0.,2.2E-16,1.));
#6444 = PCURVE('',#6409,#6445);
#6445 = DEFINITIONAL_REPRESENTATION('',(#6446),#6450);
#6446 = CIRCLE('',#6447,1.);
#6447 = AXIS2_PLACEMENT_2D('',#6448,#6449);
#6448 = CARTESIAN_POINT('',(0.,0.));
#6449 = DIRECTION('',(1.,-0.));
#6450 = ( GEOMETRIC_REPRESENTATION_CONTEXT(2) 
PARAMETRIC_REPRESENTATION_CONTEXT() REPRESENTATION_CONTEXT('2D SPACE',''
  ) );
#6451 = PCURVE('',#6452,#6457);
#6452 = CYLINDRICAL_SURFACE('',#6453,1.);
#6453 = AXIS2_PLACEMENT_3D('',#6454,#6455,#6456);
#6454 = CARTESIAN_POINT('',(11.,0.,0.));
#6455 = DIRECTION('',(-1.,0.,0.));
#6456 = DIRECTION('',(0.,2.2E-16,1.));
#6457 = DEFINITIONAL_REPRESENTATION('',(#6458),#6462);
#6458 = LINE('',#6459,#6460);
#6459 = CARTESIAN_POINT('',(-0.,0.));
#6460 = VECTOR('',#6461,1.);
#6461 = DIRECTION('',(-1.,0.));
#6462 = ( GEOMETRIC_REPRESENTATION_CONTEXT(2) 
PARAMETRIC_REPRESENTATION_CONTEXT() REPRESENTATION_CONTEXT('2D SPACE',''
  ) );
#6463 = ADVANCED_FACE('',(#6464),#6421,.T.);
#6464 = FACE_BOUND('',#6465,.T.);
#6465 = EDGE_LOOP('',(#6466,#6489,#6490,#6491,#6519,#6548,#6576));
#6466 = ORIENTED_EDGE('',*,*,#6467,.F.);
#6467 = EDGE_CURVE('',#6400,#6468,#6470,.T.);
#6468 = VERTEX_POINT('',#6469);
#6469 = CARTESIAN_POINT('',(13.,0.,0.75));
#6470 = SEAM_CURVE('',#6471,(#6475,#6482),.PCURVE_S1.);
#6471 = LINE('',#6472,#6473);
#6472 = CARTESIAN_POINT('',(11.,-1.7E-16,0.75));
#6473 = VECTOR('',#6474,1.);
#6474 = DIRECTION('',(1.,0.,0.));
#6475 = PCURVE('',#6421,#6476);
#6476 = DEFINITIONAL_REPRESENTATION('',(#6477),#6481);
#6477 = LINE('',#6478,#6479);
#6478 = CARTESIAN_POINT('',(0.,0.));
#6479 = VECTOR('',#6480,1.);
#6480 = DIRECTION('',(0.,1.));
#6481 = ( GEOMETRIC_REPRESENTATION_CONTEXT(2) 
PARAMETRIC_REPRESENTATION_CONTEXT() REPRESENTATION_CONTEXT('2D SPACE',''
  ) );
#6482 = PCURVE('',#6421,#6483);
#6483 = DEFINITIONAL_REPRESENTATION('',(#6484),#6488);
#6484 = LINE('',#6485,#6486);
#6485 = CARTESIAN_POINT('',(6.28318530718,0.));
#6486 = VECTOR('',#6487,1.);
#6487 = DIRECTION('',(0.,1.));
#6488 = ( GEOMETRIC_REPRESENTATION_CONTEXT(2) 
PARAMETRIC_REPRESENTATION_CONTEXT() REPRESENTATION_CONTEXT('2D SPACE',''
  ) );
#6489 = ORIENTED_EDGE('',*,*,#6399,.T.);
#6490 = ORIENTED_EDGE('',*,*,#6467,.T.);
#6491 = ORIENTED_EDGE('',*,*,#6492,.T.);
#6492 = EDGE_CURVE('',#6468,#6493,#6495,.T.);
#6493 = VERTEX_POINT('',#6494);
#6494 = CARTESIAN_POINT('',(15.,0.,0.75));
#6495 = SURFACE_CURVE('',#6496,(#6500,#6507),.PCURVE_S1.);
#6496 = LINE('',#6497,#6498);
#6497 = CARTESIAN_POINT('',(11.,-1.7E-16,0.75));
#6498 = VECTOR('',#6499,1.);
#6499 = DIRECTION('',(1.,0.,0.));
#6500 = PCURVE('',#6421,#6501);
#6501 = DEFINITIONAL_REPRESENTATION('',(#6502),#6506);
#6502 = LINE('',#6503,#6504);
#6503 = CARTESIAN_POINT('',(6.28318530718,0.));
#6504 = VECTOR('',#6505,1.);
#6505 = DIRECTION('',(0.,1.));
#6506 = ( GEOMETRIC_REPRESENTATION_CONTEXT(2) 
PARAMETRIC_REPRESENTATION_CONTEXT() REPRESENTATION_CONTEXT('2D SPACE',''
  ) );
#6507 = PCURVE('',#6508,#6513);
#6508 = PLANE('',#6509);
#6509 = AXIS2_PLACEMENT_3D('',#6510,#6511,#6512);
#6510 = CARTESIAN_POINT('',(13.,-5.6E-15,-25.20577376812));
#6511 = DIRECTION('',(-5.E-17,1.,-2.2E-16));
#6512 = DIRECTION('',(1.,5.E-17,0.));
#6513 = DEFINITIONAL_REPRESENTATION('',(#6514),#6518);
#6514 = LINE('',#6515,#6516);
#6515 = CARTESIAN_POINT('',(-2.,-25.95577376812));
#6516 = VECTOR('',#6517,1.);
#6517 = DIRECTION('',(1.,1.1E-32));
#6518 = ( GEOMETRIC_REPRESENTATION_CONTEXT(2) 
PARAMETRIC_REPRESENTATION_CONTEXT() REPRESENTATION_CONTEXT('2D SPACE',''
  ) );
#6519 = ORIENTED_EDGE('',*,*,#6520,.F.);
#6520 = EDGE_CURVE('',#6521,#6493,#6523,.T.);
#6521 = VERTEX_POINT('',#6522);
#6522 = CARTESIAN_POINT('',(15.,0.,-0.75));
#6523 = SURFACE_CURVE('',#6524,(#6529,#6536),.PCURVE_S1.);
#6524 = CIRCLE('',#6525,0.75);
#6525 = AXIS2_PLACEMENT_3D('',#6526,#6527,#6528);
#6526 = CARTESIAN_POINT('',(15.,0.,0.));
#6527 = DIRECTION('',(1.,0.,-0.));
#6528 = DIRECTION('',(0.,2.2E-16,1.));
#6529 = PCURVE('',#6421,#6530);
#6530 = DEFINITIONAL_REPRESENTATION('',(#6531),#6535);
#6531 = LINE('',#6532,#6533);
#6532 = CARTESIAN_POINT('',(0.,4.));
#6533 = VECTOR('',#6534,1.);
#6534 = DIRECTION('',(1.,0.));
#6535 = ( GEOMETRIC_REPRESENTATION_CONTEXT(2) 
PARAMETRIC_REPRESENTATION_CONTEXT() REPRESENTATION_CONTEXT('2D SPACE',''
  ) );
#6536 = PCURVE('',#6537,#6542);
#6537 = PLANE('',#6538);
#6538 = AXIS2_PLACEMENT_3D('',#6539,#6540,#6541);
#6539 = CARTESIAN_POINT('',(15.,0.,0.));
#6540 = DIRECTION('',(1.,0.,0.));
#6541 = DIRECTION('',(0.,2.2E-16,1.));
#6542 = DEFINITIONAL_REPRESENTATION('',(#6543),#6547);
#6543 = CIRCLE('',#6544,0.75);
#6544 = AXIS2_PLACEMENT_2D('',#6545,#6546);
#6545 = CARTESIAN_POINT('',(0.,0.));
#6546 = DIRECTION('',(1.,0.));
#6547 = ( GEOMETRIC_REPRESENTATION_CONTEXT(2) 
PARAMETRIC_REPRESENTATION_CONTEXT() REPRESENTATION_CONTEXT('2D SPACE',''
  ) );
#6548 = ORIENTED_EDGE('',*,*,#6549,.F.);
#6549 = EDGE_CURVE('',#6550,#6521,#6552,.T.);
#6550 = VERTEX_POINT('',#6551);
#6551 = CARTESIAN_POINT('',(13.,0.,-0.75));
#6552 = SURFACE_CURVE('',#6553,(#6557,#6564),.PCURVE_S1.);
#6553 = LINE('',#6554,#6555);
#6554 = CARTESIAN_POINT('',(11.,-2.7E-16,-0.75));
#6555 = VECTOR('',#6556,1.);
#6556 = DIRECTION('',(1.,0.,0.));
#6557 = PCURVE('',#6421,#6558);
#6558 = DEFINITIONAL_REPRESENTATION('',(#6559),#6563);
#6559 = LINE('',#6560,#6561);
#6560 = CARTESIAN_POINT('',(3.14159265359,0.));
#6561 = VECTOR('',#6562,1.);
#6562 = DIRECTION('',(0.,1.));
#6563 = ( GEOMETRIC_REPRESENTATION_CONTEXT(2) 
PARAMETRIC_REPRESENTATION_CONTEXT() REPRESENTATION_CONTEXT('2D SPACE',''
  ) );
#6564 = PCURVE('',#6565,#6570);
#6565 = PLANE('',#6566);
#6566 = AXIS2_PLACEMENT_3D('',#6567,#6568,#6569);
#6567 = CARTESIAN_POINT('',(13.,-5.6E-15,-25.20577376812));
#6568 = DIRECTION('',(-5.E-17,1.,-2.2E-16));
#6569 = DIRECTION('',(1.,5.E-17,0.));
#6570 = DEFINITIONAL_REPRESENTATION('',(#6571),#6575);
#6571 = LINE('',#6572,#6573);
#6572 = CARTESIAN_POINT('',(-2.,-24.45577376812));
#6573 = VECTOR('',#6574,1.);
#6574 = DIRECTION('',(1.,1.1E-32));
#6575 = ( GEOMETRIC_REPRESENTATION_CONTEXT(2) 
PARAMETRIC_REPRESENTATION_CONTEXT() REPRESENTATION_CONTEXT('2D SPACE',''
  ) );
#6576 = ORIENTED_EDGE('',*,*,#6577,.F.);
#6577 = EDGE_CURVE('',#6468,#6550,#6578,.T.);
#6578 = SURFACE_CURVE('',#6579,(#6657,#6738),.PCURVE_S1.);
#6579 = B_SPLINE_CURVE_WITH_KNOTS('',6,(#6580,#6581,#6582,#6583,#6584,
    #6585,#6586,#6587,#6588,#6589,#6590,#6591,#6592,#6593,#6594,#6595,
    #6596,#6597,#6598,#6599,#6600,#6601,#6602,#6603,#6604,#6605,#6606,
    #6607,#6608,#6609,#6610,#6611,#6612,#6613,#6614,#6615,#6616,#6617,
    #6618,#6619,#6620,#6621,#6622,#6623,#6624,#6625,#6626,#6627,#6628,
    #6629,#6630,#6631,#6632,#6633,#6634,#6635,#6636,#6637,#6638,#6639,
    #6640,#6641,#6642,#6643,#6644,#6645,#6646,#6647,#6648,#6649,#6650,
    #6651,#6652,#6653,#6654,#6655,#6656),.UNSPECIFIED.,.F.,.F.,(7,5,5,5,
    5,5,5,5,5,5,5,5,5,5,5,7),(0.,9.809021767319E-02,0.152411376312,
    0.177487048781,0.249831061075,0.322866811555,0.348402036735,
    0.403498259371,0.500158405483,0.550830462447,0.597021912729,
    0.676896948022,0.749012851807,0.823990629177,0.902424205587,1.),
  .UNSPECIFIED.);
#6580 = CARTESIAN_POINT('',(13.,1.7E-16,0.75));
#6581 = CARTESIAN_POINT('',(12.946264417172,1.1E-16,0.75));
#6582 = CARTESIAN_POINT('',(12.892564511225,-4.620017614718E-03,
    0.749999910869));
#6583 = CARTESIAN_POINT('',(12.839462151137,-1.384856413335E-02,
    0.750000335928));
#6584 = CARTESIAN_POINT('',(12.787522578745,-2.756555102512E-02,
    0.74978583475));
#6585 = CARTESIAN_POINT('',(12.737298391776,-4.553606651508E-02,
    0.748937732259));
#6586 = CARTESIAN_POINT('',(12.662713451956,-7.948464722785E-02,
    0.745875179991));
#6587 = CARTESIAN_POINT('',(12.636796907217,-9.278063573077E-02,
    0.744438635921));
#6588 = CARTESIAN_POINT('',(12.61163030889,-0.10721347101,0.742572899674
    ));
#6589 = CARTESIAN_POINT('',(12.587289244777,-0.122713707076,
    0.740186044669));
#6590 = CARTESIAN_POINT('',(12.563840643068,-0.139202489174,
    0.73718305009));
#6591 = CARTESIAN_POINT('',(12.530956333109,-0.164619490163,
    0.731756653117));
#6592 = CARTESIAN_POINT('',(12.520773816615,-0.172838198493,
    0.729891797786));
#6593 = CARTESIAN_POINT('',(12.510800672033,-0.181239181152,
    0.727866731849));
#6594 = CARTESIAN_POINT('',(12.501042629949,-0.189812769131,
    0.725672576365));
#6595 = CARTESIAN_POINT('',(12.491505020019,-0.198548680203,
    0.723300732054));
#6596 = CARTESIAN_POINT('',(12.455326673535,-0.233076238237,
    0.713363402963));
#6597 = CARTESIAN_POINT('',(12.430317251791,-0.259994885976,
    0.704431007104));
#6598 = CARTESIAN_POINT('',(12.407313316135,-0.287908230499,
    0.693749848485));
#6599 = CARTESIAN_POINT('',(12.386395802085,-0.316501193259,
    0.681159658424));
#6600 = CARTESIAN_POINT('',(12.367581059187,-0.34544356132,
    0.666547832754));
#6601 = CARTESIAN_POINT('',(12.333906994522,-0.403645773084,
    0.63301565982));
#6602 = CARTESIAN_POINT('',(12.319105335094,-0.432874318794,
    0.614073506455));
#6603 = CARTESIAN_POINT('',(12.306366227746,-0.461753034655,
    0.592987513107));
#6604 = CARTESIAN_POINT('',(12.295574434977,-0.489941751548,
    0.569773803256));
#6605 = CARTESIAN_POINT('',(12.286565093853,-0.517115972116,
    0.54451563543));
#6606 = CARTESIAN_POINT('',(12.276539124796,-0.552028022583,
    0.507874940243));
#6607 = CARTESIAN_POINT('',(12.274134475803,-0.560914750976,
    0.498149477962));
#6608 = CARTESIAN_POINT('',(12.271913647967,-0.569632605466,
    0.488195697279));
#6609 = CARTESIAN_POINT('',(12.269867546479,-0.578170755734,
    0.478019244636));
#6610 = CARTESIAN_POINT('',(12.267986780953,-0.586519030155,
    0.467626194997));
#6611 = CARTESIAN_POINT('',(12.262539460191,-0.612250404869,
    0.434145120225));
#6612 = CARTESIAN_POINT('',(12.259542637661,-0.628901620528,
    0.41029290998));
#6613 = CARTESIAN_POINT('',(12.257173593048,-0.644530474133,
    0.385526841652));
#6614 = CARTESIAN_POINT('',(12.255333190638,-0.659055285826,
    0.359917100215));
#6615 = CARTESIAN_POINT('',(12.253925777227,-0.672404348672,
    0.333542894154));
#6616 = CARTESIAN_POINT('',(12.251001769517,-0.705765891842,
    0.259033452493));
#6617 = CARTESIAN_POINT('',(12.250201885563,-0.723229274257,
    0.209444603075));
#6618 = CARTESIAN_POINT('',(12.249999700479,-0.73655255646,
    0.158212822644));
#6619 = CARTESIAN_POINT('',(12.250000080104,-0.745513940207,
    0.10586780158));
#6620 = CARTESIAN_POINT('',(12.25,-0.75,5.295081844263E-02));
#6621 = CARTESIAN_POINT('',(12.25,-0.75,-2.775835746494E-02));
#6622 = CARTESIAN_POINT('',(12.250000047003,-0.748767149591,
    -5.551482980151E-02));
#6623 = CARTESIAN_POINT('',(12.249999914334,-0.746301801292,
    -8.318879773251E-02));
#6624 = CARTESIAN_POINT('',(12.250015249213,-0.74261286812,
    -0.110699264851));
#6625 = CARTESIAN_POINT('',(12.250075963597,-0.737718292773,
    -0.137965649026));
#6626 = CARTESIAN_POINT('',(12.250360141236,-0.726109717699,
    -0.189469107664));
#6627 = CARTESIAN_POINT('',(12.250568715233,-0.719594756178,
    -0.213761358312));
#6628 = CARTESIAN_POINT('',(12.25088239881,-0.712120343299,
    -0.23772988437));
#6629 = CARTESIAN_POINT('',(12.251341819751,-0.70371136549,
    -0.261320417221));
#6630 = CARTESIAN_POINT('',(12.251994050782,-0.694398245808,
    -0.284480319833));
#6631 = CARTESIAN_POINT('',(12.254440596534,-0.666612250857,
    -0.346375480859));
#6632 = CARTESIAN_POINT('',(12.256721753668,-0.646399754463,
    -0.384180578936));
#6633 = CARTESIAN_POINT('',(12.260001552403,-0.623770116417,
    -0.420290740636));
#6634 = CARTESIAN_POINT('',(12.264582489659,-0.598963891729,
    -0.454466711158));
#6635 = CARTESIAN_POINT('',(12.270771128759,-0.572264918229,
    -0.48651767911));
#6636 = CARTESIAN_POINT('',(12.286138890349,-0.518468096993,
    -0.543199468823));
#6637 = CARTESIAN_POINT('',(12.294969222383,-0.491660452056,
    -0.56824937616));
#6638 = CARTESIAN_POINT('',(12.305533626853,-0.463851041831,
    -0.59130627639));
#6639 = CARTESIAN_POINT('',(12.31799275848,-0.435351699414,
    -0.612288308788));
#6640 = CARTESIAN_POINT('',(12.332460514034,-0.406489512152,
    -0.631177435653));
#6641 = CARTESIAN_POINT('',(12.366179484683,-0.347545413159,
    -0.665523413873));
#6642 = CARTESIAN_POINT('',(12.385577640312,-0.317496057862,
    -0.680793901072));
#6643 = CARTESIAN_POINT('',(12.407240452053,-0.287809862661,
    -0.693883347481));
#6644 = CARTESIAN_POINT('',(12.431151210912,-0.258855814999,
    -0.704916912735));
#6645 = CARTESIAN_POINT('',(12.457218581982,-0.23098541336,
    -0.714074791391));
#6646 = CARTESIAN_POINT('',(12.514619846772,-0.176820948094,
    -0.729426362006));
#6647 = CARTESIAN_POINT('',(12.546145580545,-0.150654738909,
    -0.735464982873));
#6648 = CARTESIAN_POINT('',(12.579717441808,-0.12631757367,
    -0.739958729847));
#6649 = CARTESIAN_POINT('',(12.615153838916,-0.104078404825,
    -0.743197422628));
#6650 = CARTESIAN_POINT('',(12.652227815719,-8.416571492509E-02,
    -0.745467285788));
#6651 = CARTESIAN_POINT('',(12.73849609878,-4.510866642262E-02,
    -0.748957794824));
#6652 = CARTESIAN_POINT('',(12.788513127388,-2.730462195684E-02,
    -0.749789901232));
#6653 = CARTESIAN_POINT('',(12.840221520066,-1.371692782611E-02,
    -0.75000032563));
#6654 = CARTESIAN_POINT('',(12.893076364277,-4.576092763755E-03,
    -0.749999912503));
#6655 = CARTESIAN_POINT('',(12.946520471566,-2.7E-16,-0.75));
#6656 = CARTESIAN_POINT('',(13.,-2.1E-16,-0.75));
#6657 = PCURVE('',#6421,#6658);
#6658 = DEFINITIONAL_REPRESENTATION('',(#6659),#6737);
#6659 = B_SPLINE_CURVE_WITH_KNOTS('',6,(#6660,#6661,#6662,#6663,#6664,
    #6665,#6666,#6667,#6668,#6669,#6670,#6671,#6672,#6673,#6674,#6675,
    #6676,#6677,#6678,#6679,#6680,#6681,#6682,#6683,#6684,#6685,#6686,
    #6687,#6688,#6689,#6690,#6691,#6692,#6693,#6694,#6695,#6696,#6697,
    #6698,#6699,#6700,#6701,#6702,#6703,#6704,#6705,#6706,#6707,#6708,
    #6709,#6710,#6711,#6712,#6713,#6714,#6715,#6716,#6717,#6718,#6719,
    #6720,#6721,#6722,#6723,#6724,#6725,#6726,#6727,#6728,#6729,#6730,
    #6731,#6732,#6733,#6734,#6735,#6736),.UNSPECIFIED.,.F.,.F.,(7,5,5,5,
    5,5,5,5,5,5,5,5,5,5,5,7),(0.,9.809021767319E-02,0.152411376312,
    0.177487048781,0.249831061075,0.322866811555,0.348402036735,
    0.403498259371,0.500158405483,0.550830462447,0.597021912729,
    0.676896948022,0.749012851807,0.823990629177,0.902424205587,1.),
  .UNSPECIFIED.);
#6660 = CARTESIAN_POINT('',(0.,2.));
#6661 = CARTESIAN_POINT('',(8.E-17,1.946264417172));
#6662 = CARTESIAN_POINT('',(6.159843883273E-03,1.892564511225));
#6663 = CARTESIAN_POINT('',(1.846542600269E-02,1.839462151137));
#6664 = CARTESIAN_POINT('',(3.675262069063E-02,1.787522578745));
#6665 = CARTESIAN_POINT('',(6.071777742667E-02,1.737298391776));
#6666 = CARTESIAN_POINT('',(0.106166363447,1.662713451956));
#6667 = CARTESIAN_POINT('',(0.123994766921,1.636796907217));
#6668 = CARTESIAN_POINT('',(0.143391804495,1.61163030889));
#6669 = CARTESIAN_POINT('',(0.164291843834,1.587289244777));
#6670 = CARTESIAN_POINT('',(0.186628309365,1.563840643068));
#6671 = CARTESIAN_POINT('',(0.221281376528,1.530956333109));
#6672 = CARTESIAN_POINT('',(0.232517297391,1.520773816615));
#6673 = CARTESIAN_POINT('',(0.244037838694,1.510800672033));
#6674 = CARTESIAN_POINT('',(0.255835871694,1.501042629949));
#6675 = CARTESIAN_POINT('',(0.267904060949,1.491505020019));
#6676 = CARTESIAN_POINT('',(0.315809574865,1.455326673535));
#6677 = CARTESIAN_POINT('',(0.353595352172,1.430317251791));
#6678 = CARTESIAN_POINT('',(0.393380359846,1.407313316135));
#6679 = CARTESIAN_POINT('',(0.434954607015,1.386395802085));
#6680 = CARTESIAN_POINT('',(0.478117401257,1.367581059187));
#6681 = CARTESIAN_POINT('',(0.567678345879,1.333906994522));
#6682 = CARTESIAN_POINT('',(0.614054744657,1.319105335094));
#6683 = CARTESIAN_POINT('',(0.661616838219,1.306366227746));
#6684 = CARTESIAN_POINT('',(0.710177869184,1.295574434977));
#6685 = CARTESIAN_POINT('',(0.759553276902,1.286565093853));
#6686 = CARTESIAN_POINT('',(0.827033536555,1.276539124796));
#6687 = CARTESIAN_POINT('',(0.844595237493,1.274134475803));
#6688 = CARTESIAN_POINT('',(0.862231668551,1.271913647967));
#6689 = CARTESIAN_POINT('',(0.879937433137,1.269867546479));
#6690 = CARTESIAN_POINT('',(0.897707664249,1.267986780953));
#6691 = CARTESIAN_POINT('',(0.954009801767,1.262539460191));
#6692 = CARTESIAN_POINT('',(0.992754928196,1.259542637661));
#6693 = CARTESIAN_POINT('',(1.031738016706,1.257173593048));
#6694 = CARTESIAN_POINT('',(1.070928259689,1.255333190638));
#6695 = CARTESIAN_POINT('',(1.110297073081,1.253925777227));
#6696 = CARTESIAN_POINT('',(1.219146812196,1.251001769517));
#6697 = CARTESIAN_POINT('',(1.289007673727,1.250201885563));
#6698 = CARTESIAN_POINT('',(1.359212228005,1.249999700479));
#6699 = CARTESIAN_POINT('',(1.429639316558,1.250000080104));
#6700 = CARTESIAN_POINT('',(1.500195235538,1.25));
#6701 = CARTESIAN_POINT('',(1.607807470081,1.25));
#6702 = CARTESIAN_POINT('',(1.644816108249,1.250000047003));
#6703 = CARTESIAN_POINT('',(1.681805968108,1.249999914334));
#6704 = CARTESIAN_POINT('',(1.718760317771,1.250015249213));
#6705 = CARTESIAN_POINT('',(1.755660728385,1.250075963597));
#6706 = CARTESIAN_POINT('',(1.826054734026,1.250360141236));
#6707 = CARTESIAN_POINT('',(1.859561744243,1.250568715233));
#6708 = CARTESIAN_POINT('',(1.892997032157,1.25088239881));
#6709 = CARTESIAN_POINT('',(1.926349609284,1.251341819751));
#6710 = CARTESIAN_POINT('',(1.959606518604,1.251994050782));
#6711 = CARTESIAN_POINT('',(2.050067780774,1.254440596534));
#6712 = CARTESIAN_POINT('',(2.107090596018,1.256721753668));
#6713 = CARTESIAN_POINT('',(2.163710716441,1.260001552403));
#6714 = CARTESIAN_POINT('',(2.219826703192,1.264582489659));
#6715 = CARTESIAN_POINT('',(2.275329591934,1.270771128759));
#6716 = CARTESIAN_POINT('',(2.37952533303,1.286138890349));
#6717 = CARTESIAN_POINT('',(2.428356933144,1.294969222383));
#6718 = CARTESIAN_POINT('',(2.476399058787,1.305533626853));
#6719 = CARTESIAN_POINT('',(2.523474708734,1.31799275848));
#6720 = CARTESIAN_POINT('',(2.569404810341,1.332460514034));
#6721 = CARTESIAN_POINT('',(2.660365637328,1.366179484683));
#6722 = CARTESIAN_POINT('',(2.705233521334,1.385577640312));
#6723 = CARTESIAN_POINT('',(2.748400164224,1.407240452053));
#6724 = CARTESIAN_POINT('',(2.789641877633,1.431151210912));
#6725 = CARTESIAN_POINT('',(2.828724148031,1.457218581982));
#6726 = CARTESIAN_POINT('',(2.903788091355,1.514619846772));
#6727 = CARTESIAN_POINT('',(2.939549421192,1.546145580545));
#6728 = CARTESIAN_POINT('',(2.972505804775,1.579717441808));
#6729 = CARTESIAN_POINT('',(3.002446676257,1.615153838916));
#6730 = CARTESIAN_POINT('',(3.029161237357,1.652227815719));
#6731 = CARTESIAN_POINT('',(3.081444851804,1.73849609878));
#6732 = CARTESIAN_POINT('',(3.105187889467,1.788513127388));
#6733 = CARTESIAN_POINT('',(3.123302760922,1.840221520066));
#6734 = CARTESIAN_POINT('',(3.13549137351,1.893076364277));
#6735 = CARTESIAN_POINT('',(3.14159265359,1.946520471566));
#6736 = CARTESIAN_POINT('',(3.14159265359,2.));
#6737 = ( GEOMETRIC_REPRESENTATION_CONTEXT(2) 
PARAMETRIC_REPRESENTATION_CONTEXT() REPRESENTATION_CONTEXT('2D SPACE',''
  ) );
#6738 = PCURVE('',#6739,#6744);
#6739 = CYLINDRICAL_SURFACE('',#6740,0.75);
#6740 = AXIS2_PLACEMENT_3D('',#6741,#6742,#6743);
#6741 = CARTESIAN_POINT('',(13.,-0.75,-25.20577376812));
#6742 = DIRECTION('',(0.,-2.2E-16,-1.));
#6743 = DIRECTION('',(1.,0.,0.));
#6744 = DEFINITIONAL_REPRESENTATION('',(#6745),#6823);
#6745 = B_SPLINE_CURVE_WITH_KNOTS('',6,(#6746,#6747,#6748,#6749,#6750,
    #6751,#6752,#6753,#6754,#6755,#6756,#6757,#6758,#6759,#6760,#6761,
    #6762,#6763,#6764,#6765,#6766,#6767,#6768,#6769,#6770,#6771,#6772,
    #6773,#6774,#6775,#6776,#6777,#6778,#6779,#6780,#6781,#6782,#6783,
    #6784,#6785,#6786,#6787,#6788,#6789,#6790,#6791,#6792,#6793,#6794,
    #6795,#6796,#6797,#6798,#6799,#6800,#6801,#6802,#6803,#6804,#6805,
    #6806,#6807,#6808,#6809,#6810,#6811,#6812,#6813,#6814,#6815,#6816,
    #6817,#6818,#6819,#6820,#6821,#6822),.UNSPECIFIED.,.F.,.F.,(7,5,5,5,
    5,5,5,5,5,5,5,5,5,5,5,7),(0.,9.809021767319E-02,0.152411376312,
    0.177487048781,0.249831061075,0.322866811555,0.348402036735,
    0.403498259371,0.500158405483,0.550830462447,0.597021912729,
    0.676896948022,0.749012851807,0.823990629177,0.902424205587,1.),
  .UNSPECIFIED.);
#6746 = CARTESIAN_POINT('',(4.712388980385,-25.95577376812));
#6747 = CARTESIAN_POINT('',(4.640741536614,-25.95577376812));
#6748 = CARTESIAN_POINT('',(4.569141724814,-25.95577367899));
#6749 = CARTESIAN_POINT('',(4.497676244956,-25.95577410405));
#6750 = CARTESIAN_POINT('',(4.426442628537,-25.95555960287));
#6751 = CARTESIAN_POINT('',(4.355567512721,-25.95471150038));
#6752 = CARTESIAN_POINT('',(4.246303962793,-25.95164894811));
#6753 = CARTESIAN_POINT('',(4.207509055481,-25.95021240404));
#6754 = CARTESIAN_POINT('',(4.168889984338,-25.9483466678));
#6755 = CARTESIAN_POINT('',(4.13047457382,-25.94595981279));
#6756 = CARTESIAN_POINT('',(4.092292714551,-25.94295681821));
#6757 = CARTESIAN_POINT('',(4.036876683485,-25.93753042124));
#6758 = CARTESIAN_POINT('',(4.01943321649,-25.93566556591));
#6759 = CARTESIAN_POINT('',(4.00205231224,-25.93364049997));
#6760 = CARTESIAN_POINT('',(3.984738608865,-25.93144634449));
#6761 = CARTESIAN_POINT('',(3.967497238345,-25.92907450018));
#6762 = CARTESIAN_POINT('',(3.900816906172,-25.91913717109));
#6763 = CARTESIAN_POINT('',(3.851914265509,-25.91020477523));
#6764 = CARTESIAN_POINT('',(3.80381082423,-25.89952361661));
#6765 = CARTESIAN_POINT('',(3.756685758436,-25.88693342655));
#6766 = CARTESIAN_POINT('',(3.71072035831,-25.87232160088));
#6767 = CARTESIAN_POINT('',(3.62106481912,-25.83878942794));
#6768 = CARTESIAN_POINT('',(3.577449442229,-25.81984727458));
#6769 = CARTESIAN_POINT('',(3.535449047103,-25.79876128123));
#6770 = CARTESIAN_POINT('',(3.495270326681,-25.77554757138));
#6771 = CARTESIAN_POINT('',(3.457129582815,-25.75028940355));
#6772 = CARTESIAN_POINT('',(3.40869871436,-25.71364870837));
#6773 = CARTESIAN_POINT('',(3.396425069118,-25.70392324608));
#6774 = CARTESIAN_POINT('',(3.38443195604,-25.6939694654));
#6775 = CARTESIAN_POINT('',(3.37272711148,-25.68379301276));
#6776 = CARTESIAN_POINT('',(3.3613180506,-25.67339996312));
#6777 = CARTESIAN_POINT('',(3.326249179994,-25.63991888835));
#6778 = CARTESIAN_POINT('',(3.303701413332,-25.6160666781));
#6779 = CARTESIAN_POINT('',(3.282635699113,-25.59130060977));
#6780 = CARTESIAN_POINT('',(3.263121397916,-25.56569086834));
#6781 = CARTESIAN_POINT('',(3.245226747612,-25.53931666228));
#6782 = CARTESIAN_POINT('',(3.20057416508,-25.46480722062));
#6783 = CARTESIAN_POINT('',(3.177285657229,-25.4152183712));
#6784 = CARTESIAN_POINT('',(3.159523185318,-25.36398659077));
#6785 = CARTESIAN_POINT('',(3.147573903592,-25.3116415697));
#6786 = CARTESIAN_POINT('',(3.14159265359,-25.25872458657));
#6787 = CARTESIAN_POINT('',(3.14159265359,-25.17801541066));
#6788 = CARTESIAN_POINT('',(3.143236421217,-25.15025893832));
#6789 = CARTESIAN_POINT('',(3.146523646762,-25.12258497039));
#6790 = CARTESIAN_POINT('',(3.151442121941,-25.09507450327));
#6791 = CARTESIAN_POINT('',(3.157968280915,-25.0678081191));
#6792 = CARTESIAN_POINT('',(3.173451018095,-25.01630466046));
#6793 = CARTESIAN_POINT('',(3.18214183398,-24.99201240981));
#6794 = CARTESIAN_POINT('',(3.192115705556,-24.96804388375));
#6795 = CARTESIAN_POINT('',(3.203342743837,-24.9444533509));
#6796 = CARTESIAN_POINT('',(3.215788658969,-24.92129344829));
#6797 = CARTESIAN_POINT('',(3.252979986549,-24.85939828726));
#6798 = CARTESIAN_POINT('',(3.280093198961,-24.82159318919));
#6799 = CARTESIAN_POINT('',(3.310556035895,-24.78548302749));
#6800 = CARTESIAN_POINT('',(3.344146102515,-24.75130705696));
#6801 = CARTESIAN_POINT('',(3.380641591825,-24.71925608901));
#6802 = CARTESIAN_POINT('',(3.455239966206,-24.6625742993));
#6803 = CARTESIAN_POINT('',(3.492842955332,-24.63752439196));
#6804 = CARTESIAN_POINT('',(3.532443956221,-24.61446749173));
#6805 = CARTESIAN_POINT('',(3.573834768479,-24.59348545933));
#6806 = CARTESIAN_POINT('',(3.616816487577,-24.57459633247));
#6807 = CARTESIAN_POINT('',(3.707359302866,-24.54025035425));
#6808 = CARTESIAN_POINT('',(3.754979953822,-24.52497986705));
#6809 = CARTESIAN_POINT('',(3.803855322766,-24.51189042064));
#6810 = CARTESIAN_POINT('',(3.853783647974,-24.50085685539));
#6811 = CARTESIAN_POINT('',(3.904565668886,-24.49169897673));
#6812 = CARTESIAN_POINT('',(4.009795107074,-24.47634740612));
#6813 = CARTESIAN_POINT('',(4.064311309035,-24.47030878525));
#6814 = CARTESIAN_POINT('',(4.119418157525,-24.46581503828));
#6815 = CARTESIAN_POINT('',(4.175011373619,-24.46257634549));
#6816 = CARTESIAN_POINT('',(4.230993490325,-24.46030648233));
#6817 = CARTESIAN_POINT('',(4.357257198139,-24.4568159733));
#6818 = CARTESIAN_POINT('',(4.427800946073,-24.45598386689));
#6819 = CARTESIAN_POINT('',(4.498698160866,-24.45577344249));
#6820 = CARTESIAN_POINT('',(4.569824194978,-24.45577385562));
#6821 = CARTESIAN_POINT('',(4.641082942473,-24.45577376812));
#6822 = CARTESIAN_POINT('',(4.712388980385,-24.45577376812));
#6823 = ( GEOMETRIC_REPRESENTATION_CONTEXT(2) 
PARAMETRIC_REPRESENTATION_CONTEXT() REPRESENTATION_CONTEXT('2D SPACE',''
  ) );
#6824 = ADVANCED_FACE('',(#6825),#6452,.T.);
#6825 = FACE_BOUND('',#6826,.F.);
#6826 = EDGE_LOOP('',(#6827,#6828,#6851,#6878));
#6827 = ORIENTED_EDGE('',*,*,#6435,.T.);
#6828 = ORIENTED_EDGE('',*,*,#6829,.T.);
#6829 = EDGE_CURVE('',#6436,#6830,#6832,.T.);
#6830 = VERTEX_POINT('',#6831);
#6831 = CARTESIAN_POINT('',(4.5,0.,1.));
#6832 = SEAM_CURVE('',#6833,(#6837,#6844),.PCURVE_S1.);
#6833 = LINE('',#6834,#6835);
#6834 = CARTESIAN_POINT('',(11.,-2.2E-16,1.));
#6835 = VECTOR('',#6836,1.);
#6836 = DIRECTION('',(-1.,0.,0.));
#6837 = PCURVE('',#6452,#6838);
#6838 = DEFINITIONAL_REPRESENTATION('',(#6839),#6843);
#6839 = LINE('',#6840,#6841);
#6840 = CARTESIAN_POINT('',(-0.,0.));
#6841 = VECTOR('',#6842,1.);
#6842 = DIRECTION('',(-0.,1.));
#6843 = ( GEOMETRIC_REPRESENTATION_CONTEXT(2) 
PARAMETRIC_REPRESENTATION_CONTEXT() REPRESENTATION_CONTEXT('2D SPACE',''
  ) );
#6844 = PCURVE('',#6452,#6845);
#6845 = DEFINITIONAL_REPRESENTATION('',(#6846),#6850);
#6846 = LINE('',#6847,#6848);
#6847 = CARTESIAN_POINT('',(-6.28318530718,0.));
#6848 = VECTOR('',#6849,1.);
#6849 = DIRECTION('',(-0.,1.));
#6850 = ( GEOMETRIC_REPRESENTATION_CONTEXT(2) 
PARAMETRIC_REPRESENTATION_CONTEXT() REPRESENTATION_CONTEXT('2D SPACE',''
  ) );
#6851 = ORIENTED_EDGE('',*,*,#6852,.F.);
#6852 = EDGE_CURVE('',#6830,#6830,#6853,.T.);
#6853 = SURFACE_CURVE('',#6854,(#6859,#6866),.PCURVE_S1.);
#6854 = CIRCLE('',#6855,1.);
#6855 = AXIS2_PLACEMENT_3D('',#6856,#6857,#6858);
#6856 = CARTESIAN_POINT('',(4.5,0.,0.));
#6857 = DIRECTION('',(1.,0.,-0.));
#6858 = DIRECTION('',(0.,2.2E-16,1.));
#6859 = PCURVE('',#6452,#6860);
#6860 = DEFINITIONAL_REPRESENTATION('',(#6861),#6865);
#6861 = LINE('',#6862,#6863);
#6862 = CARTESIAN_POINT('',(-0.,6.5));
#6863 = VECTOR('',#6864,1.);
#6864 = DIRECTION('',(-1.,0.));
#6865 = ( GEOMETRIC_REPRESENTATION_CONTEXT(2) 
PARAMETRIC_REPRESENTATION_CONTEXT() REPRESENTATION_CONTEXT('2D SPACE',''
  ) );
#6866 = PCURVE('',#6867,#6872);
#6867 = PLANE('',#6868);
#6868 = AXIS2_PLACEMENT_3D('',#6869,#6870,#6871);
#6869 = CARTESIAN_POINT('',(4.5,0.,0.));
#6870 = DIRECTION('',(1.,0.,0.));
#6871 = DIRECTION('',(0.,2.2E-16,1.));
#6872 = DEFINITIONAL_REPRESENTATION('',(#6873),#6877);
#6873 = CIRCLE('',#6874,1.);
#6874 = AXIS2_PLACEMENT_2D('',#6875,#6876);
#6875 = CARTESIAN_POINT('',(0.,0.));
#6876 = DIRECTION('',(1.,0.));
#6877 = ( GEOMETRIC_REPRESENTATION_CONTEXT(2) 
PARAMETRIC_REPRESENTATION_CONTEXT() REPRESENTATION_CONTEXT('2D SPACE',''
  ) );
#6878 = ORIENTED_EDGE('',*,*,#6829,.F.);
#6879 = ADVANCED_FACE('',(#6880),#6739,.F.);
#6880 = FACE_BOUND('',#6881,.F.);
#6881 = EDGE_LOOP('',(#6882,#6905,#6906,#6929));
#6882 = ORIENTED_EDGE('',*,*,#6883,.F.);
#6883 = EDGE_CURVE('',#6550,#6884,#6886,.T.);
#6884 = VERTEX_POINT('',#6885);
#6885 = CARTESIAN_POINT('',(13.,0.,-0.45));
#6886 = SURFACE_CURVE('',#6887,(#6891,#6898),.PCURVE_S1.);
#6887 = LINE('',#6888,#6889);
#6888 = CARTESIAN_POINT('',(13.,-5.6E-15,-25.20577376812));
#6889 = VECTOR('',#6890,1.);
#6890 = DIRECTION('',(0.,2.2E-16,1.));
#6891 = PCURVE('',#6739,#6892);
#6892 = DEFINITIONAL_REPRESENTATION('',(#6893),#6897);
#6893 = LINE('',#6894,#6895);
#6894 = CARTESIAN_POINT('',(4.712388980385,0.));
#6895 = VECTOR('',#6896,1.);
#6896 = DIRECTION('',(0.,-1.));
#6897 = ( GEOMETRIC_REPRESENTATION_CONTEXT(2) 
PARAMETRIC_REPRESENTATION_CONTEXT() REPRESENTATION_CONTEXT('2D SPACE',''
  ) );
#6898 = PCURVE('',#6565,#6899);
#6899 = DEFINITIONAL_REPRESENTATION('',(#6900),#6904);
#6900 = LINE('',#6901,#6902);
#6901 = CARTESIAN_POINT('',(0.,0.));
#6902 = VECTOR('',#6903,1.);
#6903 = DIRECTION('',(1.1E-32,-1.));
#6904 = ( GEOMETRIC_REPRESENTATION_CONTEXT(2) 
PARAMETRIC_REPRESENTATION_CONTEXT() REPRESENTATION_CONTEXT('2D SPACE',''
  ) );
#6905 = ORIENTED_EDGE('',*,*,#6577,.F.);
#6906 = ORIENTED_EDGE('',*,*,#6907,.F.);
#6907 = EDGE_CURVE('',#6908,#6468,#6910,.T.);
#6908 = VERTEX_POINT('',#6909);
#6909 = CARTESIAN_POINT('',(13.,0.,0.45));
#6910 = SURFACE_CURVE('',#6911,(#6915,#6922),.PCURVE_S1.);
#6911 = LINE('',#6912,#6913);
#6912 = CARTESIAN_POINT('',(13.,-5.6E-15,-25.20577376812));
#6913 = VECTOR('',#6914,1.);
#6914 = DIRECTION('',(0.,2.2E-16,1.));
#6915 = PCURVE('',#6739,#6916);
#6916 = DEFINITIONAL_REPRESENTATION('',(#6917),#6921);
#6917 = LINE('',#6918,#6919);
#6918 = CARTESIAN_POINT('',(4.712388980385,0.));
#6919 = VECTOR('',#6920,1.);
#6920 = DIRECTION('',(0.,-1.));
#6921 = ( GEOMETRIC_REPRESENTATION_CONTEXT(2) 
PARAMETRIC_REPRESENTATION_CONTEXT() REPRESENTATION_CONTEXT('2D SPACE',''
  ) );
#6922 = PCURVE('',#6508,#6923);
#6923 = DEFINITIONAL_REPRESENTATION('',(#6924),#6928);
#6924 = LINE('',#6925,#6926);
#6925 = CARTESIAN_POINT('',(0.,0.));
#6926 = VECTOR('',#6927,1.);
#6927 = DIRECTION('',(1.1E-32,-1.));
#6928 = ( GEOMETRIC_REPRESENTATION_CONTEXT(2) 
PARAMETRIC_REPRESENTATION_CONTEXT() REPRESENTATION_CONTEXT('2D SPACE',''
  ) );
#6929 = ORIENTED_EDGE('',*,*,#6930,.T.);
#6930 = EDGE_CURVE('',#6908,#6884,#6931,.T.);
#6931 = SURFACE_CURVE('',#6932,(#6995,#7061),.PCURVE_S1.);
#6932 = B_SPLINE_CURVE_WITH_KNOTS('',6,(#6933,#6934,#6935,#6936,#6937,
    #6938,#6939,#6940,#6941,#6942,#6943,#6944,#6945,#6946,#6947,#6948,
    #6949,#6950,#6951,#6952,#6953,#6954,#6955,#6956,#6957,#6958,#6959,
    #6960,#6961,#6962,#6963,#6964,#6965,#6966,#6967,#6968,#6969,#6970,
    #6971,#6972,#6973,#6974,#6975,#6976,#6977,#6978,#6979,#6980,#6981,
    #6982,#6983,#6984,#6985,#6986,#6987,#6988,#6989,#6990,#6991,#6992,
    #6993,#6994),.UNSPECIFIED.,.F.,.F.,(7,5,5,5,5,5,5,5,5,5,5,5,7),(0.,
    0.102897321707,0.158784695104,0.311976073394,0.374499566375,
    0.410075503401,0.499998196308,0.589398444509,0.624715776658,
    0.68627966816,0.840688162913,0.89661183492,1.),.UNSPECIFIED.);
#6933 = CARTESIAN_POINT('',(13.,1.1E-16,0.45));
#6934 = CARTESIAN_POINT('',(12.95410937835,6.E-17,0.45));
#6935 = CARTESIAN_POINT('',(12.908351167305,-3.369558928327E-03,
    0.449999867518));
#6936 = CARTESIAN_POINT('',(12.863219643343,-1.007194887546E-02,
    0.450000496521));
#6937 = CARTESIAN_POINT('',(12.819221973665,-1.994336602623E-02,
    0.449809728011));
#6938 = CARTESIAN_POINT('',(12.776857570901,-3.267297897104E-02,
    0.449069449476));
#6939 = CARTESIAN_POINT('',(12.714703263901,-5.598869206814E-02,
    0.446579645371));
#6940 = CARTESIAN_POINT('',(12.693401045482,-6.491262932345E-02,
    0.445444043633));
#6941 = CARTESIAN_POINT('',(12.672712037011,-7.449667225413E-02,
    0.443993697281));
#6942 = CARTESIAN_POINT('',(12.652670181364,-8.467928636476E-02,
    0.442171679967));
#6943 = CARTESIAN_POINT('',(12.63330426363,-9.539503492161E-02,
    0.439922949562));
#6944 = CARTESIAN_POINT('',(12.563471721554,-0.137219353986,
    0.429727519352));
#6945 = CARTESIAN_POINT('',(12.517437041562,-0.171424904921,
    0.418659528163));
#6946 = CARTESIAN_POINT('',(12.477144700909,-0.207750110213,
    0.40293848902));
#6947 = CARTESIAN_POINT('',(12.442746552013,-0.244556280274,
    0.381812252666));
#6948 = CARTESIAN_POINT('',(12.413972869938,-0.280194400808,
    0.355104133543));
#6949 = CARTESIAN_POINT('',(12.380707017442,-0.326620455108,
    0.310113204385));
#6950 = CARTESIAN_POINT('',(12.37192931567,-0.339623439044,0.29620833137
    ));
#6951 = CARTESIAN_POINT('',(12.363981917871,-0.352071863146,
    0.281464895894));
#6952 = CARTESIAN_POINT('',(12.356825032933,-0.363869712288,
    0.265924083822));
#6953 = CARTESIAN_POINT('',(12.350416097157,-0.374929053228,
    0.249641107903));
#6954 = CARTESIAN_POINT('',(12.341467800707,-0.391001605177,
    0.223035455077));
#6955 = CARTESIAN_POINT('',(12.338451010308,-0.396566722809,
    0.213167918557));
#6956 = CARTESIAN_POINT('',(12.335654527995,-0.401854227845,
    0.203093493014));
#6957 = CARTESIAN_POINT('',(12.333070637442,-0.406851373455,
    0.192825112322));
#6958 = CARTESIAN_POINT('',(12.330691923525,-0.411546655968,
    0.182376585195));
#6959 = CARTESIAN_POINT('',(12.322999399826,-0.427008804884,
    0.144934389305));
#6960 = CARTESIAN_POINT('',(12.318754183143,-0.43609250591,
    0.117051904795));
#6961 = CARTESIAN_POINT('',(12.315660158036,-0.443017995275,
    8.834750235611E-02));
#6962 = CARTESIAN_POINT('',(12.313629584599,-0.447673022086,
    5.908376012275E-02));
#6963 = CARTESIAN_POINT('',(12.312613645757,-0.45,2.954019766729E-02));
#6964 = CARTESIAN_POINT('',(12.312613645757,-0.45,-2.936857113612E-02));
#6965 = CARTESIAN_POINT('',(12.313617806465,-0.447699982255,
    -5.874040735429E-02));
#6966 = CARTESIAN_POINT('',(12.315624865166,-0.443098913645,
    -8.78372898282E-02));
#6967 = CARTESIAN_POINT('',(12.318682485424,-0.436253034147,
    -0.116384553928));
#6968 = CARTESIAN_POINT('',(12.322876432064,-0.427272006177,
    -0.14412398563));
#6969 = CARTESIAN_POINT('',(12.330470112999,-0.411986552784,
    -0.181375561865));
#6970 = CARTESIAN_POINT('',(12.332815270509,-0.407349850786,
    -0.191762184942));
#6971 = CARTESIAN_POINT('',(12.335362153219,-0.402414939508,
    -0.201972192449));
#6972 = CARTESIAN_POINT('',(12.338117996664,-0.397193010038,
    -0.211992033617));
#6973 = CARTESIAN_POINT('',(12.341090337366,-0.391696462958,
    -0.22180900162));
#6974 = CARTESIAN_POINT('',(12.349859341466,-0.375902548132,
    -0.24814949578));
#6975 = CARTESIAN_POINT('',(12.356113835166,-0.365071878157,
    -0.264237318585));
#6976 = CARTESIAN_POINT('',(12.363090756404,-0.353520006202,
    -0.279609396599));
#6977 = CARTESIAN_POINT('',(12.37083082806,-0.341330330541,
    -0.294212434132));
#6978 = CARTESIAN_POINT('',(12.379372309808,-0.328593936142,
    -0.308006243357));
#6979 = CARTESIAN_POINT('',(12.412263444945,-0.282332792355,
    -0.353466325663));
#6980 = CARTESIAN_POINT('',(12.440989705123,-0.246476348608,
    -0.380661588528));
#6981 = CARTESIAN_POINT('',(12.475420489101,-0.209368562813,
    -0.402181396116));
#6982 = CARTESIAN_POINT('',(12.515842416652,-0.17269996903,-0.4181910147
    ));
#6983 = CARTESIAN_POINT('',(12.562106534814,-0.138152436022,
    -0.429452326547));
#6984 = CARTESIAN_POINT('',(12.632233813672,-9.59959280271E-02,
    -0.43979310565));
#6985 = CARTESIAN_POINT('',(12.651580477728,-8.524938988839E-02,
    -0.442063482321));
#6986 = CARTESIAN_POINT('',(12.671604864159,-7.503424599761E-02,
    -0.443904624885));
#6987 = CARTESIAN_POINT('',(12.692278385401,-6.541609973513E-02,
    -0.44537160319));
#6988 = CARTESIAN_POINT('',(12.713567269714,-5.645668208056E-02,
    -0.446521421768));
#6989 = CARTESIAN_POINT('',(12.775855986094,-3.297437854043E-02,
    -0.449051914395));
#6990 = CARTESIAN_POINT('',(12.818390006143,-2.013056754758E-02,
    -0.449806020508));
#6991 = CARTESIAN_POINT('',(12.862577604694,-1.016789812545E-02,
    -0.450000516618));
#6992 = CARTESIAN_POINT('',(12.907914370405,-3.402121878957E-03,
    -0.449999859777));
#6993 = CARTESIAN_POINT('',(12.953888192949,-1.9E-16,-0.45));
#6994 = CARTESIAN_POINT('',(13.,-1.4E-16,-0.45));
#6995 = PCURVE('',#6739,#6996);
#6996 = DEFINITIONAL_REPRESENTATION('',(#6997),#7060);
#6997 = B_SPLINE_CURVE_WITH_KNOTS('',6,(#6998,#6999,#7000,#7001,#7002,
    #7003,#7004,#7005,#7006,#7007,#7008,#7009,#7010,#7011,#7012,#7013,
    #7014,#7015,#7016,#7017,#7018,#7019,#7020,#7021,#7022,#7023,#7024,
    #7025,#7026,#7027,#7028,#7029,#7030,#7031,#7032,#7033,#7034,#7035,
    #7036,#7037,#7038,#7039,#7040,#7041,#7042,#7043,#7044,#7045,#7046,
    #7047,#7048,#7049,#7050,#7051,#7052,#7053,#7054,#7055,#7056,#7057,
    #7058,#7059),.UNSPECIFIED.,.F.,.F.,(7,5,5,5,5,5,5,5,5,5,5,5,7),(0.,
    0.102897321707,0.158784695104,0.311976073394,0.374499566375,
    0.410075503401,0.499998196308,0.589398444509,0.624715776658,
    0.68627966816,0.840688162913,0.89661183492,1.),.UNSPECIFIED.);
#6998 = CARTESIAN_POINT('',(4.712388980385,-25.65577376812));
#6999 = CARTESIAN_POINT('',(4.651201484851,-25.65577376812));
#7000 = CARTESIAN_POINT('',(4.590190534006,-25.65577363564));
#7001 = CARTESIAN_POINT('',(4.529602821902,-25.65577426464));
#7002 = CARTESIAN_POINT('',(4.469714212077,-25.65558349613));
#7003 = CARTESIAN_POINT('',(4.410865730797,-25.6548432176));
#7004 = CARTESIAN_POINT('',(4.322354284146,-25.65235341349));
#7005 = CARTESIAN_POINT('',(4.29158176644,-25.65121781176));
#7006 = CARTESIAN_POINT('',(4.261211215527,-25.6497674654));
#7007 = CARTESIAN_POINT('',(4.231266061113,-25.64794544809));
#7008 = CARTESIAN_POINT('',(4.201772790886,-25.64569671768));
#7009 = CARTESIAN_POINT('',(4.093240296229,-25.63550128747));
#7010 = CARTESIAN_POINT('',(4.017148733179,-25.62443329629));
#7011 = CARTESIAN_POINT('',(3.945269356474,-25.60871225714));
#7012 = CARTESIAN_POINT('',(3.878380217512,-25.58758602079));
#7013 = CARTESIAN_POINT('',(3.817409120563,-25.56087790167));
#7014 = CARTESIAN_POINT('',(3.741257278561,-25.51588697251));
#7015 = CARTESIAN_POINT('',(3.720347624805,-25.50198209949));
#7016 = CARTESIAN_POINT('',(3.700664351697,-25.48723866402));
#7017 = CARTESIAN_POINT('',(3.682271763212,-25.47169785194));
#7018 = CARTESIAN_POINT('',(3.665231386626,-25.45541487603));
#7019 = CARTESIAN_POINT('',(3.640703889657,-25.4288092232));
#7020 = CARTESIAN_POINT('',(3.63226411032,-25.41894168668));
#7021 = CARTESIAN_POINT('',(3.624289425593,-25.40886726114));
#7022 = CARTESIAN_POINT('',(3.616788996144,-25.39859888044));
#7023 = CARTESIAN_POINT('',(3.609771210821,-25.38815035332));
#7024 = CARTESIAN_POINT('',(3.586744541454,-25.35070815743));
#7025 = CARTESIAN_POINT('',(3.573379315727,-25.32282567292));
#7026 = CARTESIAN_POINT('',(3.563266952753,-25.29412127048));
#7027 = CARTESIAN_POINT('',(3.556494691968,-25.26485752825));
#7028 = CARTESIAN_POINT('',(3.553109499657,-25.23531396579));
#7029 = CARTESIAN_POINT('',(3.553109499657,-25.17640519699));
#7030 = CARTESIAN_POINT('',(3.556455472357,-25.14703336077));
#7031 = CARTESIAN_POINT('',(3.563149230022,-25.11793647829));
#7032 = CARTESIAN_POINT('',(3.573144921627,-25.08938921419));
#7033 = CARTESIAN_POINT('',(3.58635730929,-25.06164978249));
#7034 = CARTESIAN_POINT('',(3.609114347784,-25.02439820626));
#7035 = CARTESIAN_POINT('',(3.616042244401,-25.01401158318));
#7036 = CARTESIAN_POINT('',(3.623446320302,-25.00380157567));
#7037 = CARTESIAN_POINT('',(3.631318408588,-24.99378173451));
#7038 = CARTESIAN_POINT('',(3.639649589709,-24.9839647665));
#7039 = CARTESIAN_POINT('',(3.663736217753,-24.95762427234));
#7040 = CARTESIAN_POINT('',(3.680409714856,-24.94153644954));
#7041 = CARTESIAN_POINT('',(3.698397860617,-24.92616437152));
#7042 = CARTESIAN_POINT('',(3.717642225282,-24.91156133399));
#7043 = CARTESIAN_POINT('',(3.738081688262,-24.89776752477));
#7044 = CARTESIAN_POINT('',(3.813764302676,-24.85230744246));
#7045 = CARTESIAN_POINT('',(3.874922703998,-24.82511217959));
#7046 = CARTESIAN_POINT('',(3.942132856206,-24.80359237201));
#7047 = CARTESIAN_POINT('',(4.014438374103,-24.78758275342));
#7048 = CARTESIAN_POINT('',(4.091039353132,-24.77632144158));
#7049 = CARTESIAN_POINT('',(4.200136711539,-24.76598066247));
#7050 = CARTESIAN_POINT('',(4.229627443104,-24.7637102858));
#7051 = CARTESIAN_POINT('',(4.259571523554,-24.76186914324));
#7052 = CARTESIAN_POINT('',(4.289942488835,-24.76040216493));
#7053 = CARTESIAN_POINT('',(4.320716920347,-24.75925234635));
#7054 = CARTESIAN_POINT('',(4.40947429518,-24.75672185373));
#7055 = CARTESIAN_POINT('',(4.468581577602,-24.75596774761));
#7056 = CARTESIAN_POINT('',(4.528740781339,-24.7557732515));
#7057 = CARTESIAN_POINT('',(4.589608137281,-24.75577390835));
#7058 = CARTESIAN_POINT('',(4.650906570984,-24.75577376812));
#7059 = CARTESIAN_POINT('',(4.712388980385,-24.75577376812));
#7060 = ( GEOMETRIC_REPRESENTATION_CONTEXT(2) 
PARAMETRIC_REPRESENTATION_CONTEXT() REPRESENTATION_CONTEXT('2D SPACE',''
  ) );
#7061 = PCURVE('',#7062,#7067);
#7062 = CYLINDRICAL_SURFACE('',#7063,0.45);
#7063 = AXIS2_PLACEMENT_3D('',#7064,#7065,#7066);
#7064 = CARTESIAN_POINT('',(15.,0.,0.));
#7065 = DIRECTION('',(-1.,0.,0.));
#7066 = DIRECTION('',(0.,2.2E-16,1.));
#7067 = DEFINITIONAL_REPRESENTATION('',(#7068),#7131);
#7068 = B_SPLINE_CURVE_WITH_KNOTS('',6,(#7069,#7070,#7071,#7072,#7073,
    #7074,#7075,#7076,#7077,#7078,#7079,#7080,#7081,#7082,#7083,#7084,
    #7085,#7086,#7087,#7088,#7089,#7090,#7091,#7092,#7093,#7094,#7095,
    #7096,#7097,#7098,#7099,#7100,#7101,#7102,#7103,#7104,#7105,#7106,
    #7107,#7108,#7109,#7110,#7111,#7112,#7113,#7114,#7115,#7116,#7117,
    #7118,#7119,#7120,#7121,#7122,#7123,#7124,#7125,#7126,#7127,#7128,
    #7129,#7130),.UNSPECIFIED.,.F.,.F.,(7,5,5,5,5,5,5,5,5,5,5,5,7),(0.,
    0.102897321707,0.158784695104,0.311976073394,0.374499566375,
    0.410075503401,0.499998196308,0.589398444509,0.624715776658,
    0.68627966816,0.840688162913,0.89661183492,1.),.UNSPECIFIED.);
#7069 = CARTESIAN_POINT('',(0.,2.));
#7070 = CARTESIAN_POINT('',(-1.1E-16,2.04589062165));
#7071 = CARTESIAN_POINT('',(-7.48737208046E-03,2.091648832695));
#7072 = CARTESIAN_POINT('',(-2.238414168277E-02,2.136780356657));
#7073 = CARTESIAN_POINT('',(-4.431414355804E-02,2.180778026335));
#7074 = CARTESIAN_POINT('',(-7.261627253608E-02,2.223142429099));
#7075 = CARTESIAN_POINT('',(-0.124723550372,2.285296736099));
#7076 = CARTESIAN_POINT('',(-0.144710427846,2.306598954518));
#7077 = CARTESIAN_POINT('',(-0.166241071816,2.327287962989));
#7078 = CARTESIAN_POINT('',(-0.189214527473,2.347329818636));
#7079 = CARTESIAN_POINT('',(-0.213533277399,2.36669573637));
#7080 = CARTESIAN_POINT('',(-0.309197826669,2.436528278446));
#7081 = CARTESIAN_POINT('',(-0.38887392435,2.482562958438));
#7082 = CARTESIAN_POINT('',(-0.476187167598,2.522855299091));
#7083 = CARTESIAN_POINT('',(-0.569498005983,2.557253447987));
#7084 = CARTESIAN_POINT('',(-0.667675660238,2.586027130062));
#7085 = CARTESIAN_POINT('',(-0.81134129097,2.619292982558));
#7086 = CARTESIAN_POINT('',(-0.853595489351,2.62807068433));
#7087 = CARTESIAN_POINT('',(-0.896391370171,2.636018082129));
#7088 = CARTESIAN_POINT('',(-0.939661462916,2.643174967067));
#7089 = CARTESIAN_POINT('',(-0.983340894531,2.649583902843));
#7090 = CARTESIAN_POINT('',(-1.052415471814,2.658532199293));
#7091 = CARTESIAN_POINT('',(-1.077578943332,2.661548989692));
#7092 = CARTESIAN_POINT('',(-1.102845419548,2.664345472005));
#7093 = CARTESIAN_POINT('',(-1.128205043667,2.666929362558));
#7094 = CARTESIAN_POINT('',(-1.15364854761,2.669308076475));
#7095 = CARTESIAN_POINT('',(-1.24366901393,2.677000600174));
#7096 = CARTESIAN_POINT('',(-1.308643817489,2.681245816857));
#7097 = CARTESIAN_POINT('',(-1.373959251022,2.684339841964));
#7098 = CARTESIAN_POINT('',(-1.439499128094,2.686370415401));
#7099 = CARTESIAN_POINT('',(-1.50515144309,2.687386354243));
#7100 = CARTESIAN_POINT('',(-1.636059818208,2.687386354243));
#7101 = CARTESIAN_POINT('',(-1.701330521384,2.686382193535));
#7102 = CARTESIAN_POINT('',(-1.766490768752,2.684375134834));
#7103 = CARTESIAN_POINT('',(-1.831430522651,2.681317514576));
#7104 = CARTESIAN_POINT('',(-1.896035677089,2.677123567936));
#7105 = CARTESIAN_POINT('',(-1.985514966848,2.669529887001));
#7106 = CARTESIAN_POINT('',(-2.010779967292,2.667184729491));
#7107 = CARTESIAN_POINT('',(-2.035962891309,2.664637846781));
#7108 = CARTESIAN_POINT('',(-2.061054700246,2.661882003336));
#7109 = CARTESIAN_POINT('',(-2.086045786328,2.658909662634));
#7110 = CARTESIAN_POINT('',(-2.154296210398,2.650140658534));
#7111 = CARTESIAN_POINT('',(-2.197334474535,2.643886164834));
#7112 = CARTESIAN_POINT('',(-2.239979763262,2.636909243596));
#7113 = CARTESIAN_POINT('',(-2.282170472781,2.62916917194));
#7114 = CARTESIAN_POINT('',(-2.323842596204,2.620627690192));
#7115 = CARTESIAN_POINT('',(-2.467974094937,2.587736555055));
#7116 = CARTESIAN_POINT('',(-2.567167202603,2.559010294877));
#7117 = CARTESIAN_POINT('',(-2.661463059968,2.524579510899));
#7118 = CARTESIAN_POINT('',(-2.749710403642,2.484157583348));
#7119 = CARTESIAN_POINT('',(-2.83023539529,2.437893465186));
#7120 = CARTESIAN_POINT('',(-2.92669373732,2.367766186328));
#7121 = CARTESIAN_POINT('',(-2.951089242815,2.348419522272));
#7122 = CARTESIAN_POINT('',(-2.974141218481,2.328395135841));
#7123 = CARTESIAN_POINT('',(-2.995752222846,2.307721614599));
#7124 = CARTESIAN_POINT('',(-3.015821257539,2.286432730286));
#7125 = CARTESIAN_POINT('',(-3.068306268803,2.224144013906));
#7126 = CARTESIAN_POINT('',(-3.096862663374,2.181609993857));
#7127 = CARTESIAN_POINT('',(-3.118995202533,2.137422395306));
#7128 = CARTESIAN_POINT('',(-3.134032952414,2.092085629595));
#7129 = CARTESIAN_POINT('',(-3.14159265359,2.046111807051));
#7130 = CARTESIAN_POINT('',(-3.14159265359,2.));
#7131 = ( GEOMETRIC_REPRESENTATION_CONTEXT(2) 
PARAMETRIC_REPRESENTATION_CONTEXT() REPRESENTATION_CONTEXT('2D SPACE',''
  ) );
#7132 = ADVANCED_FACE('',(#7133),#6565,.F.);
#7133 = FACE_BOUND('',#7134,.F.);
#7134 = EDGE_LOOP('',(#7135,#7136,#7159,#7180));
#7135 = ORIENTED_EDGE('',*,*,#6883,.T.);
#7136 = ORIENTED_EDGE('',*,*,#7137,.F.);
#7137 = EDGE_CURVE('',#7138,#6884,#7140,.T.);
#7138 = VERTEX_POINT('',#7139);
#7139 = CARTESIAN_POINT('',(15.,0.,-0.45));
#7140 = SURFACE_CURVE('',#7141,(#7145,#7152),.PCURVE_S1.);
#7141 = LINE('',#7142,#7143);
#7142 = CARTESIAN_POINT('',(15.,0.,-0.45));
#7143 = VECTOR('',#7144,1.);
#7144 = DIRECTION('',(-1.,0.,0.));
#7145 = PCURVE('',#6565,#7146);
#7146 = DEFINITIONAL_REPRESENTATION('',(#7147),#7151);
#7147 = LINE('',#7148,#7149);
#7148 = CARTESIAN_POINT('',(2.,-24.75577376812));
#7149 = VECTOR('',#7150,1.);
#7150 = DIRECTION('',(-1.,-1.1E-32));
#7151 = ( GEOMETRIC_REPRESENTATION_CONTEXT(2) 
PARAMETRIC_REPRESENTATION_CONTEXT() REPRESENTATION_CONTEXT('2D SPACE',''
  ) );
#7152 = PCURVE('',#7062,#7153);
#7153 = DEFINITIONAL_REPRESENTATION('',(#7154),#7158);
#7154 = LINE('',#7155,#7156);
#7155 = CARTESIAN_POINT('',(-3.14159265359,0.));
#7156 = VECTOR('',#7157,1.);
#7157 = DIRECTION('',(-0.,1.));
#7158 = ( GEOMETRIC_REPRESENTATION_CONTEXT(2) 
PARAMETRIC_REPRESENTATION_CONTEXT() REPRESENTATION_CONTEXT('2D SPACE',''
  ) );
#7159 = ORIENTED_EDGE('',*,*,#7160,.F.);
#7160 = EDGE_CURVE('',#6521,#7138,#7161,.T.);
#7161 = SURFACE_CURVE('',#7162,(#7166,#7173),.PCURVE_S1.);
#7162 = LINE('',#7163,#7164);
#7163 = CARTESIAN_POINT('',(15.,-2.7E-15,-12.60288688406));
#7164 = VECTOR('',#7165,1.);
#7165 = DIRECTION('',(0.,2.2E-16,1.));
#7166 = PCURVE('',#6565,#7167);
#7167 = DEFINITIONAL_REPRESENTATION('',(#7168),#7172);
#7168 = LINE('',#7169,#7170);
#7169 = CARTESIAN_POINT('',(2.,-12.60288688406));
#7170 = VECTOR('',#7171,1.);
#7171 = DIRECTION('',(1.1E-32,-1.));
#7172 = ( GEOMETRIC_REPRESENTATION_CONTEXT(2) 
PARAMETRIC_REPRESENTATION_CONTEXT() REPRESENTATION_CONTEXT('2D SPACE',''
  ) );
#7173 = PCURVE('',#6537,#7174);
#7174 = DEFINITIONAL_REPRESENTATION('',(#7175),#7179);
#7175 = LINE('',#7176,#7177);
#7176 = CARTESIAN_POINT('',(-12.60288688406,-7.263511449397E-17));
#7177 = VECTOR('',#7178,1.);
#7178 = DIRECTION('',(1.,0.));
#7179 = ( GEOMETRIC_REPRESENTATION_CONTEXT(2) 
PARAMETRIC_REPRESENTATION_CONTEXT() REPRESENTATION_CONTEXT('2D SPACE',''
  ) );
#7180 = ORIENTED_EDGE('',*,*,#6549,.F.);
#7181 = ADVANCED_FACE('',(#7182),#6537,.T.);
#7182 = FACE_BOUND('',#7183,.T.);
#7183 = EDGE_LOOP('',(#7184,#7185,#7208,#7230));
#7184 = ORIENTED_EDGE('',*,*,#6520,.T.);
#7185 = ORIENTED_EDGE('',*,*,#7186,.F.);
#7186 = EDGE_CURVE('',#7187,#6493,#7189,.T.);
#7187 = VERTEX_POINT('',#7188);
#7188 = CARTESIAN_POINT('',(15.,0.,0.45));
#7189 = SURFACE_CURVE('',#7190,(#7194,#7201),.PCURVE_S1.);
#7190 = LINE('',#7191,#7192);
#7191 = CARTESIAN_POINT('',(15.,-2.7E-15,-12.60288688406));
#7192 = VECTOR('',#7193,1.);
#7193 = DIRECTION('',(0.,2.2E-16,1.));
#7194 = PCURVE('',#6537,#7195);
#7195 = DEFINITIONAL_REPRESENTATION('',(#7196),#7200);
#7196 = LINE('',#7197,#7198);
#7197 = CARTESIAN_POINT('',(-12.60288688406,-7.263511449397E-17));
#7198 = VECTOR('',#7199,1.);
#7199 = DIRECTION('',(1.,0.));
#7200 = ( GEOMETRIC_REPRESENTATION_CONTEXT(2) 
PARAMETRIC_REPRESENTATION_CONTEXT() REPRESENTATION_CONTEXT('2D SPACE',''
  ) );
#7201 = PCURVE('',#6508,#7202);
#7202 = DEFINITIONAL_REPRESENTATION('',(#7203),#7207);
#7203 = LINE('',#7204,#7205);
#7204 = CARTESIAN_POINT('',(2.,-12.60288688406));
#7205 = VECTOR('',#7206,1.);
#7206 = DIRECTION('',(1.1E-32,-1.));
#7207 = ( GEOMETRIC_REPRESENTATION_CONTEXT(2) 
PARAMETRIC_REPRESENTATION_CONTEXT() REPRESENTATION_CONTEXT('2D SPACE',''
  ) );
#7208 = ORIENTED_EDGE('',*,*,#7209,.F.);
#7209 = EDGE_CURVE('',#7138,#7187,#7210,.T.);
#7210 = SURFACE_CURVE('',#7211,(#7216,#7223),.PCURVE_S1.);
#7211 = CIRCLE('',#7212,0.45);
#7212 = AXIS2_PLACEMENT_3D('',#7213,#7214,#7215);
#7213 = CARTESIAN_POINT('',(15.,0.,0.));
#7214 = DIRECTION('',(1.,0.,-0.));
#7215 = DIRECTION('',(0.,2.2E-16,1.));
#7216 = PCURVE('',#6537,#7217);
#7217 = DEFINITIONAL_REPRESENTATION('',(#7218),#7222);
#7218 = CIRCLE('',#7219,0.45);
#7219 = AXIS2_PLACEMENT_2D('',#7220,#7221);
#7220 = CARTESIAN_POINT('',(0.,0.));
#7221 = DIRECTION('',(1.,0.));
#7222 = ( GEOMETRIC_REPRESENTATION_CONTEXT(2) 
PARAMETRIC_REPRESENTATION_CONTEXT() REPRESENTATION_CONTEXT('2D SPACE',''
  ) );
#7223 = PCURVE('',#7062,#7224);
#7224 = DEFINITIONAL_REPRESENTATION('',(#7225),#7229);
#7225 = LINE('',#7226,#7227);
#7226 = CARTESIAN_POINT('',(-0.,0.));
#7227 = VECTOR('',#7228,1.);
#7228 = DIRECTION('',(-1.,0.));
#7229 = ( GEOMETRIC_REPRESENTATION_CONTEXT(2) 
PARAMETRIC_REPRESENTATION_CONTEXT() REPRESENTATION_CONTEXT('2D SPACE',''
  ) );
#7230 = ORIENTED_EDGE('',*,*,#7160,.F.);
#7231 = ADVANCED_FACE('',(#7232),#6508,.F.);
#7232 = FACE_BOUND('',#7233,.F.);
#7233 = EDGE_LOOP('',(#7234,#7255,#7256,#7257));
#7234 = ORIENTED_EDGE('',*,*,#7235,.T.);
#7235 = EDGE_CURVE('',#7187,#6908,#7236,.T.);
#7236 = SURFACE_CURVE('',#7237,(#7241,#7248),.PCURVE_S1.);
#7237 = LINE('',#7238,#7239);
#7238 = CARTESIAN_POINT('',(15.,-1.E-16,0.45));
#7239 = VECTOR('',#7240,1.);
#7240 = DIRECTION('',(-1.,0.,0.));
#7241 = PCURVE('',#6508,#7242);
#7242 = DEFINITIONAL_REPRESENTATION('',(#7243),#7247);
#7243 = LINE('',#7244,#7245);
#7244 = CARTESIAN_POINT('',(2.,-25.65577376812));
#7245 = VECTOR('',#7246,1.);
#7246 = DIRECTION('',(-1.,-1.1E-32));
#7247 = ( GEOMETRIC_REPRESENTATION_CONTEXT(2) 
PARAMETRIC_REPRESENTATION_CONTEXT() REPRESENTATION_CONTEXT('2D SPACE',''
  ) );
#7248 = PCURVE('',#7062,#7249);
#7249 = DEFINITIONAL_REPRESENTATION('',(#7250),#7254);
#7250 = LINE('',#7251,#7252);
#7251 = CARTESIAN_POINT('',(-6.28318530718,0.));
#7252 = VECTOR('',#7253,1.);
#7253 = DIRECTION('',(-0.,1.));
#7254 = ( GEOMETRIC_REPRESENTATION_CONTEXT(2) 
PARAMETRIC_REPRESENTATION_CONTEXT() REPRESENTATION_CONTEXT('2D SPACE',''
  ) );
#7255 = ORIENTED_EDGE('',*,*,#6907,.T.);
#7256 = ORIENTED_EDGE('',*,*,#6492,.T.);
#7257 = ORIENTED_EDGE('',*,*,#7186,.F.);
#7258 = ADVANCED_FACE('',(#7259,#7262),#6867,.F.);
#7259 = FACE_BOUND('',#7260,.F.);
#7260 = EDGE_LOOP('',(#7261));
#7261 = ORIENTED_EDGE('',*,*,#6852,.T.);
#7262 = FACE_BOUND('',#7263,.F.);
#7263 = EDGE_LOOP('',(#7264));
#7264 = ORIENTED_EDGE('',*,*,#7265,.F.);
#7265 = EDGE_CURVE('',#7266,#7266,#7268,.T.);
#7266 = VERTEX_POINT('',#7267);
#7267 = CARTESIAN_POINT('',(4.5,0.,0.75));
#7268 = SURFACE_CURVE('',#7269,(#7274,#7281),.PCURVE_S1.);
#7269 = CIRCLE('',#7270,0.75);
#7270 = AXIS2_PLACEMENT_3D('',#7271,#7272,#7273);
#7271 = CARTESIAN_POINT('',(4.5,0.,0.));
#7272 = DIRECTION('',(1.,0.,-0.));
#7273 = DIRECTION('',(0.,2.2E-16,1.));
#7274 = PCURVE('',#6867,#7275);
#7275 = DEFINITIONAL_REPRESENTATION('',(#7276),#7280);
#7276 = CIRCLE('',#7277,0.75);
#7277 = AXIS2_PLACEMENT_2D('',#7278,#7279);
#7278 = CARTESIAN_POINT('',(0.,0.));
#7279 = DIRECTION('',(1.,0.));
#7280 = ( GEOMETRIC_REPRESENTATION_CONTEXT(2) 
PARAMETRIC_REPRESENTATION_CONTEXT() REPRESENTATION_CONTEXT('2D SPACE',''
  ) );
#7281 = PCURVE('',#7282,#7287);
#7282 = CYLINDRICAL_SURFACE('',#7283,0.75);
#7283 = AXIS2_PLACEMENT_3D('',#7284,#7285,#7286);
#7284 = CARTESIAN_POINT('',(4.5,0.,0.));
#7285 = DIRECTION('',(-1.,0.,0.));
#7286 = DIRECTION('',(0.,2.2E-16,1.));
#7287 = DEFINITIONAL_REPRESENTATION('',(#7288),#7292);
#7288 = LINE('',#7289,#7290);
#7289 = CARTESIAN_POINT('',(-0.,0.));
#7290 = VECTOR('',#7291,1.);
#7291 = DIRECTION('',(-1.,0.));
#7292 = ( GEOMETRIC_REPRESENTATION_CONTEXT(2) 
PARAMETRIC_REPRESENTATION_CONTEXT() REPRESENTATION_CONTEXT('2D SPACE',''
  ) );
#7293 = ADVANCED_FACE('',(#7294),#7062,.F.);
#7294 = FACE_BOUND('',#7295,.T.);
#7295 = EDGE_LOOP('',(#7296,#7297,#7298,#7321,#7348,#7349,#7350));
#7296 = ORIENTED_EDGE('',*,*,#7209,.T.);
#7297 = ORIENTED_EDGE('',*,*,#7235,.T.);
#7298 = ORIENTED_EDGE('',*,*,#7299,.T.);
#7299 = EDGE_CURVE('',#6908,#7300,#7302,.T.);
#7300 = VERTEX_POINT('',#7301);
#7301 = CARTESIAN_POINT('',(10.539269244248,0.,0.45));
#7302 = SEAM_CURVE('',#7303,(#7307,#7314),.PCURVE_S1.);
#7303 = LINE('',#7304,#7305);
#7304 = CARTESIAN_POINT('',(15.,-1.E-16,0.45));
#7305 = VECTOR('',#7306,1.);
#7306 = DIRECTION('',(-1.,0.,0.));
#7307 = PCURVE('',#7062,#7308);
#7308 = DEFINITIONAL_REPRESENTATION('',(#7309),#7313);
#7309 = LINE('',#7310,#7311);
#7310 = CARTESIAN_POINT('',(-0.,0.));
#7311 = VECTOR('',#7312,1.);
#7312 = DIRECTION('',(-0.,1.));
#7313 = ( GEOMETRIC_REPRESENTATION_CONTEXT(2) 
PARAMETRIC_REPRESENTATION_CONTEXT() REPRESENTATION_CONTEXT('2D SPACE',''
  ) );
#7314 = PCURVE('',#7062,#7315);
#7315 = DEFINITIONAL_REPRESENTATION('',(#7316),#7320);
#7316 = LINE('',#7317,#7318);
#7317 = CARTESIAN_POINT('',(-6.28318530718,0.));
#7318 = VECTOR('',#7319,1.);
#7319 = DIRECTION('',(-0.,1.));
#7320 = ( GEOMETRIC_REPRESENTATION_CONTEXT(2) 
PARAMETRIC_REPRESENTATION_CONTEXT() REPRESENTATION_CONTEXT('2D SPACE',''
  ) );
#7321 = ORIENTED_EDGE('',*,*,#7322,.F.);
#7322 = EDGE_CURVE('',#7300,#7300,#7323,.T.);
#7323 = SURFACE_CURVE('',#7324,(#7329,#7336),.PCURVE_S1.);
#7324 = CIRCLE('',#7325,0.45);
#7325 = AXIS2_PLACEMENT_3D('',#7326,#7327,#7328);
#7326 = CARTESIAN_POINT('',(10.539269244248,0.,0.));
#7327 = DIRECTION('',(1.,0.,-0.));
#7328 = DIRECTION('',(0.,2.2E-16,1.));
#7329 = PCURVE('',#7062,#7330);
#7330 = DEFINITIONAL_REPRESENTATION('',(#7331),#7335);
#7331 = LINE('',#7332,#7333);
#7332 = CARTESIAN_POINT('',(-0.,4.460730755752));
#7333 = VECTOR('',#7334,1.);
#7334 = DIRECTION('',(-1.,0.));
#7335 = ( GEOMETRIC_REPRESENTATION_CONTEXT(2) 
PARAMETRIC_REPRESENTATION_CONTEXT() REPRESENTATION_CONTEXT('2D SPACE',''
  ) );
#7336 = PCURVE('',#7337,#7342);
#7337 = CONICAL_SURFACE('',#7338,0.45,1.082104136236);
#7338 = AXIS2_PLACEMENT_3D('',#7339,#7340,#7341);
#7339 = CARTESIAN_POINT('',(10.539269244248,0.,0.));
#7340 = DIRECTION('',(1.,0.,0.));
#7341 = DIRECTION('',(0.,2.2E-16,1.));
#7342 = DEFINITIONAL_REPRESENTATION('',(#7343),#7347);
#7343 = LINE('',#7344,#7345);
#7344 = CARTESIAN_POINT('',(0.,-0.));
#7345 = VECTOR('',#7346,1.);
#7346 = DIRECTION('',(1.,-0.));
#7347 = ( GEOMETRIC_REPRESENTATION_CONTEXT(2) 
PARAMETRIC_REPRESENTATION_CONTEXT() REPRESENTATION_CONTEXT('2D SPACE',''
  ) );
#7348 = ORIENTED_EDGE('',*,*,#7299,.F.);
#7349 = ORIENTED_EDGE('',*,*,#6930,.T.);
#7350 = ORIENTED_EDGE('',*,*,#7137,.F.);
#7351 = ADVANCED_FACE('',(#7352),#7282,.T.);
#7352 = FACE_BOUND('',#7353,.F.);
#7353 = EDGE_LOOP('',(#7354,#7377,#7378,#7379,#7412,#7440,#7469,#7492,
    #7520,#7548,#7577,#7600));
#7354 = ORIENTED_EDGE('',*,*,#7355,.F.);
#7355 = EDGE_CURVE('',#7266,#7356,#7358,.T.);
#7356 = VERTEX_POINT('',#7357);
#7357 = CARTESIAN_POINT('',(3.,0.,0.75));
#7358 = SEAM_CURVE('',#7359,(#7363,#7370),.PCURVE_S1.);
#7359 = LINE('',#7360,#7361);
#7360 = CARTESIAN_POINT('',(4.5,-1.7E-16,0.75));
#7361 = VECTOR('',#7362,1.);
#7362 = DIRECTION('',(-1.,0.,0.));
#7363 = PCURVE('',#7282,#7364);
#7364 = DEFINITIONAL_REPRESENTATION('',(#7365),#7369);
#7365 = LINE('',#7366,#7367);
#7366 = CARTESIAN_POINT('',(-0.,0.));
#7367 = VECTOR('',#7368,1.);
#7368 = DIRECTION('',(-0.,1.));
#7369 = ( GEOMETRIC_REPRESENTATION_CONTEXT(2) 
PARAMETRIC_REPRESENTATION_CONTEXT() REPRESENTATION_CONTEXT('2D SPACE',''
  ) );
#7370 = PCURVE('',#7282,#7371);
#7371 = DEFINITIONAL_REPRESENTATION('',(#7372),#7376);
#7372 = LINE('',#7373,#7374);
#7373 = CARTESIAN_POINT('',(-6.28318530718,0.));
#7374 = VECTOR('',#7375,1.);
#7375 = DIRECTION('',(-0.,1.));
#7376 = ( GEOMETRIC_REPRESENTATION_CONTEXT(2) 
PARAMETRIC_REPRESENTATION_CONTEXT() REPRESENTATION_CONTEXT('2D SPACE',''
  ) );
#7377 = ORIENTED_EDGE('',*,*,#7265,.T.);
#7378 = ORIENTED_EDGE('',*,*,#7355,.T.);
#7379 = ORIENTED_EDGE('',*,*,#7380,.T.);
#7380 = EDGE_CURVE('',#7356,#7381,#7383,.T.);
#7381 = VERTEX_POINT('',#7382);
#7382 = CARTESIAN_POINT('',(3.,7.5E-02,0.74624057783));
#7383 = SURFACE_CURVE('',#7384,(#7389,#7396),.PCURVE_S1.);
#7384 = CIRCLE('',#7385,0.75);
#7385 = AXIS2_PLACEMENT_3D('',#7386,#7387,#7388);
#7386 = CARTESIAN_POINT('',(3.,0.,0.));
#7387 = DIRECTION('',(-1.,0.,0.));
#7388 = DIRECTION('',(0.,2.2E-16,1.));
#7389 = PCURVE('',#7282,#7390);
#7390 = DEFINITIONAL_REPRESENTATION('',(#7391),#7395);
#7391 = LINE('',#7392,#7393);
#7392 = CARTESIAN_POINT('',(-6.28318530718,1.5));
#7393 = VECTOR('',#7394,1.);
#7394 = DIRECTION('',(1.,-0.));
#7395 = ( GEOMETRIC_REPRESENTATION_CONTEXT(2) 
PARAMETRIC_REPRESENTATION_CONTEXT() REPRESENTATION_CONTEXT('2D SPACE',''
  ) );
#7396 = PCURVE('',#7397,#7402);
#7397 = PLANE('',#7398);
#7398 = AXIS2_PLACEMENT_3D('',#7399,#7400,#7401);
#7399 = CARTESIAN_POINT('',(3.,7.499999999999E-02,-25.20577376812));
#7400 = DIRECTION('',(1.,0.,0.));
#7401 = DIRECTION('',(0.,-1.,2.2E-16));
#7402 = DEFINITIONAL_REPRESENTATION('',(#7403),#7411);
#7403 = ( BOUNDED_CURVE() B_SPLINE_CURVE(2,(#7404,#7405,#7406,#7407,
#7408,#7409,#7410),.UNSPECIFIED.,.T.,.F.) B_SPLINE_CURVE_WITH_KNOTS((1,2
    ,2,2,2,1),(-2.094395102393,0.,2.094395102393,4.188790204786,
6.28318530718,8.377580409573),.UNSPECIFIED.) CURVE() 
GEOMETRIC_REPRESENTATION_ITEM() RATIONAL_B_SPLINE_CURVE((1.,0.5,1.,0.5,
1.,0.5,1.)) REPRESENTATION_ITEM('') );
#7404 = CARTESIAN_POINT('',(7.5E-02,-25.95577376812));
#7405 = CARTESIAN_POINT('',(-1.224038105677,-25.95577376812));
#7406 = CARTESIAN_POINT('',(-0.574519052838,-24.83077376812));
#7407 = CARTESIAN_POINT('',(7.5E-02,-23.70577376812));
#7408 = CARTESIAN_POINT('',(0.724519052838,-24.83077376812));
#7409 = CARTESIAN_POINT('',(1.374038105677,-25.95577376812));
#7410 = CARTESIAN_POINT('',(7.5E-02,-25.95577376812));
#7411 = ( GEOMETRIC_REPRESENTATION_CONTEXT(2) 
PARAMETRIC_REPRESENTATION_CONTEXT() REPRESENTATION_CONTEXT('2D SPACE',''
  ) );
#7412 = ORIENTED_EDGE('',*,*,#7413,.T.);
#7413 = EDGE_CURVE('',#7381,#7414,#7416,.T.);
#7414 = VERTEX_POINT('',#7415);
#7415 = CARTESIAN_POINT('',(-6.25,7.5E-02,0.74624057783));
#7416 = SURFACE_CURVE('',#7417,(#7421,#7428),.PCURVE_S1.);
#7417 = LINE('',#7418,#7419);
#7418 = CARTESIAN_POINT('',(4.5,7.5E-02,0.74624057783));
#7419 = VECTOR('',#7420,1.);
#7420 = DIRECTION('',(-1.,0.,0.));
#7421 = PCURVE('',#7282,#7422);
#7422 = DEFINITIONAL_REPRESENTATION('',(#7423),#7427);
#7423 = LINE('',#7424,#7425);
#7424 = CARTESIAN_POINT('',(-6.183017886018,0.));
#7425 = VECTOR('',#7426,1.);
#7426 = DIRECTION('',(-0.,1.));
#7427 = ( GEOMETRIC_REPRESENTATION_CONTEXT(2) 
PARAMETRIC_REPRESENTATION_CONTEXT() REPRESENTATION_CONTEXT('2D SPACE',''
  ) );
#7428 = PCURVE('',#7429,#7434);
#7429 = PLANE('',#7430);
#7430 = AXIS2_PLACEMENT_3D('',#7431,#7432,#7433);
#7431 = CARTESIAN_POINT('',(-7.,7.499999999999E-02,-25.20577376812));
#7432 = DIRECTION('',(0.,1.,-2.2E-16));
#7433 = DIRECTION('',(1.,0.,0.));
#7434 = DEFINITIONAL_REPRESENTATION('',(#7435),#7439);
#7435 = LINE('',#7436,#7437);
#7436 = CARTESIAN_POINT('',(11.5,-25.95201434595));
#7437 = VECTOR('',#7438,1.);
#7438 = DIRECTION('',(-1.,-0.));
#7439 = ( GEOMETRIC_REPRESENTATION_CONTEXT(2) 
PARAMETRIC_REPRESENTATION_CONTEXT() REPRESENTATION_CONTEXT('2D SPACE',''
  ) );
#7440 = ORIENTED_EDGE('',*,*,#7441,.F.);
#7441 = EDGE_CURVE('',#7442,#7414,#7444,.T.);
#7442 = VERTEX_POINT('',#7443);
#7443 = CARTESIAN_POINT('',(-6.25,7.5E-02,-0.74624057783));
#7444 = SURFACE_CURVE('',#7445,(#7450,#7457),.PCURVE_S1.);
#7445 = CIRCLE('',#7446,0.75);
#7446 = AXIS2_PLACEMENT_3D('',#7447,#7448,#7449);
#7447 = CARTESIAN_POINT('',(-6.25,0.,0.));
#7448 = DIRECTION('',(1.,0.,-0.));
#7449 = DIRECTION('',(0.,2.2E-16,1.));
#7450 = PCURVE('',#7282,#7451);
#7451 = DEFINITIONAL_REPRESENTATION('',(#7452),#7456);
#7452 = LINE('',#7453,#7454);
#7453 = CARTESIAN_POINT('',(-0.,10.75));
#7454 = VECTOR('',#7455,1.);
#7455 = DIRECTION('',(-1.,0.));
#7456 = ( GEOMETRIC_REPRESENTATION_CONTEXT(2) 
PARAMETRIC_REPRESENTATION_CONTEXT() REPRESENTATION_CONTEXT('2D SPACE',''
  ) );
#7457 = PCURVE('',#7458,#7463);
#7458 = SPHERICAL_SURFACE('',#7459,0.75);
#7459 = AXIS2_PLACEMENT_3D('',#7460,#7461,#7462);
#7460 = CARTESIAN_POINT('',(-6.25,0.,0.));
#7461 = DIRECTION('',(-1.,0.,0.));
#7462 = DIRECTION('',(0.,2.2E-16,1.));
#7463 = DEFINITIONAL_REPRESENTATION('',(#7464),#7468);
#7464 = LINE('',#7465,#7466);
#7465 = CARTESIAN_POINT('',(-0.,0.));
#7466 = VECTOR('',#7467,1.);
#7467 = DIRECTION('',(-1.,0.));
#7468 = ( GEOMETRIC_REPRESENTATION_CONTEXT(2) 
PARAMETRIC_REPRESENTATION_CONTEXT() REPRESENTATION_CONTEXT('2D SPACE',''
  ) );
#7469 = ORIENTED_EDGE('',*,*,#7470,.F.);
#7470 = EDGE_CURVE('',#7471,#7442,#7473,.T.);
#7471 = VERTEX_POINT('',#7472);
#7472 = CARTESIAN_POINT('',(3.,7.5E-02,-0.74624057783));
#7473 = SURFACE_CURVE('',#7474,(#7478,#7485),.PCURVE_S1.);
#7474 = LINE('',#7475,#7476);
#7475 = CARTESIAN_POINT('',(4.5,7.5E-02,-0.74624057783));
#7476 = VECTOR('',#7477,1.);
#7477 = DIRECTION('',(-1.,0.,0.));
#7478 = PCURVE('',#7282,#7479);
#7479 = DEFINITIONAL_REPRESENTATION('',(#7480),#7484);
#7480 = LINE('',#7481,#7482);
#7481 = CARTESIAN_POINT('',(-3.241760074751,0.));
#7482 = VECTOR('',#7483,1.);
#7483 = DIRECTION('',(-0.,1.));
#7484 = ( GEOMETRIC_REPRESENTATION_CONTEXT(2) 
PARAMETRIC_REPRESENTATION_CONTEXT() REPRESENTATION_CONTEXT('2D SPACE',''
  ) );
#7485 = PCURVE('',#7429,#7486);
#7486 = DEFINITIONAL_REPRESENTATION('',(#7487),#7491);
#7487 = LINE('',#7488,#7489);
#7488 = CARTESIAN_POINT('',(11.5,-24.45953319029));
#7489 = VECTOR('',#7490,1.);
#7490 = DIRECTION('',(-1.,-0.));
#7491 = ( GEOMETRIC_REPRESENTATION_CONTEXT(2) 
PARAMETRIC_REPRESENTATION_CONTEXT() REPRESENTATION_CONTEXT('2D SPACE',''
  ) );
#7492 = ORIENTED_EDGE('',*,*,#7493,.T.);
#7493 = EDGE_CURVE('',#7471,#7494,#7496,.T.);
#7494 = VERTEX_POINT('',#7495);
#7495 = CARTESIAN_POINT('',(3.,-7.5E-02,-0.74624057783));
#7496 = SURFACE_CURVE('',#7497,(#7502,#7509),.PCURVE_S1.);
#7497 = CIRCLE('',#7498,0.75);
#7498 = AXIS2_PLACEMENT_3D('',#7499,#7500,#7501);
#7499 = CARTESIAN_POINT('',(3.,0.,0.));
#7500 = DIRECTION('',(-1.,0.,0.));
#7501 = DIRECTION('',(0.,2.2E-16,1.));
#7502 = PCURVE('',#7282,#7503);
#7503 = DEFINITIONAL_REPRESENTATION('',(#7504),#7508);
#7504 = LINE('',#7505,#7506);
#7505 = CARTESIAN_POINT('',(-6.28318530718,1.5));
#7506 = VECTOR('',#7507,1.);
#7507 = DIRECTION('',(1.,-0.));
#7508 = ( GEOMETRIC_REPRESENTATION_CONTEXT(2) 
PARAMETRIC_REPRESENTATION_CONTEXT() REPRESENTATION_CONTEXT('2D SPACE',''
  ) );
#7509 = PCURVE('',#7397,#7510);
#7510 = DEFINITIONAL_REPRESENTATION('',(#7511),#7519);
#7511 = ( BOUNDED_CURVE() B_SPLINE_CURVE(2,(#7512,#7513,#7514,#7515,
#7516,#7517,#7518),.UNSPECIFIED.,.T.,.F.) B_SPLINE_CURVE_WITH_KNOTS((1,2
    ,2,2,2,1),(-2.094395102393,0.,2.094395102393,4.188790204786,
6.28318530718,8.377580409573),.UNSPECIFIED.) CURVE() 
GEOMETRIC_REPRESENTATION_ITEM() RATIONAL_B_SPLINE_CURVE((1.,0.5,1.,0.5,
1.,0.5,1.)) REPRESENTATION_ITEM('') );
#7512 = CARTESIAN_POINT('',(7.5E-02,-25.95577376812));
#7513 = CARTESIAN_POINT('',(-1.224038105677,-25.95577376812));
#7514 = CARTESIAN_POINT('',(-0.574519052838,-24.83077376812));
#7515 = CARTESIAN_POINT('',(7.5E-02,-23.70577376812));
#7516 = CARTESIAN_POINT('',(0.724519052838,-24.83077376812));
#7517 = CARTESIAN_POINT('',(1.374038105677,-25.95577376812));
#7518 = CARTESIAN_POINT('',(7.5E-02,-25.95577376812));
#7519 = ( GEOMETRIC_REPRESENTATION_CONTEXT(2) 
PARAMETRIC_REPRESENTATION_CONTEXT() REPRESENTATION_CONTEXT('2D SPACE',''
  ) );
#7520 = ORIENTED_EDGE('',*,*,#7521,.T.);
#7521 = EDGE_CURVE('',#7494,#7522,#7524,.T.);
#7522 = VERTEX_POINT('',#7523);
#7523 = CARTESIAN_POINT('',(-6.25,-7.5E-02,-0.74624057783));
#7524 = SURFACE_CURVE('',#7525,(#7529,#7536),.PCURVE_S1.);
#7525 = LINE('',#7526,#7527);
#7526 = CARTESIAN_POINT('',(4.5,-7.5E-02,-0.74624057783));
#7527 = VECTOR('',#7528,1.);
#7528 = DIRECTION('',(-1.,0.,0.));
#7529 = PCURVE('',#7282,#7530);
#7530 = DEFINITIONAL_REPRESENTATION('',(#7531),#7535);
#7531 = LINE('',#7532,#7533);
#7532 = CARTESIAN_POINT('',(-3.041425232428,0.));
#7533 = VECTOR('',#7534,1.);
#7534 = DIRECTION('',(-0.,1.));
#7535 = ( GEOMETRIC_REPRESENTATION_CONTEXT(2) 
PARAMETRIC_REPRESENTATION_CONTEXT() REPRESENTATION_CONTEXT('2D SPACE',''
  ) );
#7536 = PCURVE('',#7537,#7542);
#7537 = PLANE('',#7538);
#7538 = AXIS2_PLACEMENT_3D('',#7539,#7540,#7541);
#7539 = CARTESIAN_POINT('',(3.,-7.500000000001E-02,-25.20577376812));
#7540 = DIRECTION('',(0.,-1.,2.2E-16));
#7541 = DIRECTION('',(-1.,0.,0.));
#7542 = DEFINITIONAL_REPRESENTATION('',(#7543),#7547);
#7543 = LINE('',#7544,#7545);
#7544 = CARTESIAN_POINT('',(-1.5,-24.45953319029));
#7545 = VECTOR('',#7546,1.);
#7546 = DIRECTION('',(1.,0.));
#7547 = ( GEOMETRIC_REPRESENTATION_CONTEXT(2) 
PARAMETRIC_REPRESENTATION_CONTEXT() REPRESENTATION_CONTEXT('2D SPACE',''
  ) );
#7548 = ORIENTED_EDGE('',*,*,#7549,.F.);
#7549 = EDGE_CURVE('',#7550,#7522,#7552,.T.);
#7550 = VERTEX_POINT('',#7551);
#7551 = CARTESIAN_POINT('',(-6.25,-7.5E-02,0.74624057783));
#7552 = SURFACE_CURVE('',#7553,(#7558,#7565),.PCURVE_S1.);
#7553 = CIRCLE('',#7554,0.75);
#7554 = AXIS2_PLACEMENT_3D('',#7555,#7556,#7557);
#7555 = CARTESIAN_POINT('',(-6.25,0.,0.));
#7556 = DIRECTION('',(1.,0.,-0.));
#7557 = DIRECTION('',(0.,2.2E-16,1.));
#7558 = PCURVE('',#7282,#7559);
#7559 = DEFINITIONAL_REPRESENTATION('',(#7560),#7564);
#7560 = LINE('',#7561,#7562);
#7561 = CARTESIAN_POINT('',(-0.,10.75));
#7562 = VECTOR('',#7563,1.);
#7563 = DIRECTION('',(-1.,0.));
#7564 = ( GEOMETRIC_REPRESENTATION_CONTEXT(2) 
PARAMETRIC_REPRESENTATION_CONTEXT() REPRESENTATION_CONTEXT('2D SPACE',''
  ) );
#7565 = PCURVE('',#7566,#7571);
#7566 = SPHERICAL_SURFACE('',#7567,0.75);
#7567 = AXIS2_PLACEMENT_3D('',#7568,#7569,#7570);
#7568 = CARTESIAN_POINT('',(-6.25,0.,0.));
#7569 = DIRECTION('',(-1.,0.,0.));
#7570 = DIRECTION('',(0.,2.2E-16,1.));
#7571 = DEFINITIONAL_REPRESENTATION('',(#7572),#7576);
#7572 = LINE('',#7573,#7574);
#7573 = CARTESIAN_POINT('',(-0.,0.));
#7574 = VECTOR('',#7575,1.);
#7575 = DIRECTION('',(-1.,0.));
#7576 = ( GEOMETRIC_REPRESENTATION_CONTEXT(2) 
PARAMETRIC_REPRESENTATION_CONTEXT() REPRESENTATION_CONTEXT('2D SPACE',''
  ) );
#7577 = ORIENTED_EDGE('',*,*,#7578,.F.);
#7578 = EDGE_CURVE('',#7579,#7550,#7581,.T.);
#7579 = VERTEX_POINT('',#7580);
#7580 = CARTESIAN_POINT('',(3.,-7.5E-02,0.74624057783));
#7581 = SURFACE_CURVE('',#7582,(#7586,#7593),.PCURVE_S1.);
#7582 = LINE('',#7583,#7584);
#7583 = CARTESIAN_POINT('',(4.5,-7.5E-02,0.74624057783));
#7584 = VECTOR('',#7585,1.);
#7585 = DIRECTION('',(-1.,0.,0.));
#7586 = PCURVE('',#7282,#7587);
#7587 = DEFINITIONAL_REPRESENTATION('',(#7588),#7592);
#7588 = LINE('',#7589,#7590);
#7589 = CARTESIAN_POINT('',(-0.100167421162,0.));
#7590 = VECTOR('',#7591,1.);
#7591 = DIRECTION('',(-0.,1.));
#7592 = ( GEOMETRIC_REPRESENTATION_CONTEXT(2) 
PARAMETRIC_REPRESENTATION_CONTEXT() REPRESENTATION_CONTEXT('2D SPACE',''
  ) );
#7593 = PCURVE('',#7537,#7594);
#7594 = DEFINITIONAL_REPRESENTATION('',(#7595),#7599);
#7595 = LINE('',#7596,#7597);
#7596 = CARTESIAN_POINT('',(-1.5,-25.95201434595));
#7597 = VECTOR('',#7598,1.);
#7598 = DIRECTION('',(1.,0.));
#7599 = ( GEOMETRIC_REPRESENTATION_CONTEXT(2) 
PARAMETRIC_REPRESENTATION_CONTEXT() REPRESENTATION_CONTEXT('2D SPACE',''
  ) );
#7600 = ORIENTED_EDGE('',*,*,#7601,.T.);
#7601 = EDGE_CURVE('',#7579,#7356,#7602,.T.);
#7602 = SURFACE_CURVE('',#7603,(#7608,#7615),.PCURVE_S1.);
#7603 = CIRCLE('',#7604,0.75);
#7604 = AXIS2_PLACEMENT_3D('',#7605,#7606,#7607);
#7605 = CARTESIAN_POINT('',(3.,0.,0.));
#7606 = DIRECTION('',(-1.,0.,0.));
#7607 = DIRECTION('',(0.,2.2E-16,1.));
#7608 = PCURVE('',#7282,#7609);
#7609 = DEFINITIONAL_REPRESENTATION('',(#7610),#7614);
#7610 = LINE('',#7611,#7612);
#7611 = CARTESIAN_POINT('',(-6.28318530718,1.5));
#7612 = VECTOR('',#7613,1.);
#7613 = DIRECTION('',(1.,-0.));
#7614 = ( GEOMETRIC_REPRESENTATION_CONTEXT(2) 
PARAMETRIC_REPRESENTATION_CONTEXT() REPRESENTATION_CONTEXT('2D SPACE',''
  ) );
#7615 = PCURVE('',#7397,#7616);
#7616 = DEFINITIONAL_REPRESENTATION('',(#7617),#7625);
#7617 = ( BOUNDED_CURVE() B_SPLINE_CURVE(2,(#7618,#7619,#7620,#7621,
#7622,#7623,#7624),.UNSPECIFIED.,.T.,.F.) B_SPLINE_CURVE_WITH_KNOTS((1,2
    ,2,2,2,1),(-2.094395102393,0.,2.094395102393,4.188790204786,
6.28318530718,8.377580409573),.UNSPECIFIED.) CURVE() 
GEOMETRIC_REPRESENTATION_ITEM() RATIONAL_B_SPLINE_CURVE((1.,0.5,1.,0.5,
1.,0.5,1.)) REPRESENTATION_ITEM('') );
#7618 = CARTESIAN_POINT('',(7.5E-02,-25.95577376812));
#7619 = CARTESIAN_POINT('',(-1.224038105677,-25.95577376812));
#7620 = CARTESIAN_POINT('',(-0.574519052838,-24.83077376812));
#7621 = CARTESIAN_POINT('',(7.5E-02,-23.70577376812));
#7622 = CARTESIAN_POINT('',(0.724519052838,-24.83077376812));
#7623 = CARTESIAN_POINT('',(1.374038105677,-25.95577376812));
#7624 = CARTESIAN_POINT('',(7.5E-02,-25.95577376812));
#7625 = ( GEOMETRIC_REPRESENTATION_CONTEXT(2) 
PARAMETRIC_REPRESENTATION_CONTEXT() REPRESENTATION_CONTEXT('2D SPACE',''
  ) );
#7626 = ADVANCED_FACE('',(#7627),#7337,.F.);
#7627 = FACE_BOUND('',#7628,.T.);
#7628 = EDGE_LOOP('',(#7629,#7630,#7653));
#7629 = ORIENTED_EDGE('',*,*,#7322,.T.);
#7630 = ORIENTED_EDGE('',*,*,#7631,.T.);
#7631 = EDGE_CURVE('',#7300,#7632,#7634,.T.);
#7632 = VERTEX_POINT('',#7633);
#7633 = CARTESIAN_POINT('',(10.3,0.,0.));
#7634 = SEAM_CURVE('',#7635,(#7639,#7646),.PCURVE_S1.);
#7635 = LINE('',#7636,#7637);
#7636 = CARTESIAN_POINT('',(10.539269244248,-1.E-16,0.45));
#7637 = VECTOR('',#7638,1.);
#7638 = DIRECTION('',(-0.469471562786,2.E-16,-0.882947592859));
#7639 = PCURVE('',#7337,#7640);
#7640 = DEFINITIONAL_REPRESENTATION('',(#7641),#7645);
#7641 = LINE('',#7642,#7643);
#7642 = CARTESIAN_POINT('',(0.,-0.));
#7643 = VECTOR('',#7644,1.);
#7644 = DIRECTION('',(0.,-1.));
#7645 = ( GEOMETRIC_REPRESENTATION_CONTEXT(2) 
PARAMETRIC_REPRESENTATION_CONTEXT() REPRESENTATION_CONTEXT('2D SPACE',''
  ) );
#7646 = PCURVE('',#7337,#7647);
#7647 = DEFINITIONAL_REPRESENTATION('',(#7648),#7652);
#7648 = LINE('',#7649,#7650);
#7649 = CARTESIAN_POINT('',(6.28318530718,-0.));
#7650 = VECTOR('',#7651,1.);
#7651 = DIRECTION('',(0.,-1.));
#7652 = ( GEOMETRIC_REPRESENTATION_CONTEXT(2) 
PARAMETRIC_REPRESENTATION_CONTEXT() REPRESENTATION_CONTEXT('2D SPACE',''
  ) );
#7653 = ORIENTED_EDGE('',*,*,#7631,.F.);
#7654 = ADVANCED_FACE('',(#7655),#7397,.F.);
#7655 = FACE_BOUND('',#7656,.F.);
#7656 = EDGE_LOOP('',(#7657,#7658,#7679,#7680,#7681));
#7657 = ORIENTED_EDGE('',*,*,#7493,.F.);
#7658 = ORIENTED_EDGE('',*,*,#7659,.T.);
#7659 = EDGE_CURVE('',#7471,#7381,#7660,.T.);
#7660 = SURFACE_CURVE('',#7661,(#7665,#7672),.PCURVE_S1.);
#7661 = LINE('',#7662,#7663);
#7662 = CARTESIAN_POINT('',(3.,7.499999999999E-02,-25.20577376812));
#7663 = VECTOR('',#7664,1.);
#7664 = DIRECTION('',(0.,2.2E-16,1.));
#7665 = PCURVE('',#7397,#7666);
#7666 = DEFINITIONAL_REPRESENTATION('',(#7667),#7671);
#7667 = LINE('',#7668,#7669);
#7668 = CARTESIAN_POINT('',(0.,0.));
#7669 = VECTOR('',#7670,1.);
#7670 = DIRECTION('',(0.,-1.));
#7671 = ( GEOMETRIC_REPRESENTATION_CONTEXT(2) 
PARAMETRIC_REPRESENTATION_CONTEXT() REPRESENTATION_CONTEXT('2D SPACE',''
  ) );
#7672 = PCURVE('',#7429,#7673);
#7673 = DEFINITIONAL_REPRESENTATION('',(#7674),#7678);
#7674 = LINE('',#7675,#7676);
#7675 = CARTESIAN_POINT('',(10.,0.));
#7676 = VECTOR('',#7677,1.);
#7677 = DIRECTION('',(0.,-1.));
#7678 = ( GEOMETRIC_REPRESENTATION_CONTEXT(2) 
PARAMETRIC_REPRESENTATION_CONTEXT() REPRESENTATION_CONTEXT('2D SPACE',''
  ) );
#7679 = ORIENTED_EDGE('',*,*,#7380,.F.);
#7680 = ORIENTED_EDGE('',*,*,#7601,.F.);
#7681 = ORIENTED_EDGE('',*,*,#7682,.F.);
#7682 = EDGE_CURVE('',#7494,#7579,#7683,.T.);
#7683 = SURFACE_CURVE('',#7684,(#7688,#7695),.PCURVE_S1.);
#7684 = LINE('',#7685,#7686);
#7685 = CARTESIAN_POINT('',(3.,-7.500000000001E-02,-25.20577376812));
#7686 = VECTOR('',#7687,1.);
#7687 = DIRECTION('',(0.,2.2E-16,1.));
#7688 = PCURVE('',#7397,#7689);
#7689 = DEFINITIONAL_REPRESENTATION('',(#7690),#7694);
#7690 = LINE('',#7691,#7692);
#7691 = CARTESIAN_POINT('',(0.15,3.3E-17));
#7692 = VECTOR('',#7693,1.);
#7693 = DIRECTION('',(0.,-1.));
#7694 = ( GEOMETRIC_REPRESENTATION_CONTEXT(2) 
PARAMETRIC_REPRESENTATION_CONTEXT() REPRESENTATION_CONTEXT('2D SPACE',''
  ) );
#7695 = PCURVE('',#7537,#7696);
#7696 = DEFINITIONAL_REPRESENTATION('',(#7697),#7701);
#7697 = LINE('',#7698,#7699);
#7698 = CARTESIAN_POINT('',(0.,-0.));
#7699 = VECTOR('',#7700,1.);
#7700 = DIRECTION('',(0.,-1.));
#7701 = ( GEOMETRIC_REPRESENTATION_CONTEXT(2) 
PARAMETRIC_REPRESENTATION_CONTEXT() REPRESENTATION_CONTEXT('2D SPACE',''
  ) );
#7702 = ADVANCED_FACE('',(#7703),#7537,.F.);
#7703 = FACE_BOUND('',#7704,.F.);
#7704 = EDGE_LOOP('',(#7705,#7706,#7707,#7708));
#7705 = ORIENTED_EDGE('',*,*,#7521,.F.);
#7706 = ORIENTED_EDGE('',*,*,#7682,.T.);
#7707 = ORIENTED_EDGE('',*,*,#7578,.T.);
#7708 = ORIENTED_EDGE('',*,*,#7709,.T.);
#7709 = EDGE_CURVE('',#7550,#7522,#7710,.T.);
#7710 = SURFACE_CURVE('',#7711,(#7716,#7723),.PCURVE_S1.);
#7711 = CIRCLE('',#7712,0.74624057783);
#7712 = AXIS2_PLACEMENT_3D('',#7713,#7714,#7715);
#7713 = CARTESIAN_POINT('',(-6.25,-7.5E-02,2.E-17));
#7714 = DIRECTION('',(0.,-1.,2.2E-16));
#7715 = DIRECTION('',(0.,-2.2E-16,-1.));
#7716 = PCURVE('',#7537,#7717);
#7717 = DEFINITIONAL_REPRESENTATION('',(#7718),#7722);
#7718 = CIRCLE('',#7719,0.74624057783);
#7719 = AXIS2_PLACEMENT_2D('',#7720,#7721);
#7720 = CARTESIAN_POINT('',(9.25,-25.20577376812));
#7721 = DIRECTION('',(-0.,1.));
#7722 = ( GEOMETRIC_REPRESENTATION_CONTEXT(2) 
PARAMETRIC_REPRESENTATION_CONTEXT() REPRESENTATION_CONTEXT('2D SPACE',''
  ) );
#7723 = PCURVE('',#7566,#7724);
#7724 = DEFINITIONAL_REPRESENTATION('',(#7725),#7805);
#7725 = B_SPLINE_CURVE_WITH_KNOTS('',8,(#7726,#7727,#7728,#7729,#7730,
    #7731,#7732,#7733,#7734,#7735,#7736,#7737,#7738,#7739,#7740,#7741,
    #7742,#7743,#7744,#7745,#7746,#7747,#7748,#7749,#7750,#7751,#7752,
    #7753,#7754,#7755,#7756,#7757,#7758,#7759,#7760,#7761,#7762,#7763,
    #7764,#7765,#7766,#7767,#7768,#7769,#7770,#7771,#7772,#7773,#7774,
    #7775,#7776,#7777,#7778,#7779,#7780,#7781,#7782,#7783,#7784,#7785,
    #7786,#7787,#7788,#7789,#7790,#7791,#7792,#7793,#7794,#7795,#7796,
    #7797,#7798,#7799,#7800,#7801,#7802,#7803,#7804),.UNSPECIFIED.,.F.,
  .F.,(9,7,7,7,7,7,7,7,7,7,7,9),(3.14159265359,3.926990816987,
    4.221515128261,4.479223900626,4.591971488536,4.697672352201,
    4.747219632044,4.84321748674,5.023213464295,5.338206425016,
    5.810695866098,6.28318530718),.UNSPECIFIED.);
#7726 = CARTESIAN_POINT('',(-0.100167421162,0.));
#7727 = CARTESIAN_POINT('',(-0.100167421162,9.768266321338E-02));
#7728 = CARTESIAN_POINT('',(-0.101264314317,0.195365279074));
#7729 = CARTESIAN_POINT('',(-0.103450413802,0.293033907618));
#7730 = CARTESIAN_POINT('',(-0.106867452724,0.390672590254));
#7731 = CARTESIAN_POINT('',(-0.111663285179,0.488267466068));
#7732 = CARTESIAN_POINT('',(-0.118374548364,0.585786436152));
#7733 = CARTESIAN_POINT('',(-0.127510479288,0.683200197324));
#7734 = CARTESIAN_POINT('',(-0.14631723199,0.816847286086));
#7735 = CARTESIAN_POINT('',(-0.152084967969,0.853266137919));
#7736 = CARTESIAN_POINT('',(-0.158605332573,0.889648670018));
#7737 = CARTESIAN_POINT('',(-0.166019646518,0.92598756127));
#7738 = CARTESIAN_POINT('',(-0.174528261418,0.962272432921));
#7739 = CARTESIAN_POINT('',(-0.184397119169,0.998489572223));
#7740 = CARTESIAN_POINT('',(-0.196012725097,1.034619068739));
#7741 = CARTESIAN_POINT('',(-0.222349690214,1.102130846581));
#7742 = CARTESIAN_POINT('',(-0.236502493906,1.13354190059));
#7743 = CARTESIAN_POINT('',(-0.252969507186,1.164835380227));
#7744 = CARTESIAN_POINT('',(-0.272423378026,1.195974667892));
#7745 = CARTESIAN_POINT('',(-0.295709865215,1.226918901194));
#7746 = CARTESIAN_POINT('',(-0.324425306913,1.257577269397));
#7747 = CARTESIAN_POINT('',(-0.360671843902,1.287845796003));
#7748 = CARTESIAN_POINT('',(-0.431992935721,1.330309660862));
#7749 = CARTESIAN_POINT('',(-0.456259381129,1.343093986262));
#7750 = CARTESIAN_POINT('',(-0.483568605952,1.355710421512));
#7751 = CARTESIAN_POINT('',(-0.514567195999,1.368121608958));
#7752 = CARTESIAN_POINT('',(-0.550054612712,1.380277232602));
#7753 = CARTESIAN_POINT('',(-0.591137706824,1.392107549282));
#7754 = CARTESIAN_POINT('',(-0.639369549995,1.403509260736));
#7755 = CARTESIAN_POINT('',(-0.750430696068,1.42445217143));
#7756 = CARTESIAN_POINT('',(-0.812161243271,1.434064825951));
#7757 = CARTESIAN_POINT('',(-0.883440600958,1.443024215723));
#7758 = CARTESIAN_POINT('',(-0.966274537895,1.451138724615));
#7759 = CARTESIAN_POINT('',(-1.062143163079,1.458189471587));
#7760 = CARTESIAN_POINT('',(-1.173597298625,1.46380635678));
#7761 = CARTESIAN_POINT('',(-1.296715723275,1.46764294908));
#7762 = CARTESIAN_POINT('',(-1.485729832492,1.47045446328));
#7763 = CARTESIAN_POINT('',(-1.547277408211,1.470929266759));
#7764 = CARTESIAN_POINT('',(-1.609421423702,1.470966683275));
#7765 = CARTESIAN_POINT('',(-1.671416973561,1.470560514943));
#7766 = CARTESIAN_POINT('',(-1.732488865192,1.469716809213));
#7767 = CARTESIAN_POINT('',(-1.791962922552,1.468452701719));
#7768 = CARTESIAN_POINT('',(-1.84935625206,1.466792765729));
#7769 = CARTESIAN_POINT('',(-2.010874722517,1.460836428516));
#7770 = CARTESIAN_POINT('',(-2.108371256354,1.45552738233));
#7771 = CARTESIAN_POINT('',(-2.194443013202,1.44904175278));
#7772 = CARTESIAN_POINT('',(-2.269132566576,1.441640040192));
#7773 = CARTESIAN_POINT('',(-2.334274429771,1.433524613881));
#7774 = CARTESIAN_POINT('',(-2.391129465767,1.42484174144));
#7775 = CARTESIAN_POINT('',(-2.441068932753,1.415704929121));
#7776 = CARTESIAN_POINT('',(-2.567828256195,1.388375541322));
#7777 = CARTESIAN_POINT('',(-2.629937106777,1.36925467075));
#7778 = CARTESIAN_POINT('',(-2.678685460029,1.349398809028));
#7779 = CARTESIAN_POINT('',(-2.718479499477,1.32903515127));
#7780 = CARTESIAN_POINT('',(-2.751443958337,1.308309898075));
#7781 = CARTESIAN_POINT('',(-2.779381445942,1.287312146709));
#7782 = CARTESIAN_POINT('',(-2.803324838882,1.266103922493));
#7783 = CARTESIAN_POINT('',(-2.860450194454,1.207322721294));
#7784 = CARTESIAN_POINT('',(-2.88708669787,1.169405920265));
#7785 = CARTESIAN_POINT('',(-2.908293539114,1.131212130427));
#7786 = CARTESIAN_POINT('',(-2.92550578157,1.092813055232));
#7787 = CARTESIAN_POINT('',(-2.939918929391,1.054273148128));
#7788 = CARTESIAN_POINT('',(-2.952113581385,1.015621090283));
#7789 = CARTESIAN_POINT('',(-2.962588548645,0.97688321748));
#7790 = CARTESIAN_POINT('',(-2.985289179229,0.879865617213));
#7791 = CARTESIAN_POINT('',(-2.995775071584,0.821499658139));
#7792 = CARTESIAN_POINT('',(-3.004243369361,0.763035996575));
#7793 = CARTESIAN_POINT('',(-3.011197864867,0.704500752576));
#7794 = CARTESIAN_POINT('',(-3.01696653995,0.645911231584));
#7795 = CARTESIAN_POINT('',(-3.021797176229,0.587280819289));
#7796 = CARTESIAN_POINT('',(-3.025834027239,0.528617711912));
#7797 = CARTESIAN_POINT('',(-3.032562558386,0.411240656463));
#7798 = CARTESIAN_POINT('',(-3.035253494441,0.352526669944));
#7799 = CARTESIAN_POINT('',(-3.037385458686,0.293794132295));
#7800 = CARTESIAN_POINT('',(-3.039030810181,0.235048038369));
#7801 = CARTESIAN_POINT('',(-3.040235474277,0.176292287223));
#7802 = CARTESIAN_POINT('',(-3.041028446078,0.117530256225));
#7803 = CARTESIAN_POINT('',(-3.041425232428,5.876513225523E-02));
#7804 = CARTESIAN_POINT('',(-3.041425232428,0.));
#7805 = ( GEOMETRIC_REPRESENTATION_CONTEXT(2) 
PARAMETRIC_REPRESENTATION_CONTEXT() REPRESENTATION_CONTEXT('2D SPACE',''
  ) );
#7806 = ADVANCED_FACE('',(#7807),#7566,.T.);
#7807 = FACE_BOUND('',#7808,.F.);
#7808 = EDGE_LOOP('',(#7809,#7810));
#7809 = ORIENTED_EDGE('',*,*,#7709,.F.);
#7810 = ORIENTED_EDGE('',*,*,#7549,.T.);
#7811 = ADVANCED_FACE('',(#7812),#7429,.F.);
#7812 = FACE_BOUND('',#7813,.F.);
#7813 = EDGE_LOOP('',(#7814,#7815,#7816,#7914));
#7814 = ORIENTED_EDGE('',*,*,#7659,.F.);
#7815 = ORIENTED_EDGE('',*,*,#7470,.T.);
#7816 = ORIENTED_EDGE('',*,*,#7817,.T.);
#7817 = EDGE_CURVE('',#7442,#7414,#7818,.T.);
#7818 = SURFACE_CURVE('',#7819,(#7824,#7831),.PCURVE_S1.);
#7819 = CIRCLE('',#7820,0.74624057783);
#7820 = AXIS2_PLACEMENT_3D('',#7821,#7822,#7823);
#7821 = CARTESIAN_POINT('',(-6.25,7.5E-02,-2.E-17));
#7822 = DIRECTION('',(0.,1.,-2.2E-16));
#7823 = DIRECTION('',(0.,2.2E-16,1.));
#7824 = PCURVE('',#7429,#7825);
#7825 = DEFINITIONAL_REPRESENTATION('',(#7826),#7830);
#7826 = CIRCLE('',#7827,0.74624057783);
#7827 = AXIS2_PLACEMENT_2D('',#7828,#7829);
#7828 = CARTESIAN_POINT('',(0.75,-25.20577376812));
#7829 = DIRECTION('',(0.,-1.));
#7830 = ( GEOMETRIC_REPRESENTATION_CONTEXT(2) 
PARAMETRIC_REPRESENTATION_CONTEXT() REPRESENTATION_CONTEXT('2D SPACE',''
  ) );
#7831 = PCURVE('',#7458,#7832);
#7832 = DEFINITIONAL_REPRESENTATION('',(#7833),#7913);
#7833 = B_SPLINE_CURVE_WITH_KNOTS('',8,(#7834,#7835,#7836,#7837,#7838,
    #7839,#7840,#7841,#7842,#7843,#7844,#7845,#7846,#7847,#7848,#7849,
    #7850,#7851,#7852,#7853,#7854,#7855,#7856,#7857,#7858,#7859,#7860,
    #7861,#7862,#7863,#7864,#7865,#7866,#7867,#7868,#7869,#7870,#7871,
    #7872,#7873,#7874,#7875,#7876,#7877,#7878,#7879,#7880,#7881,#7882,
    #7883,#7884,#7885,#7886,#7887,#7888,#7889,#7890,#7891,#7892,#7893,
    #7894,#7895,#7896,#7897,#7898,#7899,#7900,#7901,#7902,#7903,#7904,
    #7905,#7906,#7907,#7908,#7909,#7910,#7911,#7912),.UNSPECIFIED.,.F.,
  .F.,(9,7,7,7,7,7,7,7,7,7,7,9),(3.14159265359,3.926990816987,
    4.221515128261,4.479223900626,4.591971488536,4.697672352201,
    4.747219632044,4.84321748674,5.023213464295,5.338206425016,
    5.810695866098,6.28318530718),.UNSPECIFIED.);
#7834 = CARTESIAN_POINT('',(-3.241760074751,0.));
#7835 = CARTESIAN_POINT('',(-3.241760074751,9.768266321338E-02));
#7836 = CARTESIAN_POINT('',(-3.242856967905,0.195365279074));
#7837 = CARTESIAN_POINT('',(-3.245043067383,0.293033907618));
#7838 = CARTESIAN_POINT('',(-3.24846010631,0.390672590254));
#7839 = CARTESIAN_POINT('',(-3.253255938767,0.488267466068));
#7840 = CARTESIAN_POINT('',(-3.259967201951,0.585786436152));
#7841 = CARTESIAN_POINT('',(-3.269103132878,0.683200197324));
#7842 = CARTESIAN_POINT('',(-3.28790988558,0.816847286086));
#7843 = CARTESIAN_POINT('',(-3.293677621559,0.853266137919));
#7844 = CARTESIAN_POINT('',(-3.300197986162,0.889648670018));
#7845 = CARTESIAN_POINT('',(-3.307612300107,0.92598756127));
#7846 = CARTESIAN_POINT('',(-3.316120915008,0.962272432921));
#7847 = CARTESIAN_POINT('',(-3.325989772758,0.998489572223));
#7848 = CARTESIAN_POINT('',(-3.337605378687,1.034619068739));
#7849 = CARTESIAN_POINT('',(-3.363942343804,1.102130846581));
#7850 = CARTESIAN_POINT('',(-3.378095147496,1.13354190059));
#7851 = CARTESIAN_POINT('',(-3.394562160778,1.164835380227));
#7852 = CARTESIAN_POINT('',(-3.4140160316,1.195974667892));
#7853 = CARTESIAN_POINT('',(-3.437302518805,1.226918901194));
#7854 = CARTESIAN_POINT('',(-3.4660179605,1.257577269397));
#7855 = CARTESIAN_POINT('',(-3.502264497491,1.287845796003));
#7856 = CARTESIAN_POINT('',(-3.57358558931,1.330309660862));
#7857 = CARTESIAN_POINT('',(-3.597852034718,1.343093986262));
#7858 = CARTESIAN_POINT('',(-3.625161259541,1.355710421512));
#7859 = CARTESIAN_POINT('',(-3.656159849588,1.368121608958));
#7860 = CARTESIAN_POINT('',(-3.691647266301,1.380277232602));
#7861 = CARTESIAN_POINT('',(-3.732730360414,1.392107549282));
#7862 = CARTESIAN_POINT('',(-3.780962203585,1.403509260736));
#7863 = CARTESIAN_POINT('',(-3.892023349658,1.42445217143));
#7864 = CARTESIAN_POINT('',(-3.953753896861,1.434064825951));
#7865 = CARTESIAN_POINT('',(-4.025033254538,1.443024215723));
#7866 = CARTESIAN_POINT('',(-4.107867191477,1.451138724615));
#7867 = CARTESIAN_POINT('',(-4.203735816674,1.458189471587));
#7868 = CARTESIAN_POINT('',(-4.315189952216,1.46380635678));
#7869 = CARTESIAN_POINT('',(-4.438308376865,1.46764294908));
#7870 = CARTESIAN_POINT('',(-4.627322486082,1.47045446328));
#7871 = CARTESIAN_POINT('',(-4.6888700618,1.470929266759));
#7872 = CARTESIAN_POINT('',(-4.751014077292,1.470966683275));
#7873 = CARTESIAN_POINT('',(-4.81300962715,1.470560514943));
#7874 = CARTESIAN_POINT('',(-4.874081518781,1.469716809213));
#7875 = CARTESIAN_POINT('',(-4.933555576142,1.468452701719));
#7876 = CARTESIAN_POINT('',(-4.990948905649,1.466792765729));
#7877 = CARTESIAN_POINT('',(-5.152467376107,1.460836428516));
#7878 = CARTESIAN_POINT('',(-5.249963909938,1.45552738233));
#7879 = CARTESIAN_POINT('',(-5.336035666784,1.44904175278));
#7880 = CARTESIAN_POINT('',(-5.410725220176,1.441640040192));
#7881 = CARTESIAN_POINT('',(-5.475867083351,1.433524613881));
#7882 = CARTESIAN_POINT('',(-5.532722119357,1.42484174144));
#7883 = CARTESIAN_POINT('',(-5.582661586343,1.415704929121));
#7884 = CARTESIAN_POINT('',(-5.709420909785,1.388375541322));
#7885 = CARTESIAN_POINT('',(-5.771529760365,1.36925467075));
#7886 = CARTESIAN_POINT('',(-5.820278113624,1.349398809028));
#7887 = CARTESIAN_POINT('',(-5.860072153027,1.32903515127));
#7888 = CARTESIAN_POINT('',(-5.893036611928,1.308309898075));
#7889 = CARTESIAN_POINT('',(-5.92097409953,1.287312146709));
#7890 = CARTESIAN_POINT('',(-5.944917492471,1.266103922493));
#7891 = CARTESIAN_POINT('',(-6.002042848044,1.207322721294));
#7892 = CARTESIAN_POINT('',(-6.028679351459,1.169405920265));
#7893 = CARTESIAN_POINT('',(-6.049886192704,1.131212130427));
#7894 = CARTESIAN_POINT('',(-6.067098435145,1.092813055232));
#7895 = CARTESIAN_POINT('',(-6.081511582972,1.054273148128));
#7896 = CARTESIAN_POINT('',(-6.093706234972,1.015621090283));
#7897 = CARTESIAN_POINT('',(-6.104181202235,0.97688321748));
#7898 = CARTESIAN_POINT('',(-6.126881832819,0.879865617213));
#7899 = CARTESIAN_POINT('',(-6.137367725173,0.821499658139));
#7900 = CARTESIAN_POINT('',(-6.14583602295,0.763035996575));
#7901 = CARTESIAN_POINT('',(-6.152790518457,0.704500752576));
#7902 = CARTESIAN_POINT('',(-6.158559193541,0.645911231584));
#7903 = CARTESIAN_POINT('',(-6.16338982982,0.587280819289));
#7904 = CARTESIAN_POINT('',(-6.167426680829,0.528617711912));
#7905 = CARTESIAN_POINT('',(-6.174155211975,0.411240656463));
#7906 = CARTESIAN_POINT('',(-6.176846148031,0.352526669944));
#7907 = CARTESIAN_POINT('',(-6.178978112275,0.293794132295));
#7908 = CARTESIAN_POINT('',(-6.180623463771,0.235048038369));
#7909 = CARTESIAN_POINT('',(-6.181828127867,0.176292287223));
#7910 = CARTESIAN_POINT('',(-6.182621099668,0.117530256225));
#7911 = CARTESIAN_POINT('',(-6.183017886018,5.876513225523E-02));
#7912 = CARTESIAN_POINT('',(-6.183017886018,0.));
#7913 = ( GEOMETRIC_REPRESENTATION_CONTEXT(2) 
PARAMETRIC_REPRESENTATION_CONTEXT() REPRESENTATION_CONTEXT('2D SPACE',''
  ) );
#7914 = ORIENTED_EDGE('',*,*,#7413,.F.);
#7915 = ADVANCED_FACE('',(#7916),#7458,.T.);
#7916 = FACE_BOUND('',#7917,.F.);
#7917 = EDGE_LOOP('',(#7918,#7919));
#7918 = ORIENTED_EDGE('',*,*,#7441,.T.);
#7919 = ORIENTED_EDGE('',*,*,#7817,.F.);
#7920 = ( GEOMETRIC_REPRESENTATION_CONTEXT(3) 
GLOBAL_UNCERTAINTY_ASSIGNED_CONTEXT((#7924)) 
GLOBAL_UNIT_ASSIGNED_CONTEXT((#7921,#7922,#7923)) REPRESENTATION_CONTEXT
('Context #1','3D Context with UNIT and UNCERTAINTY') );
#7921 = ( LENGTH_UNIT() NAMED_UNIT(*) SI_UNIT(.MILLI.,.METRE.) );
#7922 = ( NAMED_UNIT(*) PLANE_ANGLE_UNIT() SI_UNIT($,.RADIAN.) );
#7923 = ( NAMED_UNIT(*) SI_UNIT($,.STERADIAN.) SOLID_ANGLE_UNIT() );
#7924 = UNCERTAINTY_MEASURE_WITH_UNIT(LENGTH_MEASURE(5.E-06),#7921,
  'distance_accuracy_value','confusion accuracy');
#7925 = CONTEXT_DEPENDENT_SHAPE_REPRESENTATION(#7926,#7928);
#7926 = ( REPRESENTATION_RELATIONSHIP('','',#6392,#6353) 
REPRESENTATION_RELATIONSHIP_WITH_TRANSFORMATION(#7927) 
SHAPE_REPRESENTATION_RELATIONSHIP() );
#7927 = ITEM_DEFINED_TRANSFORMATION('','',#11,#6354);
#7928 = PRODUCT_DEFINITION_SHAPE('Placement','Placement of an item',
  #7929);
#7929 = NEXT_ASSEMBLY_USAGE_OCCURRENCE('293','0','',#6348,#6387,$);
#7930 = PRODUCT_RELATED_PRODUCT_CATEGORY('part',$,(#6389));
#7931 = CONTEXT_DEPENDENT_SHAPE_REPRESENTATION(#7932,#7934);
#7932 = ( REPRESENTATION_RELATIONSHIP('','',#6392,#6353) 
REPRESENTATION_RELATIONSHIP_WITH_TRANSFORMATION(#7933) 
SHAPE_REPRESENTATION_RELATIONSHIP() );
#7933 = ITEM_DEFINED_TRANSFORMATION('','',#11,#6358);
#7934 = PRODUCT_DEFINITION_SHAPE('Placement','Placement of an item',
  #7935);
#7935 = NEXT_ASSEMBLY_USAGE_OCCURRENCE('294','1','',#6348,#6387,$);
#7936 = CONTEXT_DEPENDENT_SHAPE_REPRESENTATION(#7937,#7939);
#7937 = ( REPRESENTATION_RELATIONSHIP('','',#6392,#6353) 
REPRESENTATION_RELATIONSHIP_WITH_TRANSFORMATION(#7938) 
SHAPE_REPRESENTATION_RELATIONSHIP() );
#7938 = ITEM_DEFINED_TRANSFORMATION('','',#11,#6362);
#7939 = PRODUCT_DEFINITION_SHAPE('Placement','Placement of an item',
  #7940);
#7940 = NEXT_ASSEMBLY_USAGE_OCCURRENCE('295','2','',#6348,#6387,$);
#7941 = CONTEXT_DEPENDENT_SHAPE_REPRESENTATION(#7942,#7944);
#7942 = ( REPRESENTATION_RELATIONSHIP('','',#6392,#6353) 
REPRESENTATION_RELATIONSHIP_WITH_TRANSFORMATION(#7943) 
SHAPE_REPRESENTATION_RELATIONSHIP() );
#7943 = ITEM_DEFINED_TRANSFORMATION('','',#11,#6366);
#7944 = PRODUCT_DEFINITION_SHAPE('Placement','Placement of an item',
  #7945);
#7945 = NEXT_ASSEMBLY_USAGE_OCCURRENCE('296','3','',#6348,#6387,$);
#7946 = CONTEXT_DEPENDENT_SHAPE_REPRESENTATION(#7947,#7949);
#7947 = ( REPRESENTATION_RELATIONSHIP('','',#6392,#6353) 
REPRESENTATION_RELATIONSHIP_WITH_TRANSFORMATION(#7948) 
SHAPE_REPRESENTATION_RELATIONSHIP() );
#7948 = ITEM_DEFINED_TRANSFORMATION('','',#11,#6370);
#7949 = PRODUCT_DEFINITION_SHAPE('Placement','Placement of an item',
  #7950);
#7950 = NEXT_ASSEMBLY_USAGE_OCCURRENCE('297','4','',#6348,#6387,$);
#7951 = SHAPE_DEFINITION_REPRESENTATION(#7952,#7958);
#7952 = PRODUCT_DEFINITION_SHAPE('','',#7953);
#7953 = PRODUCT_DEFINITION('design','',#7954,#7957);
#7954 = PRODUCT_DEFINITION_FORMATION('','',#7955);
#7955 = PRODUCT('Array001','Array001','',(#7956));
#7956 = PRODUCT_CONTEXT('',#2,'mechanical');
#7957 = PRODUCT_DEFINITION_CONTEXT('part definition',#2,'design');
#7958 = SHAPE_REPRESENTATION('',(#11,#7959,#7963,#7967,#7971,#7975,#7979
    ,#7983,#7987,#7991,#7995),#7999);
#7959 = AXIS2_PLACEMENT_3D('',#7960,#7961,#7962);
#7960 = CARTESIAN_POINT('',(0.,-4.837207813779,-3.10868470037));
#7961 = DIRECTION('',(0.,-0.5,0.866025403784));
#7962 = DIRECTION('',(1.,0.,0.));
#7963 = AXIS2_PLACEMENT_3D('',#7964,#7965,#7966);
#7964 = CARTESIAN_POINT('',(0.,-2.38859021991,-5.230405028423));
#7965 = DIRECTION('',(0.,-0.888839487793,0.458218686808));
#7966 = DIRECTION('',(1.,0.,0.));
#7967 = AXIS2_PLACEMENT_3D('',#7968,#7969,#7970);
#7968 = CARTESIAN_POINT('',(0.,0.818410658276,-5.691458863457));
#7969 = DIRECTION('',(0.,-0.995470246619,-9.507359304967E-02));
#7970 = DIRECTION('',(1.,0.,0.));
#7971 = AXIS2_PLACEMENT_3D('',#7972,#7973,#7974);
#7972 = CARTESIAN_POINT('',(0.,3.765564134521,-4.345460476038));
#7973 = DIRECTION('',(0.,-0.786036747635,-0.618179772693));
#7974 = DIRECTION('',(1.,0.,0.));
#7975 = AXIS2_PLACEMENT_3D('',#7976,#7977,#7978);
#7976 = CARTESIAN_POINT('',(0.,5.517141713388,-1.61976767297));
#7977 = DIRECTION('',(0.,-0.327034643163,-0.945012350274));
#7978 = DIRECTION('',(1.,0.,0.));
#7979 = AXIS2_PLACEMENT_3D('',#7980,#7981,#7982);
#7980 = CARTESIAN_POINT('',(0.,5.517013194758,1.620205360091));
#7981 = DIRECTION('',(0.,0.235801766875,-0.971801176547));
#7982 = DIRECTION('',(1.,0.,0.));
#7983 = AXIS2_PLACEMENT_3D('',#7984,#7985,#7986);
#7984 = CARTESIAN_POINT('',(0.,3.765219383614,4.345759196419));
#7985 = DIRECTION('',(0.,0.72377053452,-0.690040733117));
#7986 = DIRECTION('',(1.,0.,0.));
#7987 = AXIS2_PLACEMENT_3D('',#7988,#7989,#7990);
#7988 = CARTESIAN_POINT('',(0.,0.817959134353,5.69152377264));
#7989 = DIRECTION('',(0.,0.981940372869,-0.189190655504));
#7990 = DIRECTION('',(1.,0.,0.));
#7991 = AXIS2_PLACEMENT_3D('',#7992,#7993,#7994);
#7992 = CARTESIAN_POINT('',(0.,-2.389005156888,5.230215517583));
#7993 = DIRECTION('',(-0.,0.928341721683,0.371727921714));
#7994 = DIRECTION('',(1.,0.,0.));
#7995 = AXIS2_PLACEMENT_3D('',#7996,#7997,#7998);
#7996 = CARTESIAN_POINT('',(0.,-4.8374544203,3.108300939665));
#7997 = DIRECTION('',(-0.,0.579992284871,0.814621967227));
#7998 = DIRECTION('',(1.,0.,0.));
#7999 = ( GEOMETRIC_REPRESENTATION_CONTEXT(3) 
GLOBAL_UNCERTAINTY_ASSIGNED_CONTEXT((#8003)) 
GLOBAL_UNIT_ASSIGNED_CONTEXT((#8000,#8001,#8002)) REPRESENTATION_CONTEXT
('Context #1','3D Context with UNIT and UNCERTAINTY') );
#8000 = ( LENGTH_UNIT() NAMED_UNIT(*) SI_UNIT(.MILLI.,.METRE.) );
#8001 = ( NAMED_UNIT(*) PLANE_ANGLE_UNIT() SI_UNIT($,.RADIAN.) );
#8002 = ( NAMED_UNIT(*) SI_UNIT($,.STERADIAN.) SOLID_ANGLE_UNIT() );
#8003 = UNCERTAINTY_MEASURE_WITH_UNIT(LENGTH_MEASURE(5.E-06),#8000,
  'distance_accuracy_value','confusion accuracy');
#8004 = CONTEXT_DEPENDENT_SHAPE_REPRESENTATION(#8005,#8007);
#8005 = ( REPRESENTATION_RELATIONSHIP('','',#7958,#10) 
REPRESENTATION_RELATIONSHIP_WITH_TRANSFORMATION(#8006) 
SHAPE_REPRESENTATION_RELATIONSHIP() );
#8006 = ITEM_DEFINED_TRANSFORMATION('','',#11,#35);
#8007 = PRODUCT_DEFINITION_SHAPE('Placement','Placement of an item',
  #8008);
#8008 = NEXT_ASSEMBLY_USAGE_OCCURRENCE('309','Array001','',#5,#7953,$);
#8009 = PRODUCT_RELATED_PRODUCT_CATEGORY('part',$,(#7955));
#8010 = SHAPE_DEFINITION_REPRESENTATION(#8011,#8017);
#8011 = PRODUCT_DEFINITION_SHAPE('','',#8012);
#8012 = PRODUCT_DEFINITION('design','',#8013,#8016);
#8013 = PRODUCT_DEFINITION_FORMATION('','',#8014);
#8014 = PRODUCT('Body006','Body006','',(#8015));
#8015 = PRODUCT_CONTEXT('',#2,'mechanical');
#8016 = PRODUCT_DEFINITION_CONTEXT('part definition',#2,'design');
#8017 = ADVANCED_BREP_SHAPE_REPRESENTATION('',(#11,#8018),#9545);
#8018 = MANIFOLD_SOLID_BREP('',#8019);
#8019 = CLOSED_SHELL('',(#8020,#8088,#8449,#8504,#8757,#8806,#8856,#8883
    ,#8918,#8976,#9251,#9279,#9327,#9431,#9436,#9540));
#8020 = ADVANCED_FACE('',(#8021,#8057),#8034,.T.);
#8021 = FACE_BOUND('',#8022,.F.);
#8022 = EDGE_LOOP('',(#8023));
#8023 = ORIENTED_EDGE('',*,*,#8024,.T.);
#8024 = EDGE_CURVE('',#8025,#8025,#8027,.T.);
#8025 = VERTEX_POINT('',#8026);
#8026 = CARTESIAN_POINT('',(11.,0.,0.75));
#8027 = SURFACE_CURVE('',#8028,(#8033,#8045),.PCURVE_S1.);
#8028 = CIRCLE('',#8029,0.75);
#8029 = AXIS2_PLACEMENT_3D('',#8030,#8031,#8032);
#8030 = CARTESIAN_POINT('',(11.,0.,0.));
#8031 = DIRECTION('',(1.,0.,-0.));
#8032 = DIRECTION('',(0.,2.2E-16,1.));
#8033 = PCURVE('',#8034,#8039);
#8034 = PLANE('',#8035);
#8035 = AXIS2_PLACEMENT_3D('',#8036,#8037,#8038);
#8036 = CARTESIAN_POINT('',(11.,0.,0.));
#8037 = DIRECTION('',(1.,0.,0.));
#8038 = DIRECTION('',(0.,2.2E-16,1.));
#8039 = DEFINITIONAL_REPRESENTATION('',(#8040),#8044);
#8040 = CIRCLE('',#8041,0.75);
#8041 = AXIS2_PLACEMENT_2D('',#8042,#8043);
#8042 = CARTESIAN_POINT('',(0.,0.));
#8043 = DIRECTION('',(1.,-0.));
#8044 = ( GEOMETRIC_REPRESENTATION_CONTEXT(2) 
PARAMETRIC_REPRESENTATION_CONTEXT() REPRESENTATION_CONTEXT('2D SPACE',''
  ) );
#8045 = PCURVE('',#8046,#8051);
#8046 = CYLINDRICAL_SURFACE('',#8047,0.75);
#8047 = AXIS2_PLACEMENT_3D('',#8048,#8049,#8050);
#8048 = CARTESIAN_POINT('',(11.,0.,0.));
#8049 = DIRECTION('',(1.,0.,0.));
#8050 = DIRECTION('',(0.,2.2E-16,1.));
#8051 = DEFINITIONAL_REPRESENTATION('',(#8052),#8056);
#8052 = LINE('',#8053,#8054);
#8053 = CARTESIAN_POINT('',(0.,0.));
#8054 = VECTOR('',#8055,1.);
#8055 = DIRECTION('',(1.,0.));
#8056 = ( GEOMETRIC_REPRESENTATION_CONTEXT(2) 
PARAMETRIC_REPRESENTATION_CONTEXT() REPRESENTATION_CONTEXT('2D SPACE',''
  ) );
#8057 = FACE_BOUND('',#8058,.F.);
#8058 = EDGE_LOOP('',(#8059));
#8059 = ORIENTED_EDGE('',*,*,#8060,.F.);
#8060 = EDGE_CURVE('',#8061,#8061,#8063,.T.);
#8061 = VERTEX_POINT('',#8062);
#8062 = CARTESIAN_POINT('',(11.,0.,1.));
#8063 = SURFACE_CURVE('',#8064,(#8069,#8076),.PCURVE_S1.);
#8064 = CIRCLE('',#8065,1.);
#8065 = AXIS2_PLACEMENT_3D('',#8066,#8067,#8068);
#8066 = CARTESIAN_POINT('',(11.,0.,0.));
#8067 = DIRECTION('',(1.,0.,-0.));
#8068 = DIRECTION('',(0.,2.2E-16,1.));
#8069 = PCURVE('',#8034,#8070);
#8070 = DEFINITIONAL_REPRESENTATION('',(#8071),#8075);
#8071 = CIRCLE('',#8072,1.);
#8072 = AXIS2_PLACEMENT_2D('',#8073,#8074);
#8073 = CARTESIAN_POINT('',(0.,0.));
#8074 = DIRECTION('',(1.,-0.));
#8075 = ( GEOMETRIC_REPRESENTATION_CONTEXT(2) 
PARAMETRIC_REPRESENTATION_CONTEXT() REPRESENTATION_CONTEXT('2D SPACE',''
  ) );
#8076 = PCURVE('',#8077,#8082);
#8077 = CYLINDRICAL_SURFACE('',#8078,1.);
#8078 = AXIS2_PLACEMENT_3D('',#8079,#8080,#8081);
#8079 = CARTESIAN_POINT('',(11.,0.,0.));
#8080 = DIRECTION('',(-1.,0.,0.));
#8081 = DIRECTION('',(0.,2.2E-16,1.));
#8082 = DEFINITIONAL_REPRESENTATION('',(#8083),#8087);
#8083 = LINE('',#8084,#8085);
#8084 = CARTESIAN_POINT('',(-0.,0.));
#8085 = VECTOR('',#8086,1.);
#8086 = DIRECTION('',(-1.,0.));
#8087 = ( GEOMETRIC_REPRESENTATION_CONTEXT(2) 
PARAMETRIC_REPRESENTATION_CONTEXT() REPRESENTATION_CONTEXT('2D SPACE',''
  ) );
#8088 = ADVANCED_FACE('',(#8089),#8046,.T.);
#8089 = FACE_BOUND('',#8090,.T.);
#8090 = EDGE_LOOP('',(#8091,#8114,#8115,#8116,#8144,#8173,#8201));
#8091 = ORIENTED_EDGE('',*,*,#8092,.F.);
#8092 = EDGE_CURVE('',#8025,#8093,#8095,.T.);
#8093 = VERTEX_POINT('',#8094);
#8094 = CARTESIAN_POINT('',(13.,0.,0.75));
#8095 = SEAM_CURVE('',#8096,(#8100,#8107),.PCURVE_S1.);
#8096 = LINE('',#8097,#8098);
#8097 = CARTESIAN_POINT('',(11.,-1.7E-16,0.75));
#8098 = VECTOR('',#8099,1.);
#8099 = DIRECTION('',(1.,0.,0.));
#8100 = PCURVE('',#8046,#8101);
#8101 = DEFINITIONAL_REPRESENTATION('',(#8102),#8106);
#8102 = LINE('',#8103,#8104);
#8103 = CARTESIAN_POINT('',(0.,0.));
#8104 = VECTOR('',#8105,1.);
#8105 = DIRECTION('',(0.,1.));
#8106 = ( GEOMETRIC_REPRESENTATION_CONTEXT(2) 
PARAMETRIC_REPRESENTATION_CONTEXT() REPRESENTATION_CONTEXT('2D SPACE',''
  ) );
#8107 = PCURVE('',#8046,#8108);
#8108 = DEFINITIONAL_REPRESENTATION('',(#8109),#8113);
#8109 = LINE('',#8110,#8111);
#8110 = CARTESIAN_POINT('',(6.28318530718,0.));
#8111 = VECTOR('',#8112,1.);
#8112 = DIRECTION('',(0.,1.));
#8113 = ( GEOMETRIC_REPRESENTATION_CONTEXT(2) 
PARAMETRIC_REPRESENTATION_CONTEXT() REPRESENTATION_CONTEXT('2D SPACE',''
  ) );
#8114 = ORIENTED_EDGE('',*,*,#8024,.T.);
#8115 = ORIENTED_EDGE('',*,*,#8092,.T.);
#8116 = ORIENTED_EDGE('',*,*,#8117,.T.);
#8117 = EDGE_CURVE('',#8093,#8118,#8120,.T.);
#8118 = VERTEX_POINT('',#8119);
#8119 = CARTESIAN_POINT('',(15.,0.,0.75));
#8120 = SURFACE_CURVE('',#8121,(#8125,#8132),.PCURVE_S1.);
#8121 = LINE('',#8122,#8123);
#8122 = CARTESIAN_POINT('',(11.,-1.7E-16,0.75));
#8123 = VECTOR('',#8124,1.);
#8124 = DIRECTION('',(1.,0.,0.));
#8125 = PCURVE('',#8046,#8126);
#8126 = DEFINITIONAL_REPRESENTATION('',(#8127),#8131);
#8127 = LINE('',#8128,#8129);
#8128 = CARTESIAN_POINT('',(6.28318530718,0.));
#8129 = VECTOR('',#8130,1.);
#8130 = DIRECTION('',(0.,1.));
#8131 = ( GEOMETRIC_REPRESENTATION_CONTEXT(2) 
PARAMETRIC_REPRESENTATION_CONTEXT() REPRESENTATION_CONTEXT('2D SPACE',''
  ) );
#8132 = PCURVE('',#8133,#8138);
#8133 = PLANE('',#8134);
#8134 = AXIS2_PLACEMENT_3D('',#8135,#8136,#8137);
#8135 = CARTESIAN_POINT('',(13.,-5.6E-15,-25.20577376812));
#8136 = DIRECTION('',(-5.E-17,1.,-2.2E-16));
#8137 = DIRECTION('',(1.,5.E-17,0.));
#8138 = DEFINITIONAL_REPRESENTATION('',(#8139),#8143);
#8139 = LINE('',#8140,#8141);
#8140 = CARTESIAN_POINT('',(-2.,-25.95577376812));
#8141 = VECTOR('',#8142,1.);
#8142 = DIRECTION('',(1.,1.1E-32));
#8143 = ( GEOMETRIC_REPRESENTATION_CONTEXT(2) 
PARAMETRIC_REPRESENTATION_CONTEXT() REPRESENTATION_CONTEXT('2D SPACE',''
  ) );
#8144 = ORIENTED_EDGE('',*,*,#8145,.F.);
#8145 = EDGE_CURVE('',#8146,#8118,#8148,.T.);
#8146 = VERTEX_POINT('',#8147);
#8147 = CARTESIAN_POINT('',(15.,0.,-0.75));
#8148 = SURFACE_CURVE('',#8149,(#8154,#8161),.PCURVE_S1.);
#8149 = CIRCLE('',#8150,0.75);
#8150 = AXIS2_PLACEMENT_3D('',#8151,#8152,#8153);
#8151 = CARTESIAN_POINT('',(15.,0.,0.));
#8152 = DIRECTION('',(1.,0.,-0.));
#8153 = DIRECTION('',(0.,2.2E-16,1.));
#8154 = PCURVE('',#8046,#8155);
#8155 = DEFINITIONAL_REPRESENTATION('',(#8156),#8160);
#8156 = LINE('',#8157,#8158);
#8157 = CARTESIAN_POINT('',(0.,4.));
#8158 = VECTOR('',#8159,1.);
#8159 = DIRECTION('',(1.,0.));
#8160 = ( GEOMETRIC_REPRESENTATION_CONTEXT(2) 
PARAMETRIC_REPRESENTATION_CONTEXT() REPRESENTATION_CONTEXT('2D SPACE',''
  ) );
#8161 = PCURVE('',#8162,#8167);
#8162 = PLANE('',#8163);
#8163 = AXIS2_PLACEMENT_3D('',#8164,#8165,#8166);
#8164 = CARTESIAN_POINT('',(15.,0.,0.));
#8165 = DIRECTION('',(1.,0.,0.));
#8166 = DIRECTION('',(0.,2.2E-16,1.));
#8167 = DEFINITIONAL_REPRESENTATION('',(#8168),#8172);
#8168 = CIRCLE('',#8169,0.75);
#8169 = AXIS2_PLACEMENT_2D('',#8170,#8171);
#8170 = CARTESIAN_POINT('',(0.,0.));
#8171 = DIRECTION('',(1.,0.));
#8172 = ( GEOMETRIC_REPRESENTATION_CONTEXT(2) 
PARAMETRIC_REPRESENTATION_CONTEXT() REPRESENTATION_CONTEXT('2D SPACE',''
  ) );
#8173 = ORIENTED_EDGE('',*,*,#8174,.F.);
#8174 = EDGE_CURVE('',#8175,#8146,#8177,.T.);
#8175 = VERTEX_POINT('',#8176);
#8176 = CARTESIAN_POINT('',(13.,0.,-0.75));
#8177 = SURFACE_CURVE('',#8178,(#8182,#8189),.PCURVE_S1.);
#8178 = LINE('',#8179,#8180);
#8179 = CARTESIAN_POINT('',(11.,-2.7E-16,-0.75));
#8180 = VECTOR('',#8181,1.);
#8181 = DIRECTION('',(1.,0.,0.));
#8182 = PCURVE('',#8046,#8183);
#8183 = DEFINITIONAL_REPRESENTATION('',(#8184),#8188);
#8184 = LINE('',#8185,#8186);
#8185 = CARTESIAN_POINT('',(3.14159265359,0.));
#8186 = VECTOR('',#8187,1.);
#8187 = DIRECTION('',(0.,1.));
#8188 = ( GEOMETRIC_REPRESENTATION_CONTEXT(2) 
PARAMETRIC_REPRESENTATION_CONTEXT() REPRESENTATION_CONTEXT('2D SPACE',''
  ) );
#8189 = PCURVE('',#8190,#8195);
#8190 = PLANE('',#8191);
#8191 = AXIS2_PLACEMENT_3D('',#8192,#8193,#8194);
#8192 = CARTESIAN_POINT('',(13.,-5.6E-15,-25.20577376812));
#8193 = DIRECTION('',(-5.E-17,1.,-2.2E-16));
#8194 = DIRECTION('',(1.,5.E-17,0.));
#8195 = DEFINITIONAL_REPRESENTATION('',(#8196),#8200);
#8196 = LINE('',#8197,#8198);
#8197 = CARTESIAN_POINT('',(-2.,-24.45577376812));
#8198 = VECTOR('',#8199,1.);
#8199 = DIRECTION('',(1.,1.1E-32));
#8200 = ( GEOMETRIC_REPRESENTATION_CONTEXT(2) 
PARAMETRIC_REPRESENTATION_CONTEXT() REPRESENTATION_CONTEXT('2D SPACE',''
  ) );
#8201 = ORIENTED_EDGE('',*,*,#8202,.F.);
#8202 = EDGE_CURVE('',#8093,#8175,#8203,.T.);
#8203 = SURFACE_CURVE('',#8204,(#8282,#8363),.PCURVE_S1.);
#8204 = B_SPLINE_CURVE_WITH_KNOTS('',6,(#8205,#8206,#8207,#8208,#8209,
    #8210,#8211,#8212,#8213,#8214,#8215,#8216,#8217,#8218,#8219,#8220,
    #8221,#8222,#8223,#8224,#8225,#8226,#8227,#8228,#8229,#8230,#8231,
    #8232,#8233,#8234,#8235,#8236,#8237,#8238,#8239,#8240,#8241,#8242,
    #8243,#8244,#8245,#8246,#8247,#8248,#8249,#8250,#8251,#8252,#8253,
    #8254,#8255,#8256,#8257,#8258,#8259,#8260,#8261,#8262,#8263,#8264,
    #8265,#8266,#8267,#8268,#8269,#8270,#8271,#8272,#8273,#8274,#8275,
    #8276,#8277,#8278,#8279,#8280,#8281),.UNSPECIFIED.,.F.,.F.,(7,5,5,5,
    5,5,5,5,5,5,5,5,5,5,5,7),(0.,9.809021767319E-02,0.152411376312,
    0.177487048781,0.249831061075,0.322866811555,0.348402036735,
    0.403498259371,0.500158405483,0.550830462447,0.597021912729,
    0.676896948022,0.749012851807,0.823990629177,0.902424205587,1.),
  .UNSPECIFIED.);
#8205 = CARTESIAN_POINT('',(13.,1.7E-16,0.75));
#8206 = CARTESIAN_POINT('',(12.946264417172,1.1E-16,0.75));
#8207 = CARTESIAN_POINT('',(12.892564511225,-4.620017614718E-03,
    0.749999910869));
#8208 = CARTESIAN_POINT('',(12.839462151137,-1.384856413335E-02,
    0.750000335928));
#8209 = CARTESIAN_POINT('',(12.787522578745,-2.756555102512E-02,
    0.74978583475));
#8210 = CARTESIAN_POINT('',(12.737298391776,-4.553606651508E-02,
    0.748937732259));
#8211 = CARTESIAN_POINT('',(12.662713451956,-7.948464722785E-02,
    0.745875179991));
#8212 = CARTESIAN_POINT('',(12.636796907217,-9.278063573077E-02,
    0.744438635921));
#8213 = CARTESIAN_POINT('',(12.61163030889,-0.10721347101,0.742572899674
    ));
#8214 = CARTESIAN_POINT('',(12.587289244777,-0.122713707076,
    0.740186044669));
#8215 = CARTESIAN_POINT('',(12.563840643068,-0.139202489174,
    0.73718305009));
#8216 = CARTESIAN_POINT('',(12.530956333109,-0.164619490163,
    0.731756653117));
#8217 = CARTESIAN_POINT('',(12.520773816615,-0.172838198493,
    0.729891797786));
#8218 = CARTESIAN_POINT('',(12.510800672033,-0.181239181152,
    0.727866731849));
#8219 = CARTESIAN_POINT('',(12.501042629949,-0.189812769131,
    0.725672576365));
#8220 = CARTESIAN_POINT('',(12.491505020019,-0.198548680203,
    0.723300732054));
#8221 = CARTESIAN_POINT('',(12.455326673535,-0.233076238237,
    0.713363402963));
#8222 = CARTESIAN_POINT('',(12.430317251791,-0.259994885976,
    0.704431007104));
#8223 = CARTESIAN_POINT('',(12.407313316135,-0.287908230499,
    0.693749848485));
#8224 = CARTESIAN_POINT('',(12.386395802085,-0.316501193259,
    0.681159658424));
#8225 = CARTESIAN_POINT('',(12.367581059187,-0.34544356132,
    0.666547832754));
#8226 = CARTESIAN_POINT('',(12.333906994522,-0.403645773084,
    0.63301565982));
#8227 = CARTESIAN_POINT('',(12.319105335094,-0.432874318794,
    0.614073506455));
#8228 = CARTESIAN_POINT('',(12.306366227746,-0.461753034655,
    0.592987513107));
#8229 = CARTESIAN_POINT('',(12.295574434977,-0.489941751548,
    0.569773803256));
#8230 = CARTESIAN_POINT('',(12.286565093853,-0.517115972116,
    0.54451563543));
#8231 = CARTESIAN_POINT('',(12.276539124796,-0.552028022583,
    0.507874940243));
#8232 = CARTESIAN_POINT('',(12.274134475803,-0.560914750976,
    0.498149477962));
#8233 = CARTESIAN_POINT('',(12.271913647967,-0.569632605466,
    0.488195697279));
#8234 = CARTESIAN_POINT('',(12.269867546479,-0.578170755734,
    0.478019244636));
#8235 = CARTESIAN_POINT('',(12.267986780953,-0.586519030155,
    0.467626194997));
#8236 = CARTESIAN_POINT('',(12.262539460191,-0.612250404869,
    0.434145120225));
#8237 = CARTESIAN_POINT('',(12.259542637661,-0.628901620528,
    0.41029290998));
#8238 = CARTESIAN_POINT('',(12.257173593048,-0.644530474133,
    0.385526841652));
#8239 = CARTESIAN_POINT('',(12.255333190638,-0.659055285826,
    0.359917100215));
#8240 = CARTESIAN_POINT('',(12.253925777227,-0.672404348672,
    0.333542894154));
#8241 = CARTESIAN_POINT('',(12.251001769517,-0.705765891842,
    0.259033452493));
#8242 = CARTESIAN_POINT('',(12.250201885563,-0.723229274257,
    0.209444603075));
#8243 = CARTESIAN_POINT('',(12.249999700479,-0.73655255646,
    0.158212822644));
#8244 = CARTESIAN_POINT('',(12.250000080104,-0.745513940207,
    0.10586780158));
#8245 = CARTESIAN_POINT('',(12.25,-0.75,5.295081844263E-02));
#8246 = CARTESIAN_POINT('',(12.25,-0.75,-2.775835746494E-02));
#8247 = CARTESIAN_POINT('',(12.250000047003,-0.748767149591,
    -5.551482980151E-02));
#8248 = CARTESIAN_POINT('',(12.249999914334,-0.746301801292,
    -8.318879773251E-02));
#8249 = CARTESIAN_POINT('',(12.250015249213,-0.74261286812,
    -0.110699264851));
#8250 = CARTESIAN_POINT('',(12.250075963597,-0.737718292773,
    -0.137965649026));
#8251 = CARTESIAN_POINT('',(12.250360141236,-0.726109717699,
    -0.189469107664));
#8252 = CARTESIAN_POINT('',(12.250568715233,-0.719594756178,
    -0.213761358312));
#8253 = CARTESIAN_POINT('',(12.25088239881,-0.712120343299,
    -0.23772988437));
#8254 = CARTESIAN_POINT('',(12.251341819751,-0.70371136549,
    -0.261320417221));
#8255 = CARTESIAN_POINT('',(12.251994050782,-0.694398245808,
    -0.284480319833));
#8256 = CARTESIAN_POINT('',(12.254440596534,-0.666612250857,
    -0.346375480859));
#8257 = CARTESIAN_POINT('',(12.256721753668,-0.646399754463,
    -0.384180578936));
#8258 = CARTESIAN_POINT('',(12.260001552403,-0.623770116417,
    -0.420290740636));
#8259 = CARTESIAN_POINT('',(12.264582489659,-0.598963891729,
    -0.454466711158));
#8260 = CARTESIAN_POINT('',(12.270771128759,-0.572264918229,
    -0.48651767911));
#8261 = CARTESIAN_POINT('',(12.286138890349,-0.518468096993,
    -0.543199468823));
#8262 = CARTESIAN_POINT('',(12.294969222383,-0.491660452056,
    -0.56824937616));
#8263 = CARTESIAN_POINT('',(12.305533626853,-0.463851041831,
    -0.59130627639));
#8264 = CARTESIAN_POINT('',(12.31799275848,-0.435351699414,
    -0.612288308788));
#8265 = CARTESIAN_POINT('',(12.332460514034,-0.406489512152,
    -0.631177435653));
#8266 = CARTESIAN_POINT('',(12.366179484683,-0.347545413159,
    -0.665523413873));
#8267 = CARTESIAN_POINT('',(12.385577640312,-0.317496057862,
    -0.680793901072));
#8268 = CARTESIAN_POINT('',(12.407240452053,-0.287809862661,
    -0.693883347481));
#8269 = CARTESIAN_POINT('',(12.431151210912,-0.258855814999,
    -0.704916912735));
#8270 = CARTESIAN_POINT('',(12.457218581982,-0.23098541336,
    -0.714074791391));
#8271 = CARTESIAN_POINT('',(12.514619846772,-0.176820948094,
    -0.729426362006));
#8272 = CARTESIAN_POINT('',(12.546145580545,-0.150654738909,
    -0.735464982873));
#8273 = CARTESIAN_POINT('',(12.579717441808,-0.12631757367,
    -0.739958729847));
#8274 = CARTESIAN_POINT('',(12.615153838916,-0.104078404825,
    -0.743197422628));
#8275 = CARTESIAN_POINT('',(12.652227815719,-8.416571492509E-02,
    -0.745467285788));
#8276 = CARTESIAN_POINT('',(12.73849609878,-4.510866642262E-02,
    -0.748957794824));
#8277 = CARTESIAN_POINT('',(12.788513127388,-2.730462195684E-02,
    -0.749789901232));
#8278 = CARTESIAN_POINT('',(12.840221520066,-1.371692782611E-02,
    -0.75000032563));
#8279 = CARTESIAN_POINT('',(12.893076364277,-4.576092763755E-03,
    -0.749999912503));
#8280 = CARTESIAN_POINT('',(12.946520471566,-2.7E-16,-0.75));
#8281 = CARTESIAN_POINT('',(13.,-2.1E-16,-0.75));
#8282 = PCURVE('',#8046,#8283);
#8283 = DEFINITIONAL_REPRESENTATION('',(#8284),#8362);
#8284 = B_SPLINE_CURVE_WITH_KNOTS('',6,(#8285,#8286,#8287,#8288,#8289,
    #8290,#8291,#8292,#8293,#8294,#8295,#8296,#8297,#8298,#8299,#8300,
    #8301,#8302,#8303,#8304,#8305,#8306,#8307,#8308,#8309,#8310,#8311,
    #8312,#8313,#8314,#8315,#8316,#8317,#8318,#8319,#8320,#8321,#8322,
    #8323,#8324,#8325,#8326,#8327,#8328,#8329,#8330,#8331,#8332,#8333,
    #8334,#8335,#8336,#8337,#8338,#8339,#8340,#8341,#8342,#8343,#8344,
    #8345,#8346,#8347,#8348,#8349,#8350,#8351,#8352,#8353,#8354,#8355,
    #8356,#8357,#8358,#8359,#8360,#8361),.UNSPECIFIED.,.F.,.F.,(7,5,5,5,
    5,5,5,5,5,5,5,5,5,5,5,7),(0.,9.809021767319E-02,0.152411376312,
    0.177487048781,0.249831061075,0.322866811555,0.348402036735,
    0.403498259371,0.500158405483,0.550830462447,0.597021912729,
    0.676896948022,0.749012851807,0.823990629177,0.902424205587,1.),
  .UNSPECIFIED.);
#8285 = CARTESIAN_POINT('',(0.,2.));
#8286 = CARTESIAN_POINT('',(8.E-17,1.946264417172));
#8287 = CARTESIAN_POINT('',(6.159843883273E-03,1.892564511225));
#8288 = CARTESIAN_POINT('',(1.846542600269E-02,1.839462151137));
#8289 = CARTESIAN_POINT('',(3.675262069063E-02,1.787522578745));
#8290 = CARTESIAN_POINT('',(6.071777742667E-02,1.737298391776));
#8291 = CARTESIAN_POINT('',(0.106166363447,1.662713451956));
#8292 = CARTESIAN_POINT('',(0.123994766921,1.636796907217));
#8293 = CARTESIAN_POINT('',(0.143391804495,1.61163030889));
#8294 = CARTESIAN_POINT('',(0.164291843834,1.587289244777));
#8295 = CARTESIAN_POINT('',(0.186628309365,1.563840643068));
#8296 = CARTESIAN_POINT('',(0.221281376528,1.530956333109));
#8297 = CARTESIAN_POINT('',(0.232517297391,1.520773816615));
#8298 = CARTESIAN_POINT('',(0.244037838694,1.510800672033));
#8299 = CARTESIAN_POINT('',(0.255835871694,1.501042629949));
#8300 = CARTESIAN_POINT('',(0.267904060949,1.491505020019));
#8301 = CARTESIAN_POINT('',(0.315809574865,1.455326673535));
#8302 = CARTESIAN_POINT('',(0.353595352172,1.430317251791));
#8303 = CARTESIAN_POINT('',(0.393380359846,1.407313316135));
#8304 = CARTESIAN_POINT('',(0.434954607015,1.386395802085));
#8305 = CARTESIAN_POINT('',(0.478117401257,1.367581059187));
#8306 = CARTESIAN_POINT('',(0.567678345879,1.333906994522));
#8307 = CARTESIAN_POINT('',(0.614054744657,1.319105335094));
#8308 = CARTESIAN_POINT('',(0.661616838219,1.306366227746));
#8309 = CARTESIAN_POINT('',(0.710177869184,1.295574434977));
#8310 = CARTESIAN_POINT('',(0.759553276902,1.286565093853));
#8311 = CARTESIAN_POINT('',(0.827033536555,1.276539124796));
#8312 = CARTESIAN_POINT('',(0.844595237493,1.274134475803));
#8313 = CARTESIAN_POINT('',(0.862231668551,1.271913647967));
#8314 = CARTESIAN_POINT('',(0.879937433137,1.269867546479));
#8315 = CARTESIAN_POINT('',(0.897707664249,1.267986780953));
#8316 = CARTESIAN_POINT('',(0.954009801767,1.262539460191));
#8317 = CARTESIAN_POINT('',(0.992754928196,1.259542637661));
#8318 = CARTESIAN_POINT('',(1.031738016706,1.257173593048));
#8319 = CARTESIAN_POINT('',(1.070928259689,1.255333190638));
#8320 = CARTESIAN_POINT('',(1.110297073081,1.253925777227));
#8321 = CARTESIAN_POINT('',(1.219146812196,1.251001769517));
#8322 = CARTESIAN_POINT('',(1.289007673727,1.250201885563));
#8323 = CARTESIAN_POINT('',(1.359212228005,1.249999700479));
#8324 = CARTESIAN_POINT('',(1.429639316558,1.250000080104));
#8325 = CARTESIAN_POINT('',(1.500195235538,1.25));
#8326 = CARTESIAN_POINT('',(1.607807470081,1.25));
#8327 = CARTESIAN_POINT('',(1.644816108249,1.250000047003));
#8328 = CARTESIAN_POINT('',(1.681805968108,1.249999914334));
#8329 = CARTESIAN_POINT('',(1.718760317771,1.250015249213));
#8330 = CARTESIAN_POINT('',(1.755660728385,1.250075963597));
#8331 = CARTESIAN_POINT('',(1.826054734026,1.250360141236));
#8332 = CARTESIAN_POINT('',(1.859561744243,1.250568715233));
#8333 = CARTESIAN_POINT('',(1.892997032157,1.25088239881));
#8334 = CARTESIAN_POINT('',(1.926349609284,1.251341819751));
#8335 = CARTESIAN_POINT('',(1.959606518604,1.251994050782));
#8336 = CARTESIAN_POINT('',(2.050067780774,1.254440596534));
#8337 = CARTESIAN_POINT('',(2.107090596018,1.256721753668));
#8338 = CARTESIAN_POINT('',(2.163710716441,1.260001552403));
#8339 = CARTESIAN_POINT('',(2.219826703192,1.264582489659));
#8340 = CARTESIAN_POINT('',(2.275329591934,1.270771128759));
#8341 = CARTESIAN_POINT('',(2.37952533303,1.286138890349));
#8342 = CARTESIAN_POINT('',(2.428356933144,1.294969222383));
#8343 = CARTESIAN_POINT('',(2.476399058787,1.305533626853));
#8344 = CARTESIAN_POINT('',(2.523474708734,1.31799275848));
#8345 = CARTESIAN_POINT('',(2.569404810341,1.332460514034));
#8346 = CARTESIAN_POINT('',(2.660365637328,1.366179484683));
#8347 = CARTESIAN_POINT('',(2.705233521334,1.385577640312));
#8348 = CARTESIAN_POINT('',(2.748400164224,1.407240452053));
#8349 = CARTESIAN_POINT('',(2.789641877633,1.431151210912));
#8350 = CARTESIAN_POINT('',(2.828724148031,1.457218581982));
#8351 = CARTESIAN_POINT('',(2.903788091355,1.514619846772));
#8352 = CARTESIAN_POINT('',(2.939549421192,1.546145580545));
#8353 = CARTESIAN_POINT('',(2.972505804775,1.579717441808));
#8354 = CARTESIAN_POINT('',(3.002446676257,1.615153838916));
#8355 = CARTESIAN_POINT('',(3.029161237357,1.652227815719));
#8356 = CARTESIAN_POINT('',(3.081444851804,1.73849609878));
#8357 = CARTESIAN_POINT('',(3.105187889467,1.788513127388));
#8358 = CARTESIAN_POINT('',(3.123302760922,1.840221520066));
#8359 = CARTESIAN_POINT('',(3.13549137351,1.893076364277));
#8360 = CARTESIAN_POINT('',(3.14159265359,1.946520471566));
#8361 = CARTESIAN_POINT('',(3.14159265359,2.));
#8362 = ( GEOMETRIC_REPRESENTATION_CONTEXT(2) 
PARAMETRIC_REPRESENTATION_CONTEXT() REPRESENTATION_CONTEXT('2D SPACE',''
  ) );
#8363 = PCURVE('',#8364,#8369);
#8364 = CYLINDRICAL_SURFACE('',#8365,0.75);
#8365 = AXIS2_PLACEMENT_3D('',#8366,#8367,#8368);
#8366 = CARTESIAN_POINT('',(13.,-0.75,-25.20577376812));
#8367 = DIRECTION('',(0.,-2.2E-16,-1.));
#8368 = DIRECTION('',(1.,0.,0.));
#8369 = DEFINITIONAL_REPRESENTATION('',(#8370),#8448);
#8370 = B_SPLINE_CURVE_WITH_KNOTS('',6,(#8371,#8372,#8373,#8374,#8375,
    #8376,#8377,#8378,#8379,#8380,#8381,#8382,#8383,#8384,#8385,#8386,
    #8387,#8388,#8389,#8390,#8391,#8392,#8393,#8394,#8395,#8396,#8397,
    #8398,#8399,#8400,#8401,#8402,#8403,#8404,#8405,#8406,#8407,#8408,
    #8409,#8410,#8411,#8412,#8413,#8414,#8415,#8416,#8417,#8418,#8419,
    #8420,#8421,#8422,#8423,#8424,#8425,#8426,#8427,#8428,#8429,#8430,
    #8431,#8432,#8433,#8434,#8435,#8436,#8437,#8438,#8439,#8440,#8441,
    #8442,#8443,#8444,#8445,#8446,#8447),.UNSPECIFIED.,.F.,.F.,(7,5,5,5,
    5,5,5,5,5,5,5,5,5,5,5,7),(0.,9.809021767319E-02,0.152411376312,
    0.177487048781,0.249831061075,0.322866811555,0.348402036735,
    0.403498259371,0.500158405483,0.550830462447,0.597021912729,
    0.676896948022,0.749012851807,0.823990629177,0.902424205587,1.),
  .UNSPECIFIED.);
#8371 = CARTESIAN_POINT('',(4.712388980385,-25.95577376812));
#8372 = CARTESIAN_POINT('',(4.640741536614,-25.95577376812));
#8373 = CARTESIAN_POINT('',(4.569141724814,-25.95577367899));
#8374 = CARTESIAN_POINT('',(4.497676244956,-25.95577410405));
#8375 = CARTESIAN_POINT('',(4.426442628537,-25.95555960287));
#8376 = CARTESIAN_POINT('',(4.355567512721,-25.95471150038));
#8377 = CARTESIAN_POINT('',(4.246303962793,-25.95164894811));
#8378 = CARTESIAN_POINT('',(4.207509055481,-25.95021240404));
#8379 = CARTESIAN_POINT('',(4.168889984338,-25.9483466678));
#8380 = CARTESIAN_POINT('',(4.13047457382,-25.94595981279));
#8381 = CARTESIAN_POINT('',(4.092292714551,-25.94295681821));
#8382 = CARTESIAN_POINT('',(4.036876683485,-25.93753042124));
#8383 = CARTESIAN_POINT('',(4.01943321649,-25.93566556591));
#8384 = CARTESIAN_POINT('',(4.00205231224,-25.93364049997));
#8385 = CARTESIAN_POINT('',(3.984738608865,-25.93144634449));
#8386 = CARTESIAN_POINT('',(3.967497238345,-25.92907450018));
#8387 = CARTESIAN_POINT('',(3.900816906172,-25.91913717109));
#8388 = CARTESIAN_POINT('',(3.851914265509,-25.91020477523));
#8389 = CARTESIAN_POINT('',(3.80381082423,-25.89952361661));
#8390 = CARTESIAN_POINT('',(3.756685758436,-25.88693342655));
#8391 = CARTESIAN_POINT('',(3.71072035831,-25.87232160088));
#8392 = CARTESIAN_POINT('',(3.62106481912,-25.83878942794));
#8393 = CARTESIAN_POINT('',(3.577449442229,-25.81984727458));
#8394 = CARTESIAN_POINT('',(3.535449047103,-25.79876128123));
#8395 = CARTESIAN_POINT('',(3.495270326681,-25.77554757138));
#8396 = CARTESIAN_POINT('',(3.457129582815,-25.75028940355));
#8397 = CARTESIAN_POINT('',(3.40869871436,-25.71364870837));
#8398 = CARTESIAN_POINT('',(3.396425069118,-25.70392324608));
#8399 = CARTESIAN_POINT('',(3.38443195604,-25.6939694654));
#8400 = CARTESIAN_POINT('',(3.37272711148,-25.68379301276));
#8401 = CARTESIAN_POINT('',(3.3613180506,-25.67339996312));
#8402 = CARTESIAN_POINT('',(3.326249179994,-25.63991888835));
#8403 = CARTESIAN_POINT('',(3.303701413332,-25.6160666781));
#8404 = CARTESIAN_POINT('',(3.282635699113,-25.59130060977));
#8405 = CARTESIAN_POINT('',(3.263121397916,-25.56569086834));
#8406 = CARTESIAN_POINT('',(3.245226747612,-25.53931666228));
#8407 = CARTESIAN_POINT('',(3.20057416508,-25.46480722062));
#8408 = CARTESIAN_POINT('',(3.177285657229,-25.4152183712));
#8409 = CARTESIAN_POINT('',(3.159523185318,-25.36398659077));
#8410 = CARTESIAN_POINT('',(3.147573903592,-25.3116415697));
#8411 = CARTESIAN_POINT('',(3.14159265359,-25.25872458657));
#8412 = CARTESIAN_POINT('',(3.14159265359,-25.17801541066));
#8413 = CARTESIAN_POINT('',(3.143236421217,-25.15025893832));
#8414 = CARTESIAN_POINT('',(3.146523646762,-25.12258497039));
#8415 = CARTESIAN_POINT('',(3.151442121941,-25.09507450327));
#8416 = CARTESIAN_POINT('',(3.157968280915,-25.0678081191));
#8417 = CARTESIAN_POINT('',(3.173451018095,-25.01630466046));
#8418 = CARTESIAN_POINT('',(3.18214183398,-24.99201240981));
#8419 = CARTESIAN_POINT('',(3.192115705556,-24.96804388375));
#8420 = CARTESIAN_POINT('',(3.203342743837,-24.9444533509));
#8421 = CARTESIAN_POINT('',(3.215788658969,-24.92129344829));
#8422 = CARTESIAN_POINT('',(3.252979986549,-24.85939828726));
#8423 = CARTESIAN_POINT('',(3.280093198961,-24.82159318919));
#8424 = CARTESIAN_POINT('',(3.310556035895,-24.78548302749));
#8425 = CARTESIAN_POINT('',(3.344146102515,-24.75130705696));
#8426 = CARTESIAN_POINT('',(3.380641591825,-24.71925608901));
#8427 = CARTESIAN_POINT('',(3.455239966206,-24.6625742993));
#8428 = CARTESIAN_POINT('',(3.492842955332,-24.63752439196));
#8429 = CARTESIAN_POINT('',(3.532443956221,-24.61446749173));
#8430 = CARTESIAN_POINT('',(3.573834768479,-24.59348545933));
#8431 = CARTESIAN_POINT('',(3.616816487577,-24.57459633247));
#8432 = CARTESIAN_POINT('',(3.707359302866,-24.54025035425));
#8433 = CARTESIAN_POINT('',(3.754979953822,-24.52497986705));
#8434 = CARTESIAN_POINT('',(3.803855322766,-24.51189042064));
#8435 = CARTESIAN_POINT('',(3.853783647974,-24.50085685539));
#8436 = CARTESIAN_POINT('',(3.904565668886,-24.49169897673));
#8437 = CARTESIAN_POINT('',(4.009795107074,-24.47634740612));
#8438 = CARTESIAN_POINT('',(4.064311309035,-24.47030878525));
#8439 = CARTESIAN_POINT('',(4.119418157525,-24.46581503828));
#8440 = CARTESIAN_POINT('',(4.175011373619,-24.46257634549));
#8441 = CARTESIAN_POINT('',(4.230993490325,-24.46030648233));
#8442 = CARTESIAN_POINT('',(4.357257198139,-24.4568159733));
#8443 = CARTESIAN_POINT('',(4.427800946073,-24.45598386689));
#8444 = CARTESIAN_POINT('',(4.498698160866,-24.45577344249));
#8445 = CARTESIAN_POINT('',(4.569824194978,-24.45577385562));
#8446 = CARTESIAN_POINT('',(4.641082942473,-24.45577376812));
#8447 = CARTESIAN_POINT('',(4.712388980385,-24.45577376812));
#8448 = ( GEOMETRIC_REPRESENTATION_CONTEXT(2) 
PARAMETRIC_REPRESENTATION_CONTEXT() REPRESENTATION_CONTEXT('2D SPACE',''
  ) );
#8449 = ADVANCED_FACE('',(#8450),#8077,.T.);
#8450 = FACE_BOUND('',#8451,.F.);
#8451 = EDGE_LOOP('',(#8452,#8453,#8476,#8503));
#8452 = ORIENTED_EDGE('',*,*,#8060,.T.);
#8453 = ORIENTED_EDGE('',*,*,#8454,.T.);
#8454 = EDGE_CURVE('',#8061,#8455,#8457,.T.);
#8455 = VERTEX_POINT('',#8456);
#8456 = CARTESIAN_POINT('',(4.5,0.,1.));
#8457 = SEAM_CURVE('',#8458,(#8462,#8469),.PCURVE_S1.);
#8458 = LINE('',#8459,#8460);
#8459 = CARTESIAN_POINT('',(11.,-2.2E-16,1.));
#8460 = VECTOR('',#8461,1.);
#8461 = DIRECTION('',(-1.,0.,0.));
#8462 = PCURVE('',#8077,#8463);
#8463 = DEFINITIONAL_REPRESENTATION('',(#8464),#8468);
#8464 = LINE('',#8465,#8466);
#8465 = CARTESIAN_POINT('',(-0.,0.));
#8466 = VECTOR('',#8467,1.);
#8467 = DIRECTION('',(-0.,1.));
#8468 = ( GEOMETRIC_REPRESENTATION_CONTEXT(2) 
PARAMETRIC_REPRESENTATION_CONTEXT() REPRESENTATION_CONTEXT('2D SPACE',''
  ) );
#8469 = PCURVE('',#8077,#8470);
#8470 = DEFINITIONAL_REPRESENTATION('',(#8471),#8475);
#8471 = LINE('',#8472,#8473);
#8472 = CARTESIAN_POINT('',(-6.28318530718,0.));
#8473 = VECTOR('',#8474,1.);
#8474 = DIRECTION('',(-0.,1.));
#8475 = ( GEOMETRIC_REPRESENTATION_CONTEXT(2) 
PARAMETRIC_REPRESENTATION_CONTEXT() REPRESENTATION_CONTEXT('2D SPACE',''
  ) );
#8476 = ORIENTED_EDGE('',*,*,#8477,.F.);
#8477 = EDGE_CURVE('',#8455,#8455,#8478,.T.);
#8478 = SURFACE_CURVE('',#8479,(#8484,#8491),.PCURVE_S1.);
#8479 = CIRCLE('',#8480,1.);
#8480 = AXIS2_PLACEMENT_3D('',#8481,#8482,#8483);
#8481 = CARTESIAN_POINT('',(4.5,0.,0.));
#8482 = DIRECTION('',(1.,0.,-0.));
#8483 = DIRECTION('',(0.,2.2E-16,1.));
#8484 = PCURVE('',#8077,#8485);
#8485 = DEFINITIONAL_REPRESENTATION('',(#8486),#8490);
#8486 = LINE('',#8487,#8488);
#8487 = CARTESIAN_POINT('',(-0.,6.5));
#8488 = VECTOR('',#8489,1.);
#8489 = DIRECTION('',(-1.,0.));
#8490 = ( GEOMETRIC_REPRESENTATION_CONTEXT(2) 
PARAMETRIC_REPRESENTATION_CONTEXT() REPRESENTATION_CONTEXT('2D SPACE',''
  ) );
#8491 = PCURVE('',#8492,#8497);
#8492 = PLANE('',#8493);
#8493 = AXIS2_PLACEMENT_3D('',#8494,#8495,#8496);
#8494 = CARTESIAN_POINT('',(4.5,0.,0.));
#8495 = DIRECTION('',(1.,0.,0.));
#8496 = DIRECTION('',(0.,2.2E-16,1.));
#8497 = DEFINITIONAL_REPRESENTATION('',(#8498),#8502);
#8498 = CIRCLE('',#8499,1.);
#8499 = AXIS2_PLACEMENT_2D('',#8500,#8501);
#8500 = CARTESIAN_POINT('',(0.,0.));
#8501 = DIRECTION('',(1.,0.));
#8502 = ( GEOMETRIC_REPRESENTATION_CONTEXT(2) 
PARAMETRIC_REPRESENTATION_CONTEXT() REPRESENTATION_CONTEXT('2D SPACE',''
  ) );
#8503 = ORIENTED_EDGE('',*,*,#8454,.F.);
#8504 = ADVANCED_FACE('',(#8505),#8364,.F.);
#8505 = FACE_BOUND('',#8506,.F.);
#8506 = EDGE_LOOP('',(#8507,#8530,#8531,#8554));
#8507 = ORIENTED_EDGE('',*,*,#8508,.F.);
#8508 = EDGE_CURVE('',#8175,#8509,#8511,.T.);
#8509 = VERTEX_POINT('',#8510);
#8510 = CARTESIAN_POINT('',(13.,0.,-0.45));
#8511 = SURFACE_CURVE('',#8512,(#8516,#8523),.PCURVE_S1.);
#8512 = LINE('',#8513,#8514);
#8513 = CARTESIAN_POINT('',(13.,-5.6E-15,-25.20577376812));
#8514 = VECTOR('',#8515,1.);
#8515 = DIRECTION('',(0.,2.2E-16,1.));
#8516 = PCURVE('',#8364,#8517);
#8517 = DEFINITIONAL_REPRESENTATION('',(#8518),#8522);
#8518 = LINE('',#8519,#8520);
#8519 = CARTESIAN_POINT('',(4.712388980385,0.));
#8520 = VECTOR('',#8521,1.);
#8521 = DIRECTION('',(0.,-1.));
#8522 = ( GEOMETRIC_REPRESENTATION_CONTEXT(2) 
PARAMETRIC_REPRESENTATION_CONTEXT() REPRESENTATION_CONTEXT('2D SPACE',''
  ) );
#8523 = PCURVE('',#8190,#8524);
#8524 = DEFINITIONAL_REPRESENTATION('',(#8525),#8529);
#8525 = LINE('',#8526,#8527);
#8526 = CARTESIAN_POINT('',(0.,0.));
#8527 = VECTOR('',#8528,1.);
#8528 = DIRECTION('',(1.1E-32,-1.));
#8529 = ( GEOMETRIC_REPRESENTATION_CONTEXT(2) 
PARAMETRIC_REPRESENTATION_CONTEXT() REPRESENTATION_CONTEXT('2D SPACE',''
  ) );
#8530 = ORIENTED_EDGE('',*,*,#8202,.F.);
#8531 = ORIENTED_EDGE('',*,*,#8532,.F.);
#8532 = EDGE_CURVE('',#8533,#8093,#8535,.T.);
#8533 = VERTEX_POINT('',#8534);
#8534 = CARTESIAN_POINT('',(13.,0.,0.45));
#8535 = SURFACE_CURVE('',#8536,(#8540,#8547),.PCURVE_S1.);
#8536 = LINE('',#8537,#8538);
#8537 = CARTESIAN_POINT('',(13.,-5.6E-15,-25.20577376812));
#8538 = VECTOR('',#8539,1.);
#8539 = DIRECTION('',(0.,2.2E-16,1.));
#8540 = PCURVE('',#8364,#8541);
#8541 = DEFINITIONAL_REPRESENTATION('',(#8542),#8546);
#8542 = LINE('',#8543,#8544);
#8543 = CARTESIAN_POINT('',(4.712388980385,0.));
#8544 = VECTOR('',#8545,1.);
#8545 = DIRECTION('',(0.,-1.));
#8546 = ( GEOMETRIC_REPRESENTATION_CONTEXT(2) 
PARAMETRIC_REPRESENTATION_CONTEXT() REPRESENTATION_CONTEXT('2D SPACE',''
  ) );
#8547 = PCURVE('',#8133,#8548);
#8548 = DEFINITIONAL_REPRESENTATION('',(#8549),#8553);
#8549 = LINE('',#8550,#8551);
#8550 = CARTESIAN_POINT('',(0.,0.));
#8551 = VECTOR('',#8552,1.);
#8552 = DIRECTION('',(1.1E-32,-1.));
#8553 = ( GEOMETRIC_REPRESENTATION_CONTEXT(2) 
PARAMETRIC_REPRESENTATION_CONTEXT() REPRESENTATION_CONTEXT('2D SPACE',''
  ) );
#8554 = ORIENTED_EDGE('',*,*,#8555,.T.);
#8555 = EDGE_CURVE('',#8533,#8509,#8556,.T.);
#8556 = SURFACE_CURVE('',#8557,(#8620,#8686),.PCURVE_S1.);
#8557 = B_SPLINE_CURVE_WITH_KNOTS('',6,(#8558,#8559,#8560,#8561,#8562,
    #8563,#8564,#8565,#8566,#8567,#8568,#8569,#8570,#8571,#8572,#8573,
    #8574,#8575,#8576,#8577,#8578,#8579,#8580,#8581,#8582,#8583,#8584,
    #8585,#8586,#8587,#8588,#8589,#8590,#8591,#8592,#8593,#8594,#8595,
    #8596,#8597,#8598,#8599,#8600,#8601,#8602,#8603,#8604,#8605,#8606,
    #8607,#8608,#8609,#8610,#8611,#8612,#8613,#8614,#8615,#8616,#8617,
    #8618,#8619),.UNSPECIFIED.,.F.,.F.,(7,5,5,5,5,5,5,5,5,5,5,5,7),(0.,
    0.102897321707,0.158784695104,0.311976073394,0.374499566375,
    0.410075503401,0.499998196308,0.589398444509,0.624715776658,
    0.68627966816,0.840688162913,0.89661183492,1.),.UNSPECIFIED.);
#8558 = CARTESIAN_POINT('',(13.,1.1E-16,0.45));
#8559 = CARTESIAN_POINT('',(12.95410937835,6.E-17,0.45));
#8560 = CARTESIAN_POINT('',(12.908351167305,-3.369558928327E-03,
    0.449999867518));
#8561 = CARTESIAN_POINT('',(12.863219643343,-1.007194887546E-02,
    0.450000496521));
#8562 = CARTESIAN_POINT('',(12.819221973665,-1.994336602623E-02,
    0.449809728011));
#8563 = CARTESIAN_POINT('',(12.776857570901,-3.267297897104E-02,
    0.449069449476));
#8564 = CARTESIAN_POINT('',(12.714703263901,-5.598869206814E-02,
    0.446579645371));
#8565 = CARTESIAN_POINT('',(12.693401045482,-6.491262932345E-02,
    0.445444043633));
#8566 = CARTESIAN_POINT('',(12.672712037011,-7.449667225413E-02,
    0.443993697281));
#8567 = CARTESIAN_POINT('',(12.652670181364,-8.467928636476E-02,
    0.442171679967));
#8568 = CARTESIAN_POINT('',(12.63330426363,-9.539503492161E-02,
    0.439922949562));
#8569 = CARTESIAN_POINT('',(12.563471721554,-0.137219353986,
    0.429727519352));
#8570 = CARTESIAN_POINT('',(12.517437041562,-0.171424904921,
    0.418659528163));
#8571 = CARTESIAN_POINT('',(12.477144700909,-0.207750110213,
    0.40293848902));
#8572 = CARTESIAN_POINT('',(12.442746552013,-0.244556280274,
    0.381812252666));
#8573 = CARTESIAN_POINT('',(12.413972869938,-0.280194400808,
    0.355104133543));
#8574 = CARTESIAN_POINT('',(12.380707017442,-0.326620455108,
    0.310113204385));
#8575 = CARTESIAN_POINT('',(12.37192931567,-0.339623439044,0.29620833137
    ));
#8576 = CARTESIAN_POINT('',(12.363981917871,-0.352071863146,
    0.281464895894));
#8577 = CARTESIAN_POINT('',(12.356825032933,-0.363869712288,
    0.265924083822));
#8578 = CARTESIAN_POINT('',(12.350416097157,-0.374929053228,
    0.249641107903));
#8579 = CARTESIAN_POINT('',(12.341467800707,-0.391001605177,
    0.223035455077));
#8580 = CARTESIAN_POINT('',(12.338451010308,-0.396566722809,
    0.213167918557));
#8581 = CARTESIAN_POINT('',(12.335654527995,-0.401854227845,
    0.203093493014));
#8582 = CARTESIAN_POINT('',(12.333070637442,-0.406851373455,
    0.192825112322));
#8583 = CARTESIAN_POINT('',(12.330691923525,-0.411546655968,
    0.182376585195));
#8584 = CARTESIAN_POINT('',(12.322999399826,-0.427008804884,
    0.144934389305));
#8585 = CARTESIAN_POINT('',(12.318754183143,-0.43609250591,
    0.117051904795));
#8586 = CARTESIAN_POINT('',(12.315660158036,-0.443017995275,
    8.834750235611E-02));
#8587 = CARTESIAN_POINT('',(12.313629584599,-0.447673022086,
    5.908376012275E-02));
#8588 = CARTESIAN_POINT('',(12.312613645757,-0.45,2.954019766729E-02));
#8589 = CARTESIAN_POINT('',(12.312613645757,-0.45,-2.936857113612E-02));
#8590 = CARTESIAN_POINT('',(12.313617806465,-0.447699982255,
    -5.874040735429E-02));
#8591 = CARTESIAN_POINT('',(12.315624865166,-0.443098913645,
    -8.78372898282E-02));
#8592 = CARTESIAN_POINT('',(12.318682485424,-0.436253034147,
    -0.116384553928));
#8593 = CARTESIAN_POINT('',(12.322876432064,-0.427272006177,
    -0.14412398563));
#8594 = CARTESIAN_POINT('',(12.330470112999,-0.411986552784,
    -0.181375561865));
#8595 = CARTESIAN_POINT('',(12.332815270509,-0.407349850786,
    -0.191762184942));
#8596 = CARTESIAN_POINT('',(12.335362153219,-0.402414939508,
    -0.201972192449));
#8597 = CARTESIAN_POINT('',(12.338117996664,-0.397193010038,
    -0.211992033617));
#8598 = CARTESIAN_POINT('',(12.341090337366,-0.391696462958,
    -0.22180900162));
#8599 = CARTESIAN_POINT('',(12.349859341466,-0.375902548132,
    -0.24814949578));
#8600 = CARTESIAN_POINT('',(12.356113835166,-0.365071878157,
    -0.264237318585));
#8601 = CARTESIAN_POINT('',(12.363090756404,-0.353520006202,
    -0.279609396599));
#8602 = CARTESIAN_POINT('',(12.37083082806,-0.341330330541,
    -0.294212434132));
#8603 = CARTESIAN_POINT('',(12.379372309808,-0.328593936142,
    -0.308006243357));
#8604 = CARTESIAN_POINT('',(12.412263444945,-0.282332792355,
    -0.353466325663));
#8605 = CARTESIAN_POINT('',(12.440989705123,-0.246476348608,
    -0.380661588528));
#8606 = CARTESIAN_POINT('',(12.475420489101,-0.209368562813,
    -0.402181396116));
#8607 = CARTESIAN_POINT('',(12.515842416652,-0.17269996903,-0.4181910147
    ));
#8608 = CARTESIAN_POINT('',(12.562106534814,-0.138152436022,
    -0.429452326547));
#8609 = CARTESIAN_POINT('',(12.632233813672,-9.59959280271E-02,
    -0.43979310565));
#8610 = CARTESIAN_POINT('',(12.651580477728,-8.524938988839E-02,
    -0.442063482321));
#8611 = CARTESIAN_POINT('',(12.671604864159,-7.503424599761E-02,
    -0.443904624885));
#8612 = CARTESIAN_POINT('',(12.692278385401,-6.541609973513E-02,
    -0.44537160319));
#8613 = CARTESIAN_POINT('',(12.713567269714,-5.645668208056E-02,
    -0.446521421768));
#8614 = CARTESIAN_POINT('',(12.775855986094,-3.297437854043E-02,
    -0.449051914395));
#8615 = CARTESIAN_POINT('',(12.818390006143,-2.013056754758E-02,
    -0.449806020508));
#8616 = CARTESIAN_POINT('',(12.862577604694,-1.016789812545E-02,
    -0.450000516618));
#8617 = CARTESIAN_POINT('',(12.907914370405,-3.402121878957E-03,
    -0.449999859777));
#8618 = CARTESIAN_POINT('',(12.953888192949,-1.9E-16,-0.45));
#8619 = CARTESIAN_POINT('',(13.,-1.4E-16,-0.45));
#8620 = PCURVE('',#8364,#8621);
#8621 = DEFINITIONAL_REPRESENTATION('',(#8622),#8685);
#8622 = B_SPLINE_CURVE_WITH_KNOTS('',6,(#8623,#8624,#8625,#8626,#8627,
    #8628,#8629,#8630,#8631,#8632,#8633,#8634,#8635,#8636,#8637,#8638,
    #8639,#8640,#8641,#8642,#8643,#8644,#8645,#8646,#8647,#8648,#8649,
    #8650,#8651,#8652,#8653,#8654,#8655,#8656,#8657,#8658,#8659,#8660,
    #8661,#8662,#8663,#8664,#8665,#8666,#8667,#8668,#8669,#8670,#8671,
    #8672,#8673,#8674,#8675,#8676,#8677,#8678,#8679,#8680,#8681,#8682,
    #8683,#8684),.UNSPECIFIED.,.F.,.F.,(7,5,5,5,5,5,5,5,5,5,5,5,7),(0.,
    0.102897321707,0.158784695104,0.311976073394,0.374499566375,
    0.410075503401,0.499998196308,0.589398444509,0.624715776658,
    0.68627966816,0.840688162913,0.89661183492,1.),.UNSPECIFIED.);
#8623 = CARTESIAN_POINT('',(4.712388980385,-25.65577376812));
#8624 = CARTESIAN_POINT('',(4.651201484851,-25.65577376812));
#8625 = CARTESIAN_POINT('',(4.590190534006,-25.65577363564));
#8626 = CARTESIAN_POINT('',(4.529602821902,-25.65577426464));
#8627 = CARTESIAN_POINT('',(4.469714212077,-25.65558349613));
#8628 = CARTESIAN_POINT('',(4.410865730797,-25.6548432176));
#8629 = CARTESIAN_POINT('',(4.322354284146,-25.65235341349));
#8630 = CARTESIAN_POINT('',(4.29158176644,-25.65121781176));
#8631 = CARTESIAN_POINT('',(4.261211215527,-25.6497674654));
#8632 = CARTESIAN_POINT('',(4.231266061113,-25.64794544809));
#8633 = CARTESIAN_POINT('',(4.201772790886,-25.64569671768));
#8634 = CARTESIAN_POINT('',(4.093240296229,-25.63550128747));
#8635 = CARTESIAN_POINT('',(4.017148733179,-25.62443329629));
#8636 = CARTESIAN_POINT('',(3.945269356474,-25.60871225714));
#8637 = CARTESIAN_POINT('',(3.878380217512,-25.58758602079));
#8638 = CARTESIAN_POINT('',(3.817409120563,-25.56087790167));
#8639 = CARTESIAN_POINT('',(3.741257278561,-25.51588697251));
#8640 = CARTESIAN_POINT('',(3.720347624805,-25.50198209949));
#8641 = CARTESIAN_POINT('',(3.700664351697,-25.48723866402));
#8642 = CARTESIAN_POINT('',(3.682271763212,-25.47169785194));
#8643 = CARTESIAN_POINT('',(3.665231386626,-25.45541487603));
#8644 = CARTESIAN_POINT('',(3.640703889657,-25.4288092232));
#8645 = CARTESIAN_POINT('',(3.63226411032,-25.41894168668));
#8646 = CARTESIAN_POINT('',(3.624289425593,-25.40886726114));
#8647 = CARTESIAN_POINT('',(3.616788996144,-25.39859888044));
#8648 = CARTESIAN_POINT('',(3.609771210821,-25.38815035332));
#8649 = CARTESIAN_POINT('',(3.586744541454,-25.35070815743));
#8650 = CARTESIAN_POINT('',(3.573379315727,-25.32282567292));
#8651 = CARTESIAN_POINT('',(3.563266952753,-25.29412127048));
#8652 = CARTESIAN_POINT('',(3.556494691968,-25.26485752825));
#8653 = CARTESIAN_POINT('',(3.553109499657,-25.23531396579));
#8654 = CARTESIAN_POINT('',(3.553109499657,-25.17640519699));
#8655 = CARTESIAN_POINT('',(3.556455472357,-25.14703336077));
#8656 = CARTESIAN_POINT('',(3.563149230022,-25.11793647829));
#8657 = CARTESIAN_POINT('',(3.573144921627,-25.08938921419));
#8658 = CARTESIAN_POINT('',(3.58635730929,-25.06164978249));
#8659 = CARTESIAN_POINT('',(3.609114347784,-25.02439820626));
#8660 = CARTESIAN_POINT('',(3.616042244401,-25.01401158318));
#8661 = CARTESIAN_POINT('',(3.623446320302,-25.00380157567));
#8662 = CARTESIAN_POINT('',(3.631318408588,-24.99378173451));
#8663 = CARTESIAN_POINT('',(3.639649589709,-24.9839647665));
#8664 = CARTESIAN_POINT('',(3.663736217753,-24.95762427234));
#8665 = CARTESIAN_POINT('',(3.680409714856,-24.94153644954));
#8666 = CARTESIAN_POINT('',(3.698397860617,-24.92616437152));
#8667 = CARTESIAN_POINT('',(3.717642225282,-24.91156133399));
#8668 = CARTESIAN_POINT('',(3.738081688262,-24.89776752477));
#8669 = CARTESIAN_POINT('',(3.813764302676,-24.85230744246));
#8670 = CARTESIAN_POINT('',(3.874922703998,-24.82511217959));
#8671 = CARTESIAN_POINT('',(3.942132856206,-24.80359237201));
#8672 = CARTESIAN_POINT('',(4.014438374103,-24.78758275342));
#8673 = CARTESIAN_POINT('',(4.091039353132,-24.77632144158));
#8674 = CARTESIAN_POINT('',(4.200136711539,-24.76598066247));
#8675 = CARTESIAN_POINT('',(4.229627443104,-24.7637102858));
#8676 = CARTESIAN_POINT('',(4.259571523554,-24.76186914324));
#8677 = CARTESIAN_POINT('',(4.289942488835,-24.76040216493));
#8678 = CARTESIAN_POINT('',(4.320716920347,-24.75925234635));
#8679 = CARTESIAN_POINT('',(4.40947429518,-24.75672185373));
#8680 = CARTESIAN_POINT('',(4.468581577602,-24.75596774761));
#8681 = CARTESIAN_POINT('',(4.528740781339,-24.7557732515));
#8682 = CARTESIAN_POINT('',(4.589608137281,-24.75577390835));
#8683 = CARTESIAN_POINT('',(4.650906570984,-24.75577376812));
#8684 = CARTESIAN_POINT('',(4.712388980385,-24.75577376812));
#8685 = ( GEOMETRIC_REPRESENTATION_CONTEXT(2) 
PARAMETRIC_REPRESENTATION_CONTEXT() REPRESENTATION_CONTEXT('2D SPACE',''
  ) );
#8686 = PCURVE('',#8687,#8692);
#8687 = CYLINDRICAL_SURFACE('',#8688,0.45);
#8688 = AXIS2_PLACEMENT_3D('',#8689,#8690,#8691);
#8689 = CARTESIAN_POINT('',(15.,0.,0.));
#8690 = DIRECTION('',(-1.,0.,0.));
#8691 = DIRECTION('',(0.,2.2E-16,1.));
#8692 = DEFINITIONAL_REPRESENTATION('',(#8693),#8756);
#8693 = B_SPLINE_CURVE_WITH_KNOTS('',6,(#8694,#8695,#8696,#8697,#8698,
    #8699,#8700,#8701,#8702,#8703,#8704,#8705,#8706,#8707,#8708,#8709,
    #8710,#8711,#8712,#8713,#8714,#8715,#8716,#8717,#8718,#8719,#8720,
    #8721,#8722,#8723,#8724,#8725,#8726,#8727,#8728,#8729,#8730,#8731,
    #8732,#8733,#8734,#8735,#8736,#8737,#8738,#8739,#8740,#8741,#8742,
    #8743,#8744,#8745,#8746,#8747,#8748,#8749,#8750,#8751,#8752,#8753,
    #8754,#8755),.UNSPECIFIED.,.F.,.F.,(7,5,5,5,5,5,5,5,5,5,5,5,7),(0.,
    0.102897321707,0.158784695104,0.311976073394,0.374499566375,
    0.410075503401,0.499998196308,0.589398444509,0.624715776658,
    0.68627966816,0.840688162913,0.89661183492,1.),.UNSPECIFIED.);
#8694 = CARTESIAN_POINT('',(0.,2.));
#8695 = CARTESIAN_POINT('',(-1.1E-16,2.04589062165));
#8696 = CARTESIAN_POINT('',(-7.48737208046E-03,2.091648832695));
#8697 = CARTESIAN_POINT('',(-2.238414168277E-02,2.136780356657));
#8698 = CARTESIAN_POINT('',(-4.431414355804E-02,2.180778026335));
#8699 = CARTESIAN_POINT('',(-7.261627253608E-02,2.223142429099));
#8700 = CARTESIAN_POINT('',(-0.124723550372,2.285296736099));
#8701 = CARTESIAN_POINT('',(-0.144710427846,2.306598954518));
#8702 = CARTESIAN_POINT('',(-0.166241071816,2.327287962989));
#8703 = CARTESIAN_POINT('',(-0.189214527473,2.347329818636));
#8704 = CARTESIAN_POINT('',(-0.213533277399,2.36669573637));
#8705 = CARTESIAN_POINT('',(-0.309197826669,2.436528278446));
#8706 = CARTESIAN_POINT('',(-0.38887392435,2.482562958438));
#8707 = CARTESIAN_POINT('',(-0.476187167598,2.522855299091));
#8708 = CARTESIAN_POINT('',(-0.569498005983,2.557253447987));
#8709 = CARTESIAN_POINT('',(-0.667675660238,2.586027130062));
#8710 = CARTESIAN_POINT('',(-0.81134129097,2.619292982558));
#8711 = CARTESIAN_POINT('',(-0.853595489351,2.62807068433));
#8712 = CARTESIAN_POINT('',(-0.896391370171,2.636018082129));
#8713 = CARTESIAN_POINT('',(-0.939661462916,2.643174967067));
#8714 = CARTESIAN_POINT('',(-0.983340894531,2.649583902843));
#8715 = CARTESIAN_POINT('',(-1.052415471814,2.658532199293));
#8716 = CARTESIAN_POINT('',(-1.077578943332,2.661548989692));
#8717 = CARTESIAN_POINT('',(-1.102845419548,2.664345472005));
#8718 = CARTESIAN_POINT('',(-1.128205043667,2.666929362558));
#8719 = CARTESIAN_POINT('',(-1.15364854761,2.669308076475));
#8720 = CARTESIAN_POINT('',(-1.24366901393,2.677000600174));
#8721 = CARTESIAN_POINT('',(-1.308643817489,2.681245816857));
#8722 = CARTESIAN_POINT('',(-1.373959251022,2.684339841964));
#8723 = CARTESIAN_POINT('',(-1.439499128094,2.686370415401));
#8724 = CARTESIAN_POINT('',(-1.50515144309,2.687386354243));
#8725 = CARTESIAN_POINT('',(-1.636059818208,2.687386354243));
#8726 = CARTESIAN_POINT('',(-1.701330521384,2.686382193535));
#8727 = CARTESIAN_POINT('',(-1.766490768752,2.684375134834));
#8728 = CARTESIAN_POINT('',(-1.831430522651,2.681317514576));
#8729 = CARTESIAN_POINT('',(-1.896035677089,2.677123567936));
#8730 = CARTESIAN_POINT('',(-1.985514966848,2.669529887001));
#8731 = CARTESIAN_POINT('',(-2.010779967292,2.667184729491));
#8732 = CARTESIAN_POINT('',(-2.035962891309,2.664637846781));
#8733 = CARTESIAN_POINT('',(-2.061054700246,2.661882003336));
#8734 = CARTESIAN_POINT('',(-2.086045786328,2.658909662634));
#8735 = CARTESIAN_POINT('',(-2.154296210398,2.650140658534));
#8736 = CARTESIAN_POINT('',(-2.197334474535,2.643886164834));
#8737 = CARTESIAN_POINT('',(-2.239979763262,2.636909243596));
#8738 = CARTESIAN_POINT('',(-2.282170472781,2.62916917194));
#8739 = CARTESIAN_POINT('',(-2.323842596204,2.620627690192));
#8740 = CARTESIAN_POINT('',(-2.467974094937,2.587736555055));
#8741 = CARTESIAN_POINT('',(-2.567167202603,2.559010294877));
#8742 = CARTESIAN_POINT('',(-2.661463059968,2.524579510899));
#8743 = CARTESIAN_POINT('',(-2.749710403642,2.484157583348));
#8744 = CARTESIAN_POINT('',(-2.83023539529,2.437893465186));
#8745 = CARTESIAN_POINT('',(-2.92669373732,2.367766186328));
#8746 = CARTESIAN_POINT('',(-2.951089242815,2.348419522272));
#8747 = CARTESIAN_POINT('',(-2.974141218481,2.328395135841));
#8748 = CARTESIAN_POINT('',(-2.995752222846,2.307721614599));
#8749 = CARTESIAN_POINT('',(-3.015821257539,2.286432730286));
#8750 = CARTESIAN_POINT('',(-3.068306268803,2.224144013906));
#8751 = CARTESIAN_POINT('',(-3.096862663374,2.181609993857));
#8752 = CARTESIAN_POINT('',(-3.118995202533,2.137422395306));
#8753 = CARTESIAN_POINT('',(-3.134032952414,2.092085629595));
#8754 = CARTESIAN_POINT('',(-3.14159265359,2.046111807051));
#8755 = CARTESIAN_POINT('',(-3.14159265359,2.));
#8756 = ( GEOMETRIC_REPRESENTATION_CONTEXT(2) 
PARAMETRIC_REPRESENTATION_CONTEXT() REPRESENTATION_CONTEXT('2D SPACE',''
  ) );
#8757 = ADVANCED_FACE('',(#8758),#8190,.F.);
#8758 = FACE_BOUND('',#8759,.F.);
#8759 = EDGE_LOOP('',(#8760,#8761,#8784,#8805));
#8760 = ORIENTED_EDGE('',*,*,#8508,.T.);
#8761 = ORIENTED_EDGE('',*,*,#8762,.F.);
#8762 = EDGE_CURVE('',#8763,#8509,#8765,.T.);
#8763 = VERTEX_POINT('',#8764);
#8764 = CARTESIAN_POINT('',(15.,0.,-0.45));
#8765 = SURFACE_CURVE('',#8766,(#8770,#8777),.PCURVE_S1.);
#8766 = LINE('',#8767,#8768);
#8767 = CARTESIAN_POINT('',(15.,0.,-0.45));
#8768 = VECTOR('',#8769,1.);
#8769 = DIRECTION('',(-1.,0.,0.));
#8770 = PCURVE('',#8190,#8771);
#8771 = DEFINITIONAL_REPRESENTATION('',(#8772),#8776);
#8772 = LINE('',#8773,#8774);
#8773 = CARTESIAN_POINT('',(2.,-24.75577376812));
#8774 = VECTOR('',#8775,1.);
#8775 = DIRECTION('',(-1.,-1.1E-32));
#8776 = ( GEOMETRIC_REPRESENTATION_CONTEXT(2) 
PARAMETRIC_REPRESENTATION_CONTEXT() REPRESENTATION_CONTEXT('2D SPACE',''
  ) );
#8777 = PCURVE('',#8687,#8778);
#8778 = DEFINITIONAL_REPRESENTATION('',(#8779),#8783);
#8779 = LINE('',#8780,#8781);
#8780 = CARTESIAN_POINT('',(-3.14159265359,0.));
#8781 = VECTOR('',#8782,1.);
#8782 = DIRECTION('',(-0.,1.));
#8783 = ( GEOMETRIC_REPRESENTATION_CONTEXT(2) 
PARAMETRIC_REPRESENTATION_CONTEXT() REPRESENTATION_CONTEXT('2D SPACE',''
  ) );
#8784 = ORIENTED_EDGE('',*,*,#8785,.F.);
#8785 = EDGE_CURVE('',#8146,#8763,#8786,.T.);
#8786 = SURFACE_CURVE('',#8787,(#8791,#8798),.PCURVE_S1.);
#8787 = LINE('',#8788,#8789);
#8788 = CARTESIAN_POINT('',(15.,-2.7E-15,-12.60288688406));
#8789 = VECTOR('',#8790,1.);
#8790 = DIRECTION('',(0.,2.2E-16,1.));
#8791 = PCURVE('',#8190,#8792);
#8792 = DEFINITIONAL_REPRESENTATION('',(#8793),#8797);
#8793 = LINE('',#8794,#8795);
#8794 = CARTESIAN_POINT('',(2.,-12.60288688406));
#8795 = VECTOR('',#8796,1.);
#8796 = DIRECTION('',(1.1E-32,-1.));
#8797 = ( GEOMETRIC_REPRESENTATION_CONTEXT(2) 
PARAMETRIC_REPRESENTATION_CONTEXT() REPRESENTATION_CONTEXT('2D SPACE',''
  ) );
#8798 = PCURVE('',#8162,#8799);
#8799 = DEFINITIONAL_REPRESENTATION('',(#8800),#8804);
#8800 = LINE('',#8801,#8802);
#8801 = CARTESIAN_POINT('',(-12.60288688406,-7.263511449397E-17));
#8802 = VECTOR('',#8803,1.);
#8803 = DIRECTION('',(1.,0.));
#8804 = ( GEOMETRIC_REPRESENTATION_CONTEXT(2) 
PARAMETRIC_REPRESENTATION_CONTEXT() REPRESENTATION_CONTEXT('2D SPACE',''
  ) );
#8805 = ORIENTED_EDGE('',*,*,#8174,.F.);
#8806 = ADVANCED_FACE('',(#8807),#8162,.T.);
#8807 = FACE_BOUND('',#8808,.T.);
#8808 = EDGE_LOOP('',(#8809,#8810,#8833,#8855));
#8809 = ORIENTED_EDGE('',*,*,#8145,.T.);
#8810 = ORIENTED_EDGE('',*,*,#8811,.F.);
#8811 = EDGE_CURVE('',#8812,#8118,#8814,.T.);
#8812 = VERTEX_POINT('',#8813);
#8813 = CARTESIAN_POINT('',(15.,0.,0.45));
#8814 = SURFACE_CURVE('',#8815,(#8819,#8826),.PCURVE_S1.);
#8815 = LINE('',#8816,#8817);
#8816 = CARTESIAN_POINT('',(15.,-2.7E-15,-12.60288688406));
#8817 = VECTOR('',#8818,1.);
#8818 = DIRECTION('',(0.,2.2E-16,1.));
#8819 = PCURVE('',#8162,#8820);
#8820 = DEFINITIONAL_REPRESENTATION('',(#8821),#8825);
#8821 = LINE('',#8822,#8823);
#8822 = CARTESIAN_POINT('',(-12.60288688406,-7.263511449397E-17));
#8823 = VECTOR('',#8824,1.);
#8824 = DIRECTION('',(1.,0.));
#8825 = ( GEOMETRIC_REPRESENTATION_CONTEXT(2) 
PARAMETRIC_REPRESENTATION_CONTEXT() REPRESENTATION_CONTEXT('2D SPACE',''
  ) );
#8826 = PCURVE('',#8133,#8827);
#8827 = DEFINITIONAL_REPRESENTATION('',(#8828),#8832);
#8828 = LINE('',#8829,#8830);
#8829 = CARTESIAN_POINT('',(2.,-12.60288688406));
#8830 = VECTOR('',#8831,1.);
#8831 = DIRECTION('',(1.1E-32,-1.));
#8832 = ( GEOMETRIC_REPRESENTATION_CONTEXT(2) 
PARAMETRIC_REPRESENTATION_CONTEXT() REPRESENTATION_CONTEXT('2D SPACE',''
  ) );
#8833 = ORIENTED_EDGE('',*,*,#8834,.F.);
#8834 = EDGE_CURVE('',#8763,#8812,#8835,.T.);
#8835 = SURFACE_CURVE('',#8836,(#8841,#8848),.PCURVE_S1.);
#8836 = CIRCLE('',#8837,0.45);
#8837 = AXIS2_PLACEMENT_3D('',#8838,#8839,#8840);
#8838 = CARTESIAN_POINT('',(15.,0.,0.));
#8839 = DIRECTION('',(1.,0.,-0.));
#8840 = DIRECTION('',(0.,2.2E-16,1.));
#8841 = PCURVE('',#8162,#8842);
#8842 = DEFINITIONAL_REPRESENTATION('',(#8843),#8847);
#8843 = CIRCLE('',#8844,0.45);
#8844 = AXIS2_PLACEMENT_2D('',#8845,#8846);
#8845 = CARTESIAN_POINT('',(0.,0.));
#8846 = DIRECTION('',(1.,0.));
#8847 = ( GEOMETRIC_REPRESENTATION_CONTEXT(2) 
PARAMETRIC_REPRESENTATION_CONTEXT() REPRESENTATION_CONTEXT('2D SPACE',''
  ) );
#8848 = PCURVE('',#8687,#8849);
#8849 = DEFINITIONAL_REPRESENTATION('',(#8850),#8854);
#8850 = LINE('',#8851,#8852);
#8851 = CARTESIAN_POINT('',(-0.,0.));
#8852 = VECTOR('',#8853,1.);
#8853 = DIRECTION('',(-1.,0.));
#8854 = ( GEOMETRIC_REPRESENTATION_CONTEXT(2) 
PARAMETRIC_REPRESENTATION_CONTEXT() REPRESENTATION_CONTEXT('2D SPACE',''
  ) );
#8855 = ORIENTED_EDGE('',*,*,#8785,.F.);
#8856 = ADVANCED_FACE('',(#8857),#8133,.F.);
#8857 = FACE_BOUND('',#8858,.F.);
#8858 = EDGE_LOOP('',(#8859,#8880,#8881,#8882));
#8859 = ORIENTED_EDGE('',*,*,#8860,.T.);
#8860 = EDGE_CURVE('',#8812,#8533,#8861,.T.);
#8861 = SURFACE_CURVE('',#8862,(#8866,#8873),.PCURVE_S1.);
#8862 = LINE('',#8863,#8864);
#8863 = CARTESIAN_POINT('',(15.,-1.E-16,0.45));
#8864 = VECTOR('',#8865,1.);
#8865 = DIRECTION('',(-1.,0.,0.));
#8866 = PCURVE('',#8133,#8867);
#8867 = DEFINITIONAL_REPRESENTATION('',(#8868),#8872);
#8868 = LINE('',#8869,#8870);
#8869 = CARTESIAN_POINT('',(2.,-25.65577376812));
#8870 = VECTOR('',#8871,1.);
#8871 = DIRECTION('',(-1.,-1.1E-32));
#8872 = ( GEOMETRIC_REPRESENTATION_CONTEXT(2) 
PARAMETRIC_REPRESENTATION_CONTEXT() REPRESENTATION_CONTEXT('2D SPACE',''
  ) );
#8873 = PCURVE('',#8687,#8874);
#8874 = DEFINITIONAL_REPRESENTATION('',(#8875),#8879);
#8875 = LINE('',#8876,#8877);
#8876 = CARTESIAN_POINT('',(-6.28318530718,0.));
#8877 = VECTOR('',#8878,1.);
#8878 = DIRECTION('',(-0.,1.));
#8879 = ( GEOMETRIC_REPRESENTATION_CONTEXT(2) 
PARAMETRIC_REPRESENTATION_CONTEXT() REPRESENTATION_CONTEXT('2D SPACE',''
  ) );
#8880 = ORIENTED_EDGE('',*,*,#8532,.T.);
#8881 = ORIENTED_EDGE('',*,*,#8117,.T.);
#8882 = ORIENTED_EDGE('',*,*,#8811,.F.);
#8883 = ADVANCED_FACE('',(#8884,#8887),#8492,.F.);
#8884 = FACE_BOUND('',#8885,.F.);
#8885 = EDGE_LOOP('',(#8886));
#8886 = ORIENTED_EDGE('',*,*,#8477,.T.);
#8887 = FACE_BOUND('',#8888,.F.);
#8888 = EDGE_LOOP('',(#8889));
#8889 = ORIENTED_EDGE('',*,*,#8890,.F.);
#8890 = EDGE_CURVE('',#8891,#8891,#8893,.T.);
#8891 = VERTEX_POINT('',#8892);
#8892 = CARTESIAN_POINT('',(4.5,0.,0.75));
#8893 = SURFACE_CURVE('',#8894,(#8899,#8906),.PCURVE_S1.);
#8894 = CIRCLE('',#8895,0.75);
#8895 = AXIS2_PLACEMENT_3D('',#8896,#8897,#8898);
#8896 = CARTESIAN_POINT('',(4.5,0.,0.));
#8897 = DIRECTION('',(1.,0.,-0.));
#8898 = DIRECTION('',(0.,2.2E-16,1.));
#8899 = PCURVE('',#8492,#8900);
#8900 = DEFINITIONAL_REPRESENTATION('',(#8901),#8905);
#8901 = CIRCLE('',#8902,0.75);
#8902 = AXIS2_PLACEMENT_2D('',#8903,#8904);
#8903 = CARTESIAN_POINT('',(0.,0.));
#8904 = DIRECTION('',(1.,0.));
#8905 = ( GEOMETRIC_REPRESENTATION_CONTEXT(2) 
PARAMETRIC_REPRESENTATION_CONTEXT() REPRESENTATION_CONTEXT('2D SPACE',''
  ) );
#8906 = PCURVE('',#8907,#8912);
#8907 = CYLINDRICAL_SURFACE('',#8908,0.75);
#8908 = AXIS2_PLACEMENT_3D('',#8909,#8910,#8911);
#8909 = CARTESIAN_POINT('',(4.5,0.,0.));
#8910 = DIRECTION('',(-1.,0.,0.));
#8911 = DIRECTION('',(0.,2.2E-16,1.));
#8912 = DEFINITIONAL_REPRESENTATION('',(#8913),#8917);
#8913 = LINE('',#8914,#8915);
#8914 = CARTESIAN_POINT('',(-0.,0.));
#8915 = VECTOR('',#8916,1.);
#8916 = DIRECTION('',(-1.,0.));
#8917 = ( GEOMETRIC_REPRESENTATION_CONTEXT(2) 
PARAMETRIC_REPRESENTATION_CONTEXT() REPRESENTATION_CONTEXT('2D SPACE',''
  ) );
#8918 = ADVANCED_FACE('',(#8919),#8687,.F.);
#8919 = FACE_BOUND('',#8920,.T.);
#8920 = EDGE_LOOP('',(#8921,#8922,#8923,#8946,#8973,#8974,#8975));
#8921 = ORIENTED_EDGE('',*,*,#8834,.T.);
#8922 = ORIENTED_EDGE('',*,*,#8860,.T.);
#8923 = ORIENTED_EDGE('',*,*,#8924,.T.);
#8924 = EDGE_CURVE('',#8533,#8925,#8927,.T.);
#8925 = VERTEX_POINT('',#8926);
#8926 = CARTESIAN_POINT('',(10.539269244248,0.,0.45));
#8927 = SEAM_CURVE('',#8928,(#8932,#8939),.PCURVE_S1.);
#8928 = LINE('',#8929,#8930);
#8929 = CARTESIAN_POINT('',(15.,-1.E-16,0.45));
#8930 = VECTOR('',#8931,1.);
#8931 = DIRECTION('',(-1.,0.,0.));
#8932 = PCURVE('',#8687,#8933);
#8933 = DEFINITIONAL_REPRESENTATION('',(#8934),#8938);
#8934 = LINE('',#8935,#8936);
#8935 = CARTESIAN_POINT('',(-0.,0.));
#8936 = VECTOR('',#8937,1.);
#8937 = DIRECTION('',(-0.,1.));
#8938 = ( GEOMETRIC_REPRESENTATION_CONTEXT(2) 
PARAMETRIC_REPRESENTATION_CONTEXT() REPRESENTATION_CONTEXT('2D SPACE',''
  ) );
#8939 = PCURVE('',#8687,#8940);
#8940 = DEFINITIONAL_REPRESENTATION('',(#8941),#8945);
#8941 = LINE('',#8942,#8943);
#8942 = CARTESIAN_POINT('',(-6.28318530718,0.));
#8943 = VECTOR('',#8944,1.);
#8944 = DIRECTION('',(-0.,1.));
#8945 = ( GEOMETRIC_REPRESENTATION_CONTEXT(2) 
PARAMETRIC_REPRESENTATION_CONTEXT() REPRESENTATION_CONTEXT('2D SPACE',''
  ) );
#8946 = ORIENTED_EDGE('',*,*,#8947,.F.);
#8947 = EDGE_CURVE('',#8925,#8925,#8948,.T.);
#8948 = SURFACE_CURVE('',#8949,(#8954,#8961),.PCURVE_S1.);
#8949 = CIRCLE('',#8950,0.45);
#8950 = AXIS2_PLACEMENT_3D('',#8951,#8952,#8953);
#8951 = CARTESIAN_POINT('',(10.539269244248,0.,0.));
#8952 = DIRECTION('',(1.,0.,-0.));
#8953 = DIRECTION('',(0.,2.2E-16,1.));
#8954 = PCURVE('',#8687,#8955);
#8955 = DEFINITIONAL_REPRESENTATION('',(#8956),#8960);
#8956 = LINE('',#8957,#8958);
#8957 = CARTESIAN_POINT('',(-0.,4.460730755752));
#8958 = VECTOR('',#8959,1.);
#8959 = DIRECTION('',(-1.,0.));
#8960 = ( GEOMETRIC_REPRESENTATION_CONTEXT(2) 
PARAMETRIC_REPRESENTATION_CONTEXT() REPRESENTATION_CONTEXT('2D SPACE',''
  ) );
#8961 = PCURVE('',#8962,#8967);
#8962 = CONICAL_SURFACE('',#8963,0.45,1.082104136236);
#8963 = AXIS2_PLACEMENT_3D('',#8964,#8965,#8966);
#8964 = CARTESIAN_POINT('',(10.539269244248,0.,0.));
#8965 = DIRECTION('',(1.,0.,0.));
#8966 = DIRECTION('',(0.,2.2E-16,1.));
#8967 = DEFINITIONAL_REPRESENTATION('',(#8968),#8972);
#8968 = LINE('',#8969,#8970);
#8969 = CARTESIAN_POINT('',(0.,-0.));
#8970 = VECTOR('',#8971,1.);
#8971 = DIRECTION('',(1.,-0.));
#8972 = ( GEOMETRIC_REPRESENTATION_CONTEXT(2) 
PARAMETRIC_REPRESENTATION_CONTEXT() REPRESENTATION_CONTEXT('2D SPACE',''
  ) );
#8973 = ORIENTED_EDGE('',*,*,#8924,.F.);
#8974 = ORIENTED_EDGE('',*,*,#8555,.T.);
#8975 = ORIENTED_EDGE('',*,*,#8762,.F.);
#8976 = ADVANCED_FACE('',(#8977),#8907,.T.);
#8977 = FACE_BOUND('',#8978,.F.);
#8978 = EDGE_LOOP('',(#8979,#9002,#9003,#9004,#9037,#9065,#9094,#9117,
    #9145,#9173,#9202,#9225));
#8979 = ORIENTED_EDGE('',*,*,#8980,.F.);
#8980 = EDGE_CURVE('',#8891,#8981,#8983,.T.);
#8981 = VERTEX_POINT('',#8982);
#8982 = CARTESIAN_POINT('',(3.,0.,0.75));
#8983 = SEAM_CURVE('',#8984,(#8988,#8995),.PCURVE_S1.);
#8984 = LINE('',#8985,#8986);
#8985 = CARTESIAN_POINT('',(4.5,-1.7E-16,0.75));
#8986 = VECTOR('',#8987,1.);
#8987 = DIRECTION('',(-1.,0.,0.));
#8988 = PCURVE('',#8907,#8989);
#8989 = DEFINITIONAL_REPRESENTATION('',(#8990),#8994);
#8990 = LINE('',#8991,#8992);
#8991 = CARTESIAN_POINT('',(-0.,0.));
#8992 = VECTOR('',#8993,1.);
#8993 = DIRECTION('',(-0.,1.));
#8994 = ( GEOMETRIC_REPRESENTATION_CONTEXT(2) 
PARAMETRIC_REPRESENTATION_CONTEXT() REPRESENTATION_CONTEXT('2D SPACE',''
  ) );
#8995 = PCURVE('',#8907,#8996);
#8996 = DEFINITIONAL_REPRESENTATION('',(#8997),#9001);
#8997 = LINE('',#8998,#8999);
#8998 = CARTESIAN_POINT('',(-6.28318530718,0.));
#8999 = VECTOR('',#9000,1.);
#9000 = DIRECTION('',(-0.,1.));
#9001 = ( GEOMETRIC_REPRESENTATION_CONTEXT(2) 
PARAMETRIC_REPRESENTATION_CONTEXT() REPRESENTATION_CONTEXT('2D SPACE',''
  ) );
#9002 = ORIENTED_EDGE('',*,*,#8890,.T.);
#9003 = ORIENTED_EDGE('',*,*,#8980,.T.);
#9004 = ORIENTED_EDGE('',*,*,#9005,.T.);
#9005 = EDGE_CURVE('',#8981,#9006,#9008,.T.);
#9006 = VERTEX_POINT('',#9007);
#9007 = CARTESIAN_POINT('',(3.,7.5E-02,0.74624057783));
#9008 = SURFACE_CURVE('',#9009,(#9014,#9021),.PCURVE_S1.);
#9009 = CIRCLE('',#9010,0.75);
#9010 = AXIS2_PLACEMENT_3D('',#9011,#9012,#9013);
#9011 = CARTESIAN_POINT('',(3.,0.,0.));
#9012 = DIRECTION('',(-1.,0.,0.));
#9013 = DIRECTION('',(0.,2.2E-16,1.));
#9014 = PCURVE('',#8907,#9015);
#9015 = DEFINITIONAL_REPRESENTATION('',(#9016),#9020);
#9016 = LINE('',#9017,#9018);
#9017 = CARTESIAN_POINT('',(-6.28318530718,1.5));
#9018 = VECTOR('',#9019,1.);
#9019 = DIRECTION('',(1.,-0.));
#9020 = ( GEOMETRIC_REPRESENTATION_CONTEXT(2) 
PARAMETRIC_REPRESENTATION_CONTEXT() REPRESENTATION_CONTEXT('2D SPACE',''
  ) );
#9021 = PCURVE('',#9022,#9027);
#9022 = PLANE('',#9023);
#9023 = AXIS2_PLACEMENT_3D('',#9024,#9025,#9026);
#9024 = CARTESIAN_POINT('',(3.,7.499999999999E-02,-25.20577376812));
#9025 = DIRECTION('',(1.,0.,0.));
#9026 = DIRECTION('',(0.,-1.,2.2E-16));
#9027 = DEFINITIONAL_REPRESENTATION('',(#9028),#9036);
#9028 = ( BOUNDED_CURVE() B_SPLINE_CURVE(2,(#9029,#9030,#9031,#9032,
#9033,#9034,#9035),.UNSPECIFIED.,.T.,.F.) B_SPLINE_CURVE_WITH_KNOTS((1,2
    ,2,2,2,1),(-2.094395102393,0.,2.094395102393,4.188790204786,
6.28318530718,8.377580409573),.UNSPECIFIED.) CURVE() 
GEOMETRIC_REPRESENTATION_ITEM() RATIONAL_B_SPLINE_CURVE((1.,0.5,1.,0.5,
1.,0.5,1.)) REPRESENTATION_ITEM('') );
#9029 = CARTESIAN_POINT('',(7.5E-02,-25.95577376812));
#9030 = CARTESIAN_POINT('',(-1.224038105677,-25.95577376812));
#9031 = CARTESIAN_POINT('',(-0.574519052838,-24.83077376812));
#9032 = CARTESIAN_POINT('',(7.5E-02,-23.70577376812));
#9033 = CARTESIAN_POINT('',(0.724519052838,-24.83077376812));
#9034 = CARTESIAN_POINT('',(1.374038105677,-25.95577376812));
#9035 = CARTESIAN_POINT('',(7.5E-02,-25.95577376812));
#9036 = ( GEOMETRIC_REPRESENTATION_CONTEXT(2) 
PARAMETRIC_REPRESENTATION_CONTEXT() REPRESENTATION_CONTEXT('2D SPACE',''
  ) );
#9037 = ORIENTED_EDGE('',*,*,#9038,.T.);
#9038 = EDGE_CURVE('',#9006,#9039,#9041,.T.);
#9039 = VERTEX_POINT('',#9040);
#9040 = CARTESIAN_POINT('',(-6.25,7.5E-02,0.74624057783));
#9041 = SURFACE_CURVE('',#9042,(#9046,#9053),.PCURVE_S1.);
#9042 = LINE('',#9043,#9044);
#9043 = CARTESIAN_POINT('',(4.5,7.5E-02,0.74624057783));
#9044 = VECTOR('',#9045,1.);
#9045 = DIRECTION('',(-1.,0.,0.));
#9046 = PCURVE('',#8907,#9047);
#9047 = DEFINITIONAL_REPRESENTATION('',(#9048),#9052);
#9048 = LINE('',#9049,#9050);
#9049 = CARTESIAN_POINT('',(-6.183017886018,0.));
#9050 = VECTOR('',#9051,1.);
#9051 = DIRECTION('',(-0.,1.));
#9052 = ( GEOMETRIC_REPRESENTATION_CONTEXT(2) 
PARAMETRIC_REPRESENTATION_CONTEXT() REPRESENTATION_CONTEXT('2D SPACE',''
  ) );
#9053 = PCURVE('',#9054,#9059);
#9054 = PLANE('',#9055);
#9055 = AXIS2_PLACEMENT_3D('',#9056,#9057,#9058);
#9056 = CARTESIAN_POINT('',(-7.,7.499999999999E-02,-25.20577376812));
#9057 = DIRECTION('',(0.,1.,-2.2E-16));
#9058 = DIRECTION('',(1.,0.,0.));
#9059 = DEFINITIONAL_REPRESENTATION('',(#9060),#9064);
#9060 = LINE('',#9061,#9062);
#9061 = CARTESIAN_POINT('',(11.5,-25.95201434595));
#9062 = VECTOR('',#9063,1.);
#9063 = DIRECTION('',(-1.,-0.));
#9064 = ( GEOMETRIC_REPRESENTATION_CONTEXT(2) 
PARAMETRIC_REPRESENTATION_CONTEXT() REPRESENTATION_CONTEXT('2D SPACE',''
  ) );
#9065 = ORIENTED_EDGE('',*,*,#9066,.F.);
#9066 = EDGE_CURVE('',#9067,#9039,#9069,.T.);
#9067 = VERTEX_POINT('',#9068);
#9068 = CARTESIAN_POINT('',(-6.25,7.5E-02,-0.74624057783));
#9069 = SURFACE_CURVE('',#9070,(#9075,#9082),.PCURVE_S1.);
#9070 = CIRCLE('',#9071,0.75);
#9071 = AXIS2_PLACEMENT_3D('',#9072,#9073,#9074);
#9072 = CARTESIAN_POINT('',(-6.25,0.,0.));
#9073 = DIRECTION('',(1.,0.,-0.));
#9074 = DIRECTION('',(0.,2.2E-16,1.));
#9075 = PCURVE('',#8907,#9076);
#9076 = DEFINITIONAL_REPRESENTATION('',(#9077),#9081);
#9077 = LINE('',#9078,#9079);
#9078 = CARTESIAN_POINT('',(-0.,10.75));
#9079 = VECTOR('',#9080,1.);
#9080 = DIRECTION('',(-1.,0.));
#9081 = ( GEOMETRIC_REPRESENTATION_CONTEXT(2) 
PARAMETRIC_REPRESENTATION_CONTEXT() REPRESENTATION_CONTEXT('2D SPACE',''
  ) );
#9082 = PCURVE('',#9083,#9088);
#9083 = SPHERICAL_SURFACE('',#9084,0.75);
#9084 = AXIS2_PLACEMENT_3D('',#9085,#9086,#9087);
#9085 = CARTESIAN_POINT('',(-6.25,0.,0.));
#9086 = DIRECTION('',(-1.,0.,0.));
#9087 = DIRECTION('',(0.,2.2E-16,1.));
#9088 = DEFINITIONAL_REPRESENTATION('',(#9089),#9093);
#9089 = LINE('',#9090,#9091);
#9090 = CARTESIAN_POINT('',(-0.,0.));
#9091 = VECTOR('',#9092,1.);
#9092 = DIRECTION('',(-1.,0.));
#9093 = ( GEOMETRIC_REPRESENTATION_CONTEXT(2) 
PARAMETRIC_REPRESENTATION_CONTEXT() REPRESENTATION_CONTEXT('2D SPACE',''
  ) );
#9094 = ORIENTED_EDGE('',*,*,#9095,.F.);
#9095 = EDGE_CURVE('',#9096,#9067,#9098,.T.);
#9096 = VERTEX_POINT('',#9097);
#9097 = CARTESIAN_POINT('',(3.,7.5E-02,-0.74624057783));
#9098 = SURFACE_CURVE('',#9099,(#9103,#9110),.PCURVE_S1.);
#9099 = LINE('',#9100,#9101);
#9100 = CARTESIAN_POINT('',(4.5,7.5E-02,-0.74624057783));
#9101 = VECTOR('',#9102,1.);
#9102 = DIRECTION('',(-1.,0.,0.));
#9103 = PCURVE('',#8907,#9104);
#9104 = DEFINITIONAL_REPRESENTATION('',(#9105),#9109);
#9105 = LINE('',#9106,#9107);
#9106 = CARTESIAN_POINT('',(-3.241760074751,0.));
#9107 = VECTOR('',#9108,1.);
#9108 = DIRECTION('',(-0.,1.));
#9109 = ( GEOMETRIC_REPRESENTATION_CONTEXT(2) 
PARAMETRIC_REPRESENTATION_CONTEXT() REPRESENTATION_CONTEXT('2D SPACE',''
  ) );
#9110 = PCURVE('',#9054,#9111);
#9111 = DEFINITIONAL_REPRESENTATION('',(#9112),#9116);
#9112 = LINE('',#9113,#9114);
#9113 = CARTESIAN_POINT('',(11.5,-24.45953319029));
#9114 = VECTOR('',#9115,1.);
#9115 = DIRECTION('',(-1.,-0.));
#9116 = ( GEOMETRIC_REPRESENTATION_CONTEXT(2) 
PARAMETRIC_REPRESENTATION_CONTEXT() REPRESENTATION_CONTEXT('2D SPACE',''
  ) );
#9117 = ORIENTED_EDGE('',*,*,#9118,.T.);
#9118 = EDGE_CURVE('',#9096,#9119,#9121,.T.);
#9119 = VERTEX_POINT('',#9120);
#9120 = CARTESIAN_POINT('',(3.,-7.5E-02,-0.74624057783));
#9121 = SURFACE_CURVE('',#9122,(#9127,#9134),.PCURVE_S1.);
#9122 = CIRCLE('',#9123,0.75);
#9123 = AXIS2_PLACEMENT_3D('',#9124,#9125,#9126);
#9124 = CARTESIAN_POINT('',(3.,0.,0.));
#9125 = DIRECTION('',(-1.,0.,0.));
#9126 = DIRECTION('',(0.,2.2E-16,1.));
#9127 = PCURVE('',#8907,#9128);
#9128 = DEFINITIONAL_REPRESENTATION('',(#9129),#9133);
#9129 = LINE('',#9130,#9131);
#9130 = CARTESIAN_POINT('',(-6.28318530718,1.5));
#9131 = VECTOR('',#9132,1.);
#9132 = DIRECTION('',(1.,-0.));
#9133 = ( GEOMETRIC_REPRESENTATION_CONTEXT(2) 
PARAMETRIC_REPRESENTATION_CONTEXT() REPRESENTATION_CONTEXT('2D SPACE',''
  ) );
#9134 = PCURVE('',#9022,#9135);
#9135 = DEFINITIONAL_REPRESENTATION('',(#9136),#9144);
#9136 = ( BOUNDED_CURVE() B_SPLINE_CURVE(2,(#9137,#9138,#9139,#9140,
#9141,#9142,#9143),.UNSPECIFIED.,.T.,.F.) B_SPLINE_CURVE_WITH_KNOTS((1,2
    ,2,2,2,1),(-2.094395102393,0.,2.094395102393,4.188790204786,
6.28318530718,8.377580409573),.UNSPECIFIED.) CURVE() 
GEOMETRIC_REPRESENTATION_ITEM() RATIONAL_B_SPLINE_CURVE((1.,0.5,1.,0.5,
1.,0.5,1.)) REPRESENTATION_ITEM('') );
#9137 = CARTESIAN_POINT('',(7.5E-02,-25.95577376812));
#9138 = CARTESIAN_POINT('',(-1.224038105677,-25.95577376812));
#9139 = CARTESIAN_POINT('',(-0.574519052838,-24.83077376812));
#9140 = CARTESIAN_POINT('',(7.5E-02,-23.70577376812));
#9141 = CARTESIAN_POINT('',(0.724519052838,-24.83077376812));
#9142 = CARTESIAN_POINT('',(1.374038105677,-25.95577376812));
#9143 = CARTESIAN_POINT('',(7.5E-02,-25.95577376812));
#9144 = ( GEOMETRIC_REPRESENTATION_CONTEXT(2) 
PARAMETRIC_REPRESENTATION_CONTEXT() REPRESENTATION_CONTEXT('2D SPACE',''
  ) );
#9145 = ORIENTED_EDGE('',*,*,#9146,.T.);
#9146 = EDGE_CURVE('',#9119,#9147,#9149,.T.);
#9147 = VERTEX_POINT('',#9148);
#9148 = CARTESIAN_POINT('',(-6.25,-7.5E-02,-0.74624057783));
#9149 = SURFACE_CURVE('',#9150,(#9154,#9161),.PCURVE_S1.);
#9150 = LINE('',#9151,#9152);
#9151 = CARTESIAN_POINT('',(4.5,-7.5E-02,-0.74624057783));
#9152 = VECTOR('',#9153,1.);
#9153 = DIRECTION('',(-1.,0.,0.));
#9154 = PCURVE('',#8907,#9155);
#9155 = DEFINITIONAL_REPRESENTATION('',(#9156),#9160);
#9156 = LINE('',#9157,#9158);
#9157 = CARTESIAN_POINT('',(-3.041425232428,0.));
#9158 = VECTOR('',#9159,1.);
#9159 = DIRECTION('',(-0.,1.));
#9160 = ( GEOMETRIC_REPRESENTATION_CONTEXT(2) 
PARAMETRIC_REPRESENTATION_CONTEXT() REPRESENTATION_CONTEXT('2D SPACE',''
  ) );
#9161 = PCURVE('',#9162,#9167);
#9162 = PLANE('',#9163);
#9163 = AXIS2_PLACEMENT_3D('',#9164,#9165,#9166);
#9164 = CARTESIAN_POINT('',(3.,-7.500000000001E-02,-25.20577376812));
#9165 = DIRECTION('',(0.,-1.,2.2E-16));
#9166 = DIRECTION('',(-1.,0.,0.));
#9167 = DEFINITIONAL_REPRESENTATION('',(#9168),#9172);
#9168 = LINE('',#9169,#9170);
#9169 = CARTESIAN_POINT('',(-1.5,-24.45953319029));
#9170 = VECTOR('',#9171,1.);
#9171 = DIRECTION('',(1.,0.));
#9172 = ( GEOMETRIC_REPRESENTATION_CONTEXT(2) 
PARAMETRIC_REPRESENTATION_CONTEXT() REPRESENTATION_CONTEXT('2D SPACE',''
  ) );
#9173 = ORIENTED_EDGE('',*,*,#9174,.F.);
#9174 = EDGE_CURVE('',#9175,#9147,#9177,.T.);
#9175 = VERTEX_POINT('',#9176);
#9176 = CARTESIAN_POINT('',(-6.25,-7.5E-02,0.74624057783));
#9177 = SURFACE_CURVE('',#9178,(#9183,#9190),.PCURVE_S1.);
#9178 = CIRCLE('',#9179,0.75);
#9179 = AXIS2_PLACEMENT_3D('',#9180,#9181,#9182);
#9180 = CARTESIAN_POINT('',(-6.25,0.,0.));
#9181 = DIRECTION('',(1.,0.,-0.));
#9182 = DIRECTION('',(0.,2.2E-16,1.));
#9183 = PCURVE('',#8907,#9184);
#9184 = DEFINITIONAL_REPRESENTATION('',(#9185),#9189);
#9185 = LINE('',#9186,#9187);
#9186 = CARTESIAN_POINT('',(-0.,10.75));
#9187 = VECTOR('',#9188,1.);
#9188 = DIRECTION('',(-1.,0.));
#9189 = ( GEOMETRIC_REPRESENTATION_CONTEXT(2) 
PARAMETRIC_REPRESENTATION_CONTEXT() REPRESENTATION_CONTEXT('2D SPACE',''
  ) );
#9190 = PCURVE('',#9191,#9196);
#9191 = SPHERICAL_SURFACE('',#9192,0.75);
#9192 = AXIS2_PLACEMENT_3D('',#9193,#9194,#9195);
#9193 = CARTESIAN_POINT('',(-6.25,0.,0.));
#9194 = DIRECTION('',(-1.,0.,0.));
#9195 = DIRECTION('',(0.,2.2E-16,1.));
#9196 = DEFINITIONAL_REPRESENTATION('',(#9197),#9201);
#9197 = LINE('',#9198,#9199);
#9198 = CARTESIAN_POINT('',(-0.,0.));
#9199 = VECTOR('',#9200,1.);
#9200 = DIRECTION('',(-1.,0.));
#9201 = ( GEOMETRIC_REPRESENTATION_CONTEXT(2) 
PARAMETRIC_REPRESENTATION_CONTEXT() REPRESENTATION_CONTEXT('2D SPACE',''
  ) );
#9202 = ORIENTED_EDGE('',*,*,#9203,.F.);
#9203 = EDGE_CURVE('',#9204,#9175,#9206,.T.);
#9204 = VERTEX_POINT('',#9205);
#9205 = CARTESIAN_POINT('',(3.,-7.5E-02,0.74624057783));
#9206 = SURFACE_CURVE('',#9207,(#9211,#9218),.PCURVE_S1.);
#9207 = LINE('',#9208,#9209);
#9208 = CARTESIAN_POINT('',(4.5,-7.5E-02,0.74624057783));
#9209 = VECTOR('',#9210,1.);
#9210 = DIRECTION('',(-1.,0.,0.));
#9211 = PCURVE('',#8907,#9212);
#9212 = DEFINITIONAL_REPRESENTATION('',(#9213),#9217);
#9213 = LINE('',#9214,#9215);
#9214 = CARTESIAN_POINT('',(-0.100167421162,0.));
#9215 = VECTOR('',#9216,1.);
#9216 = DIRECTION('',(-0.,1.));
#9217 = ( GEOMETRIC_REPRESENTATION_CONTEXT(2) 
PARAMETRIC_REPRESENTATION_CONTEXT() REPRESENTATION_CONTEXT('2D SPACE',''
  ) );
#9218 = PCURVE('',#9162,#9219);
#9219 = DEFINITIONAL_REPRESENTATION('',(#9220),#9224);
#9220 = LINE('',#9221,#9222);
#9221 = CARTESIAN_POINT('',(-1.5,-25.95201434595));
#9222 = VECTOR('',#9223,1.);
#9223 = DIRECTION('',(1.,0.));
#9224 = ( GEOMETRIC_REPRESENTATION_CONTEXT(2) 
PARAMETRIC_REPRESENTATION_CONTEXT() REPRESENTATION_CONTEXT('2D SPACE',''
  ) );
#9225 = ORIENTED_EDGE('',*,*,#9226,.T.);
#9226 = EDGE_CURVE('',#9204,#8981,#9227,.T.);
#9227 = SURFACE_CURVE('',#9228,(#9233,#9240),.PCURVE_S1.);
#9228 = CIRCLE('',#9229,0.75);
#9229 = AXIS2_PLACEMENT_3D('',#9230,#9231,#9232);
#9230 = CARTESIAN_POINT('',(3.,0.,0.));
#9231 = DIRECTION('',(-1.,0.,0.));
#9232 = DIRECTION('',(0.,2.2E-16,1.));
#9233 = PCURVE('',#8907,#9234);
#9234 = DEFINITIONAL_REPRESENTATION('',(#9235),#9239);
#9235 = LINE('',#9236,#9237);
#9236 = CARTESIAN_POINT('',(-6.28318530718,1.5));
#9237 = VECTOR('',#9238,1.);
#9238 = DIRECTION('',(1.,-0.));
#9239 = ( GEOMETRIC_REPRESENTATION_CONTEXT(2) 
PARAMETRIC_REPRESENTATION_CONTEXT() REPRESENTATION_CONTEXT('2D SPACE',''
  ) );
#9240 = PCURVE('',#9022,#9241);
#9241 = DEFINITIONAL_REPRESENTATION('',(#9242),#9250);
#9242 = ( BOUNDED_CURVE() B_SPLINE_CURVE(2,(#9243,#9244,#9245,#9246,
#9247,#9248,#9249),.UNSPECIFIED.,.T.,.F.) B_SPLINE_CURVE_WITH_KNOTS((1,2
    ,2,2,2,1),(-2.094395102393,0.,2.094395102393,4.188790204786,
6.28318530718,8.377580409573),.UNSPECIFIED.) CURVE() 
GEOMETRIC_REPRESENTATION_ITEM() RATIONAL_B_SPLINE_CURVE((1.,0.5,1.,0.5,
1.,0.5,1.)) REPRESENTATION_ITEM('') );
#9243 = CARTESIAN_POINT('',(7.5E-02,-25.95577376812));
#9244 = CARTESIAN_POINT('',(-1.224038105677,-25.95577376812));
#9245 = CARTESIAN_POINT('',(-0.574519052838,-24.83077376812));
#9246 = CARTESIAN_POINT('',(7.5E-02,-23.70577376812));
#9247 = CARTESIAN_POINT('',(0.724519052838,-24.83077376812));
#9248 = CARTESIAN_POINT('',(1.374038105677,-25.95577376812));
#9249 = CARTESIAN_POINT('',(7.5E-02,-25.95577376812));
#9250 = ( GEOMETRIC_REPRESENTATION_CONTEXT(2) 
PARAMETRIC_REPRESENTATION_CONTEXT() REPRESENTATION_CONTEXT('2D SPACE',''
  ) );
#9251 = ADVANCED_FACE('',(#9252),#8962,.F.);
#9252 = FACE_BOUND('',#9253,.T.);
#9253 = EDGE_LOOP('',(#9254,#9255,#9278));
#9254 = ORIENTED_EDGE('',*,*,#8947,.T.);
#9255 = ORIENTED_EDGE('',*,*,#9256,.T.);
#9256 = EDGE_CURVE('',#8925,#9257,#9259,.T.);
#9257 = VERTEX_POINT('',#9258);
#9258 = CARTESIAN_POINT('',(10.3,0.,0.));
#9259 = SEAM_CURVE('',#9260,(#9264,#9271),.PCURVE_S1.);
#9260 = LINE('',#9261,#9262);
#9261 = CARTESIAN_POINT('',(10.539269244248,-1.E-16,0.45));
#9262 = VECTOR('',#9263,1.);
#9263 = DIRECTION('',(-0.469471562786,2.E-16,-0.882947592859));
#9264 = PCURVE('',#8962,#9265);
#9265 = DEFINITIONAL_REPRESENTATION('',(#9266),#9270);
#9266 = LINE('',#9267,#9268);
#9267 = CARTESIAN_POINT('',(0.,-0.));
#9268 = VECTOR('',#9269,1.);
#9269 = DIRECTION('',(0.,-1.));
#9270 = ( GEOMETRIC_REPRESENTATION_CONTEXT(2) 
PARAMETRIC_REPRESENTATION_CONTEXT() REPRESENTATION_CONTEXT('2D SPACE',''
  ) );
#9271 = PCURVE('',#8962,#9272);
#9272 = DEFINITIONAL_REPRESENTATION('',(#9273),#9277);
#9273 = LINE('',#9274,#9275);
#9274 = CARTESIAN_POINT('',(6.28318530718,-0.));
#9275 = VECTOR('',#9276,1.);
#9276 = DIRECTION('',(0.,-1.));
#9277 = ( GEOMETRIC_REPRESENTATION_CONTEXT(2) 
PARAMETRIC_REPRESENTATION_CONTEXT() REPRESENTATION_CONTEXT('2D SPACE',''
  ) );
#9278 = ORIENTED_EDGE('',*,*,#9256,.F.);
#9279 = ADVANCED_FACE('',(#9280),#9022,.F.);
#9280 = FACE_BOUND('',#9281,.F.);
#9281 = EDGE_LOOP('',(#9282,#9283,#9304,#9305,#9306));
#9282 = ORIENTED_EDGE('',*,*,#9118,.F.);
#9283 = ORIENTED_EDGE('',*,*,#9284,.T.);
#9284 = EDGE_CURVE('',#9096,#9006,#9285,.T.);
#9285 = SURFACE_CURVE('',#9286,(#9290,#9297),.PCURVE_S1.);
#9286 = LINE('',#9287,#9288);
#9287 = CARTESIAN_POINT('',(3.,7.499999999999E-02,-25.20577376812));
#9288 = VECTOR('',#9289,1.);
#9289 = DIRECTION('',(0.,2.2E-16,1.));
#9290 = PCURVE('',#9022,#9291);
#9291 = DEFINITIONAL_REPRESENTATION('',(#9292),#9296);
#9292 = LINE('',#9293,#9294);
#9293 = CARTESIAN_POINT('',(0.,0.));
#9294 = VECTOR('',#9295,1.);
#9295 = DIRECTION('',(0.,-1.));
#9296 = ( GEOMETRIC_REPRESENTATION_CONTEXT(2) 
PARAMETRIC_REPRESENTATION_CONTEXT() REPRESENTATION_CONTEXT('2D SPACE',''
  ) );
#9297 = PCURVE('',#9054,#9298);
#9298 = DEFINITIONAL_REPRESENTATION('',(#9299),#9303);
#9299 = LINE('',#9300,#9301);
#9300 = CARTESIAN_POINT('',(10.,0.));
#9301 = VECTOR('',#9302,1.);
#9302 = DIRECTION('',(0.,-1.));
#9303 = ( GEOMETRIC_REPRESENTATION_CONTEXT(2) 
PARAMETRIC_REPRESENTATION_CONTEXT() REPRESENTATION_CONTEXT('2D SPACE',''
  ) );
#9304 = ORIENTED_EDGE('',*,*,#9005,.F.);
#9305 = ORIENTED_EDGE('',*,*,#9226,.F.);
#9306 = ORIENTED_EDGE('',*,*,#9307,.F.);
#9307 = EDGE_CURVE('',#9119,#9204,#9308,.T.);
#9308 = SURFACE_CURVE('',#9309,(#9313,#9320),.PCURVE_S1.);
#9309 = LINE('',#9310,#9311);
#9310 = CARTESIAN_POINT('',(3.,-7.500000000001E-02,-25.20577376812));
#9311 = VECTOR('',#9312,1.);
#9312 = DIRECTION('',(0.,2.2E-16,1.));
#9313 = PCURVE('',#9022,#9314);
#9314 = DEFINITIONAL_REPRESENTATION('',(#9315),#9319);
#9315 = LINE('',#9316,#9317);
#9316 = CARTESIAN_POINT('',(0.15,3.3E-17));
#9317 = VECTOR('',#9318,1.);
#9318 = DIRECTION('',(0.,-1.));
#9319 = ( GEOMETRIC_REPRESENTATION_CONTEXT(2) 
PARAMETRIC_REPRESENTATION_CONTEXT() REPRESENTATION_CONTEXT('2D SPACE',''
  ) );
#9320 = PCURVE('',#9162,#9321);
#9321 = DEFINITIONAL_REPRESENTATION('',(#9322),#9326);
#9322 = LINE('',#9323,#9324);
#9323 = CARTESIAN_POINT('',(0.,-0.));
#9324 = VECTOR('',#9325,1.);
#9325 = DIRECTION('',(0.,-1.));
#9326 = ( GEOMETRIC_REPRESENTATION_CONTEXT(2) 
PARAMETRIC_REPRESENTATION_CONTEXT() REPRESENTATION_CONTEXT('2D SPACE',''
  ) );
#9327 = ADVANCED_FACE('',(#9328),#9162,.F.);
#9328 = FACE_BOUND('',#9329,.F.);
#9329 = EDGE_LOOP('',(#9330,#9331,#9332,#9333));
#9330 = ORIENTED_EDGE('',*,*,#9146,.F.);
#9331 = ORIENTED_EDGE('',*,*,#9307,.T.);
#9332 = ORIENTED_EDGE('',*,*,#9203,.T.);
#9333 = ORIENTED_EDGE('',*,*,#9334,.T.);
#9334 = EDGE_CURVE('',#9175,#9147,#9335,.T.);
#9335 = SURFACE_CURVE('',#9336,(#9341,#9348),.PCURVE_S1.);
#9336 = CIRCLE('',#9337,0.74624057783);
#9337 = AXIS2_PLACEMENT_3D('',#9338,#9339,#9340);
#9338 = CARTESIAN_POINT('',(-6.25,-7.5E-02,2.E-17));
#9339 = DIRECTION('',(0.,-1.,2.2E-16));
#9340 = DIRECTION('',(0.,-2.2E-16,-1.));
#9341 = PCURVE('',#9162,#9342);
#9342 = DEFINITIONAL_REPRESENTATION('',(#9343),#9347);
#9343 = CIRCLE('',#9344,0.74624057783);
#9344 = AXIS2_PLACEMENT_2D('',#9345,#9346);
#9345 = CARTESIAN_POINT('',(9.25,-25.20577376812));
#9346 = DIRECTION('',(-0.,1.));
#9347 = ( GEOMETRIC_REPRESENTATION_CONTEXT(2) 
PARAMETRIC_REPRESENTATION_CONTEXT() REPRESENTATION_CONTEXT('2D SPACE',''
  ) );
#9348 = PCURVE('',#9191,#9349);
#9349 = DEFINITIONAL_REPRESENTATION('',(#9350),#9430);
#9350 = B_SPLINE_CURVE_WITH_KNOTS('',8,(#9351,#9352,#9353,#9354,#9355,
    #9356,#9357,#9358,#9359,#9360,#9361,#9362,#9363,#9364,#9365,#9366,
    #9367,#9368,#9369,#9370,#9371,#9372,#9373,#9374,#9375,#9376,#9377,
    #9378,#9379,#9380,#9381,#9382,#9383,#9384,#9385,#9386,#9387,#9388,
    #9389,#9390,#9391,#9392,#9393,#9394,#9395,#9396,#9397,#9398,#9399,
    #9400,#9401,#9402,#9403,#9404,#9405,#9406,#9407,#9408,#9409,#9410,
    #9411,#9412,#9413,#9414,#9415,#9416,#9417,#9418,#9419,#9420,#9421,
    #9422,#9423,#9424,#9425,#9426,#9427,#9428,#9429),.UNSPECIFIED.,.F.,
  .F.,(9,7,7,7,7,7,7,7,7,7,7,9),(3.14159265359,3.926990816987,
    4.221515128261,4.479223900626,4.591971488536,4.697672352201,
    4.747219632044,4.84321748674,5.023213464295,5.338206425016,
    5.810695866098,6.28318530718),.UNSPECIFIED.);
#9351 = CARTESIAN_POINT('',(-0.100167421162,0.));
#9352 = CARTESIAN_POINT('',(-0.100167421162,9.768266321338E-02));
#9353 = CARTESIAN_POINT('',(-0.101264314317,0.195365279074));
#9354 = CARTESIAN_POINT('',(-0.103450413802,0.293033907618));
#9355 = CARTESIAN_POINT('',(-0.106867452724,0.390672590254));
#9356 = CARTESIAN_POINT('',(-0.111663285179,0.488267466068));
#9357 = CARTESIAN_POINT('',(-0.118374548364,0.585786436152));
#9358 = CARTESIAN_POINT('',(-0.127510479288,0.683200197324));
#9359 = CARTESIAN_POINT('',(-0.14631723199,0.816847286086));
#9360 = CARTESIAN_POINT('',(-0.152084967969,0.853266137919));
#9361 = CARTESIAN_POINT('',(-0.158605332573,0.889648670018));
#9362 = CARTESIAN_POINT('',(-0.166019646518,0.92598756127));
#9363 = CARTESIAN_POINT('',(-0.174528261418,0.962272432921));
#9364 = CARTESIAN_POINT('',(-0.184397119169,0.998489572223));
#9365 = CARTESIAN_POINT('',(-0.196012725097,1.034619068739));
#9366 = CARTESIAN_POINT('',(-0.222349690214,1.102130846581));
#9367 = CARTESIAN_POINT('',(-0.236502493906,1.13354190059));
#9368 = CARTESIAN_POINT('',(-0.252969507186,1.164835380227));
#9369 = CARTESIAN_POINT('',(-0.272423378026,1.195974667892));
#9370 = CARTESIAN_POINT('',(-0.295709865215,1.226918901194));
#9371 = CARTESIAN_POINT('',(-0.324425306913,1.257577269397));
#9372 = CARTESIAN_POINT('',(-0.360671843902,1.287845796003));
#9373 = CARTESIAN_POINT('',(-0.431992935721,1.330309660862));
#9374 = CARTESIAN_POINT('',(-0.456259381129,1.343093986262));
#9375 = CARTESIAN_POINT('',(-0.483568605952,1.355710421512));
#9376 = CARTESIAN_POINT('',(-0.514567195999,1.368121608958));
#9377 = CARTESIAN_POINT('',(-0.550054612712,1.380277232602));
#9378 = CARTESIAN_POINT('',(-0.591137706824,1.392107549282));
#9379 = CARTESIAN_POINT('',(-0.639369549995,1.403509260736));
#9380 = CARTESIAN_POINT('',(-0.750430696068,1.42445217143));
#9381 = CARTESIAN_POINT('',(-0.812161243271,1.434064825951));
#9382 = CARTESIAN_POINT('',(-0.883440600958,1.443024215723));
#9383 = CARTESIAN_POINT('',(-0.966274537895,1.451138724615));
#9384 = CARTESIAN_POINT('',(-1.062143163079,1.458189471587));
#9385 = CARTESIAN_POINT('',(-1.173597298625,1.46380635678));
#9386 = CARTESIAN_POINT('',(-1.296715723275,1.46764294908));
#9387 = CARTESIAN_POINT('',(-1.485729832492,1.47045446328));
#9388 = CARTESIAN_POINT('',(-1.547277408211,1.470929266759));
#9389 = CARTESIAN_POINT('',(-1.609421423702,1.470966683275));
#9390 = CARTESIAN_POINT('',(-1.671416973561,1.470560514943));
#9391 = CARTESIAN_POINT('',(-1.732488865192,1.469716809213));
#9392 = CARTESIAN_POINT('',(-1.791962922552,1.468452701719));
#9393 = CARTESIAN_POINT('',(-1.84935625206,1.466792765729));
#9394 = CARTESIAN_POINT('',(-2.010874722517,1.460836428516));
#9395 = CARTESIAN_POINT('',(-2.108371256354,1.45552738233));
#9396 = CARTESIAN_POINT('',(-2.194443013202,1.44904175278));
#9397 = CARTESIAN_POINT('',(-2.269132566576,1.441640040192));
#9398 = CARTESIAN_POINT('',(-2.334274429771,1.433524613881));
#9399 = CARTESIAN_POINT('',(-2.391129465767,1.42484174144));
#9400 = CARTESIAN_POINT('',(-2.441068932753,1.415704929121));
#9401 = CARTESIAN_POINT('',(-2.567828256195,1.388375541322));
#9402 = CARTESIAN_POINT('',(-2.629937106777,1.36925467075));
#9403 = CARTESIAN_POINT('',(-2.678685460029,1.349398809028));
#9404 = CARTESIAN_POINT('',(-2.718479499477,1.32903515127));
#9405 = CARTESIAN_POINT('',(-2.751443958337,1.308309898075));
#9406 = CARTESIAN_POINT('',(-2.779381445942,1.287312146709));
#9407 = CARTESIAN_POINT('',(-2.803324838882,1.266103922493));
#9408 = CARTESIAN_POINT('',(-2.860450194454,1.207322721294));
#9409 = CARTESIAN_POINT('',(-2.88708669787,1.169405920265));
#9410 = CARTESIAN_POINT('',(-2.908293539114,1.131212130427));
#9411 = CARTESIAN_POINT('',(-2.92550578157,1.092813055232));
#9412 = CARTESIAN_POINT('',(-2.939918929391,1.054273148128));
#9413 = CARTESIAN_POINT('',(-2.952113581385,1.015621090283));
#9414 = CARTESIAN_POINT('',(-2.962588548645,0.97688321748));
#9415 = CARTESIAN_POINT('',(-2.985289179229,0.879865617213));
#9416 = CARTESIAN_POINT('',(-2.995775071584,0.821499658139));
#9417 = CARTESIAN_POINT('',(-3.004243369361,0.763035996575));
#9418 = CARTESIAN_POINT('',(-3.011197864867,0.704500752576));
#9419 = CARTESIAN_POINT('',(-3.01696653995,0.645911231584));
#9420 = CARTESIAN_POINT('',(-3.021797176229,0.587280819289));
#9421 = CARTESIAN_POINT('',(-3.025834027239,0.528617711912));
#9422 = CARTESIAN_POINT('',(-3.032562558386,0.411240656463));
#9423 = CARTESIAN_POINT('',(-3.035253494441,0.352526669944));
#9424 = CARTESIAN_POINT('',(-3.037385458686,0.293794132295));
#9425 = CARTESIAN_POINT('',(-3.039030810181,0.235048038369));
#9426 = CARTESIAN_POINT('',(-3.040235474277,0.176292287223));
#9427 = CARTESIAN_POINT('',(-3.041028446078,0.117530256225));
#9428 = CARTESIAN_POINT('',(-3.041425232428,5.876513225523E-02));
#9429 = CARTESIAN_POINT('',(-3.041425232428,0.));
#9430 = ( GEOMETRIC_REPRESENTATION_CONTEXT(2) 
PARAMETRIC_REPRESENTATION_CONTEXT() REPRESENTATION_CONTEXT('2D SPACE',''
  ) );
#9431 = ADVANCED_FACE('',(#9432),#9191,.T.);
#9432 = FACE_BOUND('',#9433,.F.);
#9433 = EDGE_LOOP('',(#9434,#9435));
#9434 = ORIENTED_EDGE('',*,*,#9334,.F.);
#9435 = ORIENTED_EDGE('',*,*,#9174,.T.);
#9436 = ADVANCED_FACE('',(#9437),#9054,.F.);
#9437 = FACE_BOUND('',#9438,.F.);
#9438 = EDGE_LOOP('',(#9439,#9440,#9441,#9539));
#9439 = ORIENTED_EDGE('',*,*,#9284,.F.);
#9440 = ORIENTED_EDGE('',*,*,#9095,.T.);
#9441 = ORIENTED_EDGE('',*,*,#9442,.T.);
#9442 = EDGE_CURVE('',#9067,#9039,#9443,.T.);
#9443 = SURFACE_CURVE('',#9444,(#9449,#9456),.PCURVE_S1.);
#9444 = CIRCLE('',#9445,0.74624057783);
#9445 = AXIS2_PLACEMENT_3D('',#9446,#9447,#9448);
#9446 = CARTESIAN_POINT('',(-6.25,7.5E-02,-2.E-17));
#9447 = DIRECTION('',(0.,1.,-2.2E-16));
#9448 = DIRECTION('',(0.,2.2E-16,1.));
#9449 = PCURVE('',#9054,#9450);
#9450 = DEFINITIONAL_REPRESENTATION('',(#9451),#9455);
#9451 = CIRCLE('',#9452,0.74624057783);
#9452 = AXIS2_PLACEMENT_2D('',#9453,#9454);
#9453 = CARTESIAN_POINT('',(0.75,-25.20577376812));
#9454 = DIRECTION('',(0.,-1.));
#9455 = ( GEOMETRIC_REPRESENTATION_CONTEXT(2) 
PARAMETRIC_REPRESENTATION_CONTEXT() REPRESENTATION_CONTEXT('2D SPACE',''
  ) );
#9456 = PCURVE('',#9083,#9457);
#9457 = DEFINITIONAL_REPRESENTATION('',(#9458),#9538);
#9458 = B_SPLINE_CURVE_WITH_KNOTS('',8,(#9459,#9460,#9461,#9462,#9463,
    #9464,#9465,#9466,#9467,#9468,#9469,#9470,#9471,#9472,#9473,#9474,
    #9475,#9476,#9477,#9478,#9479,#9480,#9481,#9482,#9483,#9484,#9485,
    #9486,#9487,#9488,#9489,#9490,#9491,#9492,#9493,#9494,#9495,#9496,
    #9497,#9498,#9499,#9500,#9501,#9502,#9503,#9504,#9505,#9506,#9507,
    #9508,#9509,#9510,#9511,#9512,#9513,#9514,#9515,#9516,#9517,#9518,
    #9519,#9520,#9521,#9522,#9523,#9524,#9525,#9526,#9527,#9528,#9529,
    #9530,#9531,#9532,#9533,#9534,#9535,#9536,#9537),.UNSPECIFIED.,.F.,
  .F.,(9,7,7,7,7,7,7,7,7,7,7,9),(3.14159265359,3.926990816987,
    4.221515128261,4.479223900626,4.591971488536,4.697672352201,
    4.747219632044,4.84321748674,5.023213464295,5.338206425016,
    5.810695866098,6.28318530718),.UNSPECIFIED.);
#9459 = CARTESIAN_POINT('',(-3.241760074751,0.));
#9460 = CARTESIAN_POINT('',(-3.241760074751,9.768266321338E-02));
#9461 = CARTESIAN_POINT('',(-3.242856967905,0.195365279074));
#9462 = CARTESIAN_POINT('',(-3.245043067383,0.293033907618));
#9463 = CARTESIAN_POINT('',(-3.24846010631,0.390672590254));
#9464 = CARTESIAN_POINT('',(-3.253255938767,0.488267466068));
#9465 = CARTESIAN_POINT('',(-3.259967201951,0.585786436152));
#9466 = CARTESIAN_POINT('',(-3.269103132878,0.683200197324));
#9467 = CARTESIAN_POINT('',(-3.28790988558,0.816847286086));
#9468 = CARTESIAN_POINT('',(-3.293677621559,0.853266137919));
#9469 = CARTESIAN_POINT('',(-3.300197986162,0.889648670018));
#9470 = CARTESIAN_POINT('',(-3.307612300107,0.92598756127));
#9471 = CARTESIAN_POINT('',(-3.316120915008,0.962272432921));
#9472 = CARTESIAN_POINT('',(-3.325989772758,0.998489572223));
#9473 = CARTESIAN_POINT('',(-3.337605378687,1.034619068739));
#9474 = CARTESIAN_POINT('',(-3.363942343804,1.102130846581));
#9475 = CARTESIAN_POINT('',(-3.378095147496,1.13354190059));
#9476 = CARTESIAN_POINT('',(-3.394562160778,1.164835380227));
#9477 = CARTESIAN_POINT('',(-3.4140160316,1.195974667892));
#9478 = CARTESIAN_POINT('',(-3.437302518805,1.226918901194));
#9479 = CARTESIAN_POINT('',(-3.4660179605,1.257577269397));
#9480 = CARTESIAN_POINT('',(-3.502264497491,1.287845796003));
#9481 = CARTESIAN_POINT('',(-3.57358558931,1.330309660862));
#9482 = CARTESIAN_POINT('',(-3.597852034718,1.343093986262));
#9483 = CARTESIAN_POINT('',(-3.625161259541,1.355710421512));
#9484 = CARTESIAN_POINT('',(-3.656159849588,1.368121608958));
#9485 = CARTESIAN_POINT('',(-3.691647266301,1.380277232602));
#9486 = CARTESIAN_POINT('',(-3.732730360414,1.392107549282));
#9487 = CARTESIAN_POINT('',(-3.780962203585,1.403509260736));
#9488 = CARTESIAN_POINT('',(-3.892023349658,1.42445217143));
#9489 = CARTESIAN_POINT('',(-3.953753896861,1.434064825951));
#9490 = CARTESIAN_POINT('',(-4.025033254538,1.443024215723));
#9491 = CARTESIAN_POINT('',(-4.107867191477,1.451138724615));
#9492 = CARTESIAN_POINT('',(-4.203735816674,1.458189471587));
#9493 = CARTESIAN_POINT('',(-4.315189952216,1.46380635678));
#9494 = CARTESIAN_POINT('',(-4.438308376865,1.46764294908));
#9495 = CARTESIAN_POINT('',(-4.627322486082,1.47045446328));
#9496 = CARTESIAN_POINT('',(-4.6888700618,1.470929266759));
#9497 = CARTESIAN_POINT('',(-4.751014077292,1.470966683275));
#9498 = CARTESIAN_POINT('',(-4.81300962715,1.470560514943));
#9499 = CARTESIAN_POINT('',(-4.874081518781,1.469716809213));
#9500 = CARTESIAN_POINT('',(-4.933555576142,1.468452701719));
#9501 = CARTESIAN_POINT('',(-4.990948905649,1.466792765729));
#9502 = CARTESIAN_POINT('',(-5.152467376107,1.460836428516));
#9503 = CARTESIAN_POINT('',(-5.249963909938,1.45552738233));
#9504 = CARTESIAN_POINT('',(-5.336035666784,1.44904175278));
#9505 = CARTESIAN_POINT('',(-5.410725220176,1.441640040192));
#9506 = CARTESIAN_POINT('',(-5.475867083351,1.433524613881));
#9507 = CARTESIAN_POINT('',(-5.532722119357,1.42484174144));
#9508 = CARTESIAN_POINT('',(-5.582661586343,1.415704929121));
#9509 = CARTESIAN_POINT('',(-5.709420909785,1.388375541322));
#9510 = CARTESIAN_POINT('',(-5.771529760365,1.36925467075));
#9511 = CARTESIAN_POINT('',(-5.820278113624,1.349398809028));
#9512 = CARTESIAN_POINT('',(-5.860072153027,1.32903515127));
#9513 = CARTESIAN_POINT('',(-5.893036611928,1.308309898075));
#9514 = CARTESIAN_POINT('',(-5.92097409953,1.287312146709));
#9515 = CARTESIAN_POINT('',(-5.944917492471,1.266103922493));
#9516 = CARTESIAN_POINT('',(-6.002042848044,1.207322721294));
#9517 = CARTESIAN_POINT('',(-6.028679351459,1.169405920265));
#9518 = CARTESIAN_POINT('',(-6.049886192704,1.131212130427));
#9519 = CARTESIAN_POINT('',(-6.067098435145,1.092813055232));
#9520 = CARTESIAN_POINT('',(-6.081511582972,1.054273148128));
#9521 = CARTESIAN_POINT('',(-6.093706234972,1.015621090283));
#9522 = CARTESIAN_POINT('',(-6.104181202235,0.97688321748));
#9523 = CARTESIAN_POINT('',(-6.126881832819,0.879865617213));
#9524 = CARTESIAN_POINT('',(-6.137367725173,0.821499658139));
#9525 = CARTESIAN_POINT('',(-6.14583602295,0.763035996575));
#9526 = CARTESIAN_POINT('',(-6.152790518457,0.704500752576));
#9527 = CARTESIAN_POINT('',(-6.158559193541,0.645911231584));
#9528 = CARTESIAN_POINT('',(-6.16338982982,0.587280819289));
#9529 = CARTESIAN_POINT('',(-6.167426680829,0.528617711912));
#9530 = CARTESIAN_POINT('',(-6.174155211975,0.411240656463));
#9531 = CARTESIAN_POINT('',(-6.176846148031,0.352526669944));
#9532 = CARTESIAN_POINT('',(-6.178978112275,0.293794132295));
#9533 = CARTESIAN_POINT('',(-6.180623463771,0.235048038369));
#9534 = CARTESIAN_POINT('',(-6.181828127867,0.176292287223));
#9535 = CARTESIAN_POINT('',(-6.182621099668,0.117530256225));
#9536 = CARTESIAN_POINT('',(-6.183017886018,5.876513225523E-02));
#9537 = CARTESIAN_POINT('',(-6.183017886018,0.));
#9538 = ( GEOMETRIC_REPRESENTATION_CONTEXT(2) 
PARAMETRIC_REPRESENTATION_CONTEXT() REPRESENTATION_CONTEXT('2D SPACE',''
  ) );
#9539 = ORIENTED_EDGE('',*,*,#9038,.F.);
#9540 = ADVANCED_FACE('',(#9541),#9083,.T.);
#9541 = FACE_BOUND('',#9542,.F.);
#9542 = EDGE_LOOP('',(#9543,#9544));
#9543 = ORIENTED_EDGE('',*,*,#9066,.T.);
#9544 = ORIENTED_EDGE('',*,*,#9442,.F.);
#9545 = ( GEOMETRIC_REPRESENTATION_CONTEXT(3) 
GLOBAL_UNCERTAINTY_ASSIGNED_CONTEXT((#9549)) 
GLOBAL_UNIT_ASSIGNED_CONTEXT((#9546,#9547,#9548)) REPRESENTATION_CONTEXT
('Context #1','3D Context with UNIT and UNCERTAINTY') );
#9546 = ( LENGTH_UNIT() NAMED_UNIT(*) SI_UNIT(.MILLI.,.METRE.) );
#9547 = ( NAMED_UNIT(*) PLANE_ANGLE_UNIT() SI_UNIT($,.RADIAN.) );
#9548 = ( NAMED_UNIT(*) SI_UNIT($,.STERADIAN.) SOLID_ANGLE_UNIT() );
#9549 = UNCERTAINTY_MEASURE_WITH_UNIT(LENGTH_MEASURE(5.E-06),#9546,
  'distance_accuracy_value','confusion accuracy');
#9550 = CONTEXT_DEPENDENT_SHAPE_REPRESENTATION(#9551,#9553);
#9551 = ( REPRESENTATION_RELATIONSHIP('','',#8017,#7958) 
REPRESENTATION_RELATIONSHIP_WITH_TRANSFORMATION(#9552) 
SHAPE_REPRESENTATION_RELATIONSHIP() );
#9552 = ITEM_DEFINED_TRANSFORMATION('','',#11,#7959);
#9553 = PRODUCT_DEFINITION_SHAPE('Placement','Placement of an item',
  #9554);
#9554 = NEXT_ASSEMBLY_USAGE_OCCURRENCE('299','0','',#7953,#8012,$);
#9555 = PRODUCT_RELATED_PRODUCT_CATEGORY('part',$,(#8014));
#9556 = CONTEXT_DEPENDENT_SHAPE_REPRESENTATION(#9557,#9559);
#9557 = ( REPRESENTATION_RELATIONSHIP('','',#8017,#7958) 
REPRESENTATION_RELATIONSHIP_WITH_TRANSFORMATION(#9558) 
SHAPE_REPRESENTATION_RELATIONSHIP() );
#9558 = ITEM_DEFINED_TRANSFORMATION('','',#11,#7963);
#9559 = PRODUCT_DEFINITION_SHAPE('Placement','Placement of an item',
  #9560);
#9560 = NEXT_ASSEMBLY_USAGE_OCCURRENCE('300','1','',#7953,#8012,$);
#9561 = CONTEXT_DEPENDENT_SHAPE_REPRESENTATION(#9562,#9564);
#9562 = ( REPRESENTATION_RELATIONSHIP('','',#8017,#7958) 
REPRESENTATION_RELATIONSHIP_WITH_TRANSFORMATION(#9563) 
SHAPE_REPRESENTATION_RELATIONSHIP() );
#9563 = ITEM_DEFINED_TRANSFORMATION('','',#11,#7967);
#9564 = PRODUCT_DEFINITION_SHAPE('Placement','Placement of an item',
  #9565);
#9565 = NEXT_ASSEMBLY_USAGE_OCCURRENCE('301','2','',#7953,#8012,$);
#9566 = CONTEXT_DEPENDENT_SHAPE_REPRESENTATION(#9567,#9569);
#9567 = ( REPRESENTATION_RELATIONSHIP('','',#8017,#7958) 
REPRESENTATION_RELATIONSHIP_WITH_TRANSFORMATION(#9568) 
SHAPE_REPRESENTATION_RELATIONSHIP() );
#9568 = ITEM_DEFINED_TRANSFORMATION('','',#11,#7971);
#9569 = PRODUCT_DEFINITION_SHAPE('Placement','Placement of an item',
  #9570);
#9570 = NEXT_ASSEMBLY_USAGE_OCCURRENCE('302','3','',#7953,#8012,$);
#9571 = CONTEXT_DEPENDENT_SHAPE_REPRESENTATION(#9572,#9574);
#9572 = ( REPRESENTATION_RELATIONSHIP('','',#8017,#7958) 
REPRESENTATION_RELATIONSHIP_WITH_TRANSFORMATION(#9573) 
SHAPE_REPRESENTATION_RELATIONSHIP() );
#9573 = ITEM_DEFINED_TRANSFORMATION('','',#11,#7975);
#9574 = PRODUCT_DEFINITION_SHAPE('Placement','Placement of an item',
  #9575);
#9575 = NEXT_ASSEMBLY_USAGE_OCCURRENCE('303','4','',#7953,#8012,$);
#9576 = CONTEXT_DEPENDENT_SHAPE_REPRESENTATION(#9577,#9579);
#9577 = ( REPRESENTATION_RELATIONSHIP('','',#8017,#7958) 
REPRESENTATION_RELATIONSHIP_WITH_TRANSFORMATION(#9578) 
SHAPE_REPRESENTATION_RELATIONSHIP() );
#9578 = ITEM_DEFINED_TRANSFORMATION('','',#11,#7979);
#9579 = PRODUCT_DEFINITION_SHAPE('Placement','Placement of an item',
  #9580);
#9580 = NEXT_ASSEMBLY_USAGE_OCCURRENCE('304','5','',#7953,#8012,$);
#9581 = CONTEXT_DEPENDENT_SHAPE_REPRESENTATION(#9582,#9584);
#9582 = ( REPRESENTATION_RELATIONSHIP('','',#8017,#7958) 
REPRESENTATION_RELATIONSHIP_WITH_TRANSFORMATION(#9583) 
SHAPE_REPRESENTATION_RELATIONSHIP() );
#9583 = ITEM_DEFINED_TRANSFORMATION('','',#11,#7983);
#9584 = PRODUCT_DEFINITION_SHAPE('Placement','Placement of an item',
  #9585);
#9585 = NEXT_ASSEMBLY_USAGE_OCCURRENCE('305','6','',#7953,#8012,$);
#9586 = CONTEXT_DEPENDENT_SHAPE_REPRESENTATION(#9587,#9589);
#9587 = ( REPRESENTATION_RELATIONSHIP('','',#8017,#7958) 
REPRESENTATION_RELATIONSHIP_WITH_TRANSFORMATION(#9588) 
SHAPE_REPRESENTATION_RELATIONSHIP() );
#9588 = ITEM_DEFINED_TRANSFORMATION('','',#11,#7987);
#9589 = PRODUCT_DEFINITION_SHAPE('Placement','Placement of an item',
  #9590);
#9590 = NEXT_ASSEMBLY_USAGE_OCCURRENCE('306','7','',#7953,#8012,$);
#9591 = CONTEXT_DEPENDENT_SHAPE_REPRESENTATION(#9592,#9594);
#9592 = ( REPRESENTATION_RELATIONSHIP('','',#8017,#7958) 
REPRESENTATION_RELATIONSHIP_WITH_TRANSFORMATION(#9593) 
SHAPE_REPRESENTATION_RELATIONSHIP() );
#9593 = ITEM_DEFINED_TRANSFORMATION('','',#11,#7991);
#9594 = PRODUCT_DEFINITION_SHAPE('Placement','Placement of an item',
  #9595);
#9595 = NEXT_ASSEMBLY_USAGE_OCCURRENCE('307','8','',#7953,#8012,$);
#9596 = CONTEXT_DEPENDENT_SHAPE_REPRESENTATION(#9597,#9599);
#9597 = ( REPRESENTATION_RELATIONSHIP('','',#8017,#7958) 
REPRESENTATION_RELATIONSHIP_WITH_TRANSFORMATION(#9598) 
SHAPE_REPRESENTATION_RELATIONSHIP() );
#9598 = ITEM_DEFINED_TRANSFORMATION('','',#11,#7995);
#9599 = PRODUCT_DEFINITION_SHAPE('Placement','Placement of an item',
  #9600);
#9600 = NEXT_ASSEMBLY_USAGE_OCCURRENCE('308','9','',#7953,#8012,$);
#9601 = MECHANICAL_DESIGN_GEOMETRIC_PRESENTATION_REPRESENTATION('',(
    #9602),#7920);
#9602 = STYLED_ITEM('color',(#9603),#6393);
#9603 = PRESENTATION_STYLE_ASSIGNMENT((#9604,#9610));
#9604 = SURFACE_STYLE_USAGE(.BOTH.,#9605);
#9605 = SURFACE_SIDE_STYLE('',(#9606));
#9606 = SURFACE_STYLE_FILL_AREA(#9607);
#9607 = FILL_AREA_STYLE('',(#9608));
#9608 = FILL_AREA_STYLE_COLOUR('',#9609);
#9609 = COLOUR_RGB('',0.917647049334,0.917647049334,0.917647049334);
#9610 = CURVE_STYLE('',#9611,POSITIVE_LENGTH_MEASURE(0.1),#9612);
#9611 = DRAUGHTING_PRE_DEFINED_CURVE_FONT('continuous');
#9612 = COLOUR_RGB('',9.803921802644E-02,9.803921802644E-02,
  9.803921802644E-02);
#9613 = MECHANICAL_DESIGN_GEOMETRIC_PRESENTATION_REPRESENTATION('',(
    #9614),#3255);
#9614 = STYLED_ITEM('color',(#9615),#1795);
#9615 = PRESENTATION_STYLE_ASSIGNMENT((#9616,#9621));
#9616 = SURFACE_STYLE_USAGE(.BOTH.,#9617);
#9617 = SURFACE_SIDE_STYLE('',(#9618));
#9618 = SURFACE_STYLE_FILL_AREA(#9619);
#9619 = FILL_AREA_STYLE('',(#9620));
#9620 = FILL_AREA_STYLE_COLOUR('',#9609);
#9621 = CURVE_STYLE('',#9622,POSITIVE_LENGTH_MEASURE(0.1),#9612);
#9622 = DRAUGHTING_PRE_DEFINED_CURVE_FONT('continuous');
#9623 = MECHANICAL_DESIGN_GEOMETRIC_PRESENTATION_REPRESENTATION('',(
    #9624),#4276);
#9624 = STYLED_ITEM('color',(#9625),#3274);
#9625 = PRESENTATION_STYLE_ASSIGNMENT((#9626,#9631));
#9626 = SURFACE_STYLE_USAGE(.BOTH.,#9627);
#9627 = SURFACE_SIDE_STYLE('',(#9628));
#9628 = SURFACE_STYLE_FILL_AREA(#9629);
#9629 = FILL_AREA_STYLE('',(#9630));
#9630 = FILL_AREA_STYLE_COLOUR('',#9609);
#9631 = CURVE_STYLE('',#9632,POSITIVE_LENGTH_MEASURE(0.1),#9612);
#9632 = DRAUGHTING_PRE_DEFINED_CURVE_FONT('continuous');
#9633 = MECHANICAL_DESIGN_GEOMETRIC_PRESENTATION_REPRESENTATION('',(
    #9634),#6335);
#9634 = STYLED_ITEM('color',(#9635),#4295);
#9635 = PRESENTATION_STYLE_ASSIGNMENT((#9636,#9641));
#9636 = SURFACE_STYLE_USAGE(.BOTH.,#9637);
#9637 = SURFACE_SIDE_STYLE('',(#9638));
#9638 = SURFACE_STYLE_FILL_AREA(#9639);
#9639 = FILL_AREA_STYLE('',(#9640));
#9640 = FILL_AREA_STYLE_COLOUR('',#9609);
#9641 = CURVE_STYLE('',#9642,POSITIVE_LENGTH_MEASURE(0.1),#9612);
#9642 = DRAUGHTING_PRE_DEFINED_CURVE_FONT('continuous');
#9643 = MECHANICAL_DESIGN_GEOMETRIC_PRESENTATION_REPRESENTATION('',(
    #9644),#1776);
#9644 = STYLED_ITEM('color',(#9645),#53);
#9645 = PRESENTATION_STYLE_ASSIGNMENT((#9646,#9652));
#9646 = SURFACE_STYLE_USAGE(.BOTH.,#9647);
#9647 = SURFACE_SIDE_STYLE('',(#9648));
#9648 = SURFACE_STYLE_FILL_AREA(#9649);
#9649 = FILL_AREA_STYLE('',(#9650));
#9650 = FILL_AREA_STYLE_COLOUR('',#9651);
#9651 = COLOUR_RGB('',0.227450982423,0.227450982423,0.227450982423);
#9652 = CURVE_STYLE('',#9653,POSITIVE_LENGTH_MEASURE(0.1),#9612);
#9653 = DRAUGHTING_PRE_DEFINED_CURVE_FONT('continuous');
#9654 = MECHANICAL_DESIGN_GEOMETRIC_PRESENTATION_REPRESENTATION('',(
    #9655),#9545);
#9655 = STYLED_ITEM('color',(#9656),#8018);
#9656 = PRESENTATION_STYLE_ASSIGNMENT((#9657,#9663));
#9657 = SURFACE_STYLE_USAGE(.BOTH.,#9658);
#9658 = SURFACE_SIDE_STYLE('',(#9659));
#9659 = SURFACE_STYLE_FILL_AREA(#9660);
#9660 = FILL_AREA_STYLE('',(#9661));
#9661 = FILL_AREA_STYLE_COLOUR('',#9662);
#9662 = COLOUR_RGB('',0.447058818107,0.474509808674,0.501960817233);
#9663 = CURVE_STYLE('',#9664,POSITIVE_LENGTH_MEASURE(0.1),#9612);
#9664 = DRAUGHTING_PRE_DEFINED_CURVE_FONT('continuous');
ENDSEC;
END-ISO-10303-21;
